datetime,datetime_nano,KQ.m@SHFE.fu.open,KQ.m@SHFE.fu.high,KQ.m@SHFE.fu.low,KQ.m@SHFE.fu.close,KQ.m@SHFE.fu.volume,KQ.m@SHFE.fu.open_oi,KQ.m@SHFE.fu.close_oi
2019-01-02 09:00:00.000000000,1546390800000000000,2404.0,2417.0,2388.0,2397.0,103573,169380,175664
2019-01-02 10:00:00.000000000,1546394400000000000,2397.0,2399.0,2372.0,2387.0,68164,175664,178675
2019-01-02 11:00:00.000000000,1546398000000000000,2387.0,2388.0,2377.0,2380.0,33811,178675,179298
2019-01-02 13:00:00.000000000,1546405200000000000,2375.0,2378.0,2358.0,2364.0,70701,179298,185633
2019-01-02 14:00:00.000000000,1546408800000000000,2364.0,2379.0,2363.0,2372.0,75947,185633,184811
2019-01-02 21:00:00.000000000,1546434000000000000,2372.0,2381.0,2367.0,2377.0,93197,184811,188357
2019-01-02 22:00:00.000000000,1546437600000000000,2377.0,2385.0,2365.0,2382.0,95018,188357,184506
2019-01-03 09:00:00.000000000,1546477200000000000,2401.0,2418.0,2389.0,2416.0,155500,184506,187583
2019-01-03 10:00:00.000000000,1546480800000000000,2416.0,2419.0,2406.0,2410.0,53431,187583,184253
2019-01-03 11:00:00.000000000,1546484400000000000,2410.0,2411.0,2404.0,2410.0,25371,184253,183667
2019-01-03 13:00:00.000000000,1546491600000000000,2405.0,2409.0,2398.0,2409.0,42718,183667,184151
2019-01-03 14:00:00.000000000,1546495200000000000,2409.0,2411.0,2403.0,2408.0,54450,184151,179834
2019-01-03 21:00:00.000000000,1546520400000000000,2437.0,2471.0,2435.0,2463.0,222265,179834,179755
2019-01-03 22:00:00.000000000,1546524000000000000,2463.0,2473.0,2440.0,2448.0,193709,179755,171546
2019-01-04 09:00:00.000000000,1546563600000000000,2452.0,2471.0,2450.0,2465.0,114892,171546,168414
2019-01-04 10:00:00.000000000,1546567200000000000,2465.0,2476.0,2464.0,2468.0,53452,168414,167191
2019-01-04 11:00:00.000000000,1546570800000000000,2468.0,2487.0,2467.0,2486.0,49969,167191,166300
2019-01-04 13:00:00.000000000,1546578000000000000,2486.0,2491.0,2481.0,2485.0,54245,166300,164996
2019-01-04 14:00:00.000000000,1546581600000000000,2485.0,2502.0,2483.0,2492.0,113387,164996,160298
2019-01-04 21:00:00.000000000,1546606800000000000,2502.0,2532.0,2483.0,2525.0,249707,160298,166026
2019-01-04 22:00:00.000000000,1546610400000000000,2525.0,2535.0,2514.0,2527.0,193300,166026,148667
2019-01-07 09:00:00.000000000,1546822800000000000,2528.0,2533.0,2504.0,2509.0,115397,148667,144811
2019-01-07 10:00:00.000000000,1546826400000000000,2509.0,2518.0,2509.0,2514.0,42534,144811,144689
2019-01-07 11:00:00.000000000,1546830000000000000,2514.0,2519.0,2510.0,2514.0,18561,144689,143806
2019-01-07 13:00:00.000000000,1546837200000000000,2515.0,2524.0,2513.0,2521.0,25159,143806,144268
2019-01-07 14:00:00.000000000,1546840800000000000,2521.0,2531.0,2516.0,2526.0,60231,144268,140772
2019-01-07 21:00:00.000000000,1546866000000000000,2527.0,2549.0,2525.0,2546.0,142519,140772,151683
2019-01-07 22:00:00.000000000,1546869600000000000,2546.0,2550.0,2528.0,2535.0,139733,151683,141159
2019-01-08 09:00:00.000000000,1546909200000000000,2529.0,2536.0,2493.0,2505.0,136083,141159,138238
2019-01-08 10:00:00.000000000,1546912800000000000,2505.0,2516.0,2502.0,2516.0,41831,138238,138473
2019-01-08 11:00:00.000000000,1546916400000000000,2516.0,2517.0,2510.0,2515.0,19671,138473,137848
2019-01-08 13:00:00.000000000,1546923600000000000,2513.0,2515.0,2506.0,2514.0,33365,137848,136903
2019-01-08 14:00:00.000000000,1546927200000000000,2514.0,2533.0,2513.0,2528.0,90727,136903,131388
2019-01-08 21:00:00.000000000,1546952400000000000,2537.0,2546.0,2531.0,2535.0,130175,131388,137995
2019-01-08 22:00:00.000000000,1546956000000000000,2535.0,2546.0,2529.0,2543.0,116871,137995,135536
2019-01-09 09:00:00.000000000,1546995600000000000,2566.0,2577.0,2558.0,2574.0,109833,135536,138808
2019-01-09 10:00:00.000000000,1546999200000000000,2574.0,2583.0,2567.0,2581.0,69097,138808,139298
2019-01-09 11:00:00.000000000,1547002800000000000,2581.0,2585.0,2575.0,2576.0,24041,139298,138817
2019-01-09 13:00:00.000000000,1547010000000000000,2578.0,2581.0,2575.0,2578.0,21926,138817,139857
2019-01-09 14:00:00.000000000,1547013600000000000,2578.0,2578.0,2562.0,2564.0,77111,139857,135340
2019-01-09 21:00:00.000000000,1547038800000000000,2578.0,2597.0,2568.0,2592.0,154476,135340,150908
2019-01-09 22:00:00.000000000,1547042400000000000,2592.0,2610.0,2588.0,2602.0,138011,150908,146917
2019-01-10 09:00:00.000000000,1547082000000000000,2618.0,2654.0,2601.0,2650.0,258370,146917,143240
2019-01-10 10:00:00.000000000,1547085600000000000,2650.0,2656.0,2636.0,2642.0,79308,143240,132985
2019-01-10 11:00:00.000000000,1547089200000000000,2642.0,2651.0,2638.0,2643.0,39702,132985,132407
2019-01-10 13:00:00.000000000,1547096400000000000,2640.0,2643.0,2633.0,2640.0,38203,132407,131539
2019-01-10 14:00:00.000000000,1547100000000000000,2640.0,2641.0,2631.0,2638.0,67964,131539,125254
2019-01-10 21:00:00.000000000,1547125200000000000,2648.0,2657.0,2618.0,2623.0,207341,125254,129516
2019-01-10 22:00:00.000000000,1547128800000000000,2623.0,2636.0,2623.0,2631.0,123348,129516,122712
2019-01-11 09:00:00.000000000,1547168400000000000,2644.0,2647.0,2631.0,2641.0,87956,122712,128672
2019-01-11 10:00:00.000000000,1547172000000000000,2641.0,2650.0,2640.0,2646.0,42360,128672,131413
2019-01-11 11:00:00.000000000,1547175600000000000,2646.0,2651.0,2643.0,2648.0,23407,131413,130952
2019-01-11 13:00:00.000000000,1547182800000000000,2648.0,2653.0,2644.0,2645.0,30351,130952,132301
2019-01-11 14:00:00.000000000,1547186400000000000,2645.0,2647.0,2638.0,2646.0,61008,132301,123356
2019-01-11 21:00:00.000000000,1547211600000000000,2639.0,2644.0,2607.0,2612.0,175128,123356,124501
2019-01-11 22:00:00.000000000,1547215200000000000,2612.0,2621.0,2600.0,2611.0,151870,124501,116828
2019-01-14 09:00:00.000000000,1547427600000000000,2617.0,2624.0,2605.0,2607.0,100889,116828,115689
2019-01-14 10:00:00.000000000,1547431200000000000,2607.0,2612.0,2590.0,2592.0,62824,115689,115053
2019-01-14 11:00:00.000000000,1547434800000000000,2592.0,2594.0,2579.0,2588.0,60420,115053,112022
2019-01-14 13:00:00.000000000,1547442000000000000,2590.0,2596.0,2587.0,2592.0,28099,112022,111690
2019-01-14 14:00:00.000000000,1547445600000000000,2592.0,2597.0,2578.0,2583.0,64490,111690,110225
2019-01-14 21:00:00.000000000,1547470800000000000,2591.0,2596.0,2576.0,2587.0,147281,110225,118416
2019-01-14 22:00:00.000000000,1547474400000000000,2587.0,2600.0,2586.0,2595.0,124978,118416,113749
2019-01-15 09:00:00.000000000,1547514000000000000,2583.0,2605.0,2575.0,2598.0,90036,113749,113305
2019-01-15 10:00:00.000000000,1547517600000000000,2598.0,2605.0,2595.0,2599.0,33235,113305,116319
2019-01-15 11:00:00.000000000,1547521200000000000,2599.0,2605.0,2598.0,2602.0,18944,116319,115227
2019-01-15 13:00:00.000000000,1547528400000000000,2601.0,2630.0,2601.0,2628.0,79457,115227,123841
2019-01-15 14:00:00.000000000,1547532000000000000,2628.0,2629.0,2615.0,2620.0,69518,123841,122306
2019-01-15 21:00:00.000000000,1547557200000000000,2623.0,2633.0,2616.0,2619.0,122343,122306,128773
2019-01-15 22:00:00.000000000,1547560800000000000,2619.0,2636.0,2613.0,2633.0,140684,128773,124264
2019-01-16 09:00:00.000000000,1547600400000000000,2637.0,2641.0,2620.0,2635.0,84539,124264,125116
2019-01-16 10:00:00.000000000,1547604000000000000,2635.0,2639.0,2629.0,2634.0,30776,125116,123743
2019-01-16 11:00:00.000000000,1547607600000000000,2634.0,2637.0,2631.0,2633.0,14754,123743,122702
2019-01-16 13:00:00.000000000,1547614800000000000,2637.0,2643.0,2632.0,2638.0,30488,122702,124301
2019-01-16 14:00:00.000000000,1547618400000000000,2638.0,2648.0,2635.0,2636.0,78625,124301,119549
2019-01-16 21:00:00.000000000,1547643600000000000,2615.0,2620.0,2595.0,2603.0,155031,119549,120156
2019-01-16 22:00:00.000000000,1547647200000000000,2603.0,2617.0,2599.0,2613.0,134145,120156,115522
2019-01-17 09:00:00.000000000,1547686800000000000,2612.0,2628.0,2606.0,2614.0,85981,115522,113423
2019-01-17 10:00:00.000000000,1547690400000000000,2614.0,2619.0,2612.0,2618.0,26432,113423,113206
2019-01-17 11:00:00.000000000,1547694000000000000,2618.0,2621.0,2615.0,2619.0,21714,113206,111895
2019-01-17 13:00:00.000000000,1547701200000000000,2619.0,2619.0,2611.0,2618.0,24349,111895,112764
2019-01-17 14:00:00.000000000,1547704800000000000,2618.0,2623.0,2604.0,2623.0,72696,112764,106056
2019-01-17 21:00:00.000000000,1547730000000000000,2593.0,2609.0,2587.0,2606.0,119554,106056,109953
2019-01-17 22:00:00.000000000,1547733600000000000,2606.0,2626.0,2605.0,2626.0,94198,109953,104347
2019-01-18 09:00:00.000000000,1547773200000000000,2643.0,2689.0,2643.0,2686.0,158681,104347,110987
2019-01-18 10:00:00.000000000,1547776800000000000,2686.0,2691.0,2663.0,2674.0,79471,110987,104867
2019-01-18 11:00:00.000000000,1547780400000000000,2674.0,2682.0,2671.0,2678.0,24826,104867,104695
2019-01-18 13:00:00.000000000,1547787600000000000,2679.0,2690.0,2678.0,2685.0,44619,104695,105724
2019-01-18 14:00:00.000000000,1547791200000000000,2685.0,2710.0,2681.0,2698.0,100699,105724,104027
2019-01-18 21:00:00.000000000,1547816400000000000,2694.0,2718.0,2690.0,2714.0,165739,104027,114841
2019-01-18 22:00:00.000000000,1547820000000000000,2714.0,2717.0,2698.0,2707.0,142879,114841,110786
2019-01-21 09:00:00.000000000,1548032400000000000,2731.0,2741.0,2720.0,2735.0,117510,110786,113348
2019-01-21 10:00:00.000000000,1548036000000000000,2735.0,2762.0,2734.0,2756.0,99708,113348,124948
2019-01-21 11:00:00.000000000,1548039600000000000,2756.0,2761.0,2749.0,2752.0,41737,124948,124279
2019-01-21 13:00:00.000000000,1548046800000000000,2752.0,2756.0,2731.0,2738.0,52671,124279,121552
2019-01-21 14:00:00.000000000,1548050400000000000,2738.0,2756.0,2736.0,2740.0,74929,121552,118541
2019-01-21 21:00:00.000000000,1548075600000000000,2735.0,2755.0,2732.0,2751.0,124678,118541,122568
2019-01-21 22:00:00.000000000,1548079200000000000,2751.0,2752.0,2741.0,2748.0,81433,122568,116625
2019-01-22 09:00:00.000000000,1548118800000000000,2738.0,2745.0,2718.0,2720.0,89263,116625,116279
2019-01-22 10:00:00.000000000,1548122400000000000,2720.0,2725.0,2705.0,2707.0,85536,116279,109286
2019-01-22 11:00:00.000000000,1548126000000000000,2707.0,2719.0,2705.0,2714.0,33530,109286,105703
2019-01-22 13:00:00.000000000,1548133200000000000,2712.0,2713.0,2695.0,2704.0,51080,105703,105007
2019-01-22 14:00:00.000000000,1548136800000000000,2704.0,2716.0,2701.0,2711.0,55755,105007,100576
2019-01-22 21:00:00.000000000,1548162000000000000,2695.0,2715.0,2689.0,2699.0,114403,100576,103524
2019-01-22 22:00:00.000000000,1548165600000000000,2699.0,2706.0,2687.0,2694.0,110025,103524,99505
2019-01-23 09:00:00.000000000,1548205200000000000,2703.0,2725.0,2693.0,2722.0,102901,99505,103205
2019-01-23 10:00:00.000000000,1548208800000000000,2722.0,2723.0,2712.0,2716.0,42654,103205,102545
2019-01-23 11:00:00.000000000,1548212400000000000,2716.0,2734.0,2714.0,2729.0,38054,102545,103837
2019-01-23 13:00:00.000000000,1548219600000000000,2729.0,2744.0,2726.0,2735.0,68016,103837,115127
2019-01-23 14:00:00.000000000,1548223200000000000,2735.0,2740.0,2723.0,2726.0,92743,115127,112133
2019-01-23 21:00:00.000000000,1548248400000000000,2735.0,2747.0,2728.0,2736.0,109436,112133,117450
2019-01-23 22:00:00.000000000,1548252000000000000,2736.0,2738.0,2719.0,2723.0,100779,117450,111431
2019-01-24 09:00:00.000000000,1548291600000000000,2713.0,2728.0,2704.0,2709.0,100711,111431,111986
2019-01-24 10:00:00.000000000,1548295200000000000,2709.0,2715.0,2702.0,2714.0,49370,111986,110778
2019-01-24 11:00:00.000000000,1548298800000000000,2714.0,2719.0,2708.0,2709.0,21234,110778,109151
2019-01-24 13:00:00.000000000,1548306000000000000,2709.0,2711.0,2700.0,2705.0,40596,109151,108401
2019-01-24 14:00:00.000000000,1548309600000000000,2705.0,2713.0,2703.0,2707.0,54842,108401,106987
2019-01-24 21:00:00.000000000,1548334800000000000,2703.0,2718.0,2698.0,2710.0,107618,106987,111851
2019-01-24 22:00:00.000000000,1548338400000000000,2710.0,2731.0,2710.0,2727.0,129346,111851,109703
2019-01-25 09:00:00.000000000,1548378000000000000,2733.0,2772.0,2733.0,2766.0,136524,109703,117250
2019-01-25 10:00:00.000000000,1548381600000000000,2766.0,2796.0,2759.0,2762.0,129917,117250,123048
2019-01-25 11:00:00.000000000,1548385200000000000,2762.0,2764.0,2751.0,2753.0,55394,123048,122986
2019-01-25 13:00:00.000000000,1548392400000000000,2755.0,2761.0,2732.0,2734.0,75787,122986,122786
2019-01-25 14:00:00.000000000,1548396000000000000,2734.0,2743.0,2707.0,2710.0,177584,122786,114034
2019-01-25 21:00:00.000000000,1548421200000000000,2687.0,2715.0,2685.0,2703.0,116392,114034,118029
2019-01-25 22:00:00.000000000,1548424800000000000,2703.0,2729.0,2698.0,2720.0,122764,118029,115125
2019-01-28 09:00:00.000000000,1548637200000000000,2719.0,2736.0,2713.0,2729.0,104440,115125,115602
2019-01-28 10:00:00.000000000,1548640800000000000,2729.0,2731.0,2716.0,2720.0,30521,115602,115757
2019-01-28 11:00:00.000000000,1548644400000000000,2720.0,2721.0,2705.0,2707.0,27549,115757,116421
2019-01-28 13:00:00.000000000,1548651600000000000,2707.0,2707.0,2663.0,2667.0,113185,116421,121119
2019-01-28 14:00:00.000000000,1548655200000000000,2667.0,2676.0,2645.0,2664.0,114444,121119,115841
2019-01-28 21:00:00.000000000,1548680400000000000,2663.0,2687.0,2662.0,2683.0,112578,115841,117405
2019-01-28 22:00:00.000000000,1548684000000000000,2683.0,2685.0,2653.0,2662.0,130371,117405,112933
2019-01-29 09:00:00.000000000,1548723600000000000,2659.0,2674.0,2645.0,2672.0,100394,112933,112847
2019-01-29 10:00:00.000000000,1548727200000000000,2672.0,2672.0,2652.0,2665.0,51243,112847,113194
2019-01-29 11:00:00.000000000,1548730800000000000,2665.0,2673.0,2664.0,2670.0,25669,113194,113767
2019-01-29 13:00:00.000000000,1548738000000000000,2670.0,2697.0,2670.0,2686.0,77407,113767,117499
2019-01-29 14:00:00.000000000,1548741600000000000,2686.0,2687.0,2649.0,2649.0,115497,117499,116248
2019-01-29 21:00:00.000000000,1548766800000000000,2664.0,2681.0,2658.0,2672.0,116791,116248,116371
2019-01-29 22:00:00.000000000,1548770400000000000,2672.0,2696.0,2672.0,2689.0,148212,116371,112392
2019-01-30 09:00:00.000000000,1548810000000000000,2687.0,2698.0,2659.0,2683.0,121030,112392,110734
2019-01-30 10:00:00.000000000,1548813600000000000,2683.0,2692.0,2674.0,2681.0,51212,110734,111339
2019-01-30 11:00:00.000000000,1548817200000000000,2681.0,2691.0,2681.0,2686.0,23983,111339,110761
2019-01-30 13:00:00.000000000,1548824400000000000,2686.0,2686.0,2677.0,2683.0,28660,110761,112547
2019-01-30 14:00:00.000000000,1548828000000000000,2683.0,2709.0,2682.0,2688.0,110202,112547,101601
2019-01-30 21:00:00.000000000,1548853200000000000,2713.0,2741.0,2704.0,2731.0,142478,101601,104234
2019-01-30 22:00:00.000000000,1548856800000000000,2731.0,2739.0,2720.0,2735.0,106159,104234,102798
2019-01-31 09:00:00.000000000,1548896400000000000,2745.0,2765.0,2745.0,2759.0,102817,102798,107425
2019-01-31 10:00:00.000000000,1548900000000000000,2759.0,2769.0,2752.0,2763.0,43766,107425,110018
2019-01-31 11:00:00.000000000,1548903600000000000,2763.0,2764.0,2748.0,2757.0,29654,110018,105516
2019-01-31 13:00:00.000000000,1548910800000000000,2756.0,2760.0,2750.0,2755.0,22719,105516,104801
2019-01-31 14:00:00.000000000,1548914400000000000,2755.0,2765.0,2744.0,2763.0,54918,104801,101177
2019-01-31 21:00:00.000000000,1548939600000000000,2750.0,2763.0,2743.0,2759.0,80013,101177,107173
2019-01-31 22:00:00.000000000,1548943200000000000,2759.0,2791.0,2759.0,2783.0,117237,107173,106720
2019-02-01 09:00:00.000000000,1548982800000000000,2745.0,2755.0,2698.0,2707.0,157780,106720,103858
2019-02-01 10:00:00.000000000,1548986400000000000,2707.0,2722.0,2699.0,2714.0,56545,103858,100458
2019-02-01 11:00:00.000000000,1548990000000000000,2714.0,2719.0,2712.0,2717.0,19539,100458,99927
2019-02-01 13:00:00.000000000,1548997200000000000,2719.0,2723.0,2712.0,2715.0,25942,99927,99722
2019-02-01 14:00:00.000000000,1549000800000000000,2715.0,2720.0,2704.0,2715.0,50759,99722,91676
2019-02-11 09:00:00.000000000,1549846800000000000,2694.0,2774.0,2684.0,2770.0,143264,91676,88875
2019-02-11 10:00:00.000000000,1549850400000000000,2770.0,2777.0,2764.0,2773.0,52049,88875,90164
2019-02-11 11:00:00.000000000,1549854000000000000,2773.0,2800.0,2769.0,2799.0,37776,90164,92275
2019-02-11 13:00:00.000000000,1549861200000000000,2798.0,2813.0,2775.0,2787.0,54793,92275,95569
2019-02-11 14:00:00.000000000,1549864800000000000,2787.0,2840.0,2787.0,2820.0,132657,95569,113132
2019-02-11 21:00:00.000000000,1549890000000000000,2826.0,2863.0,2823.0,2838.0,128662,113132,124447
2019-02-11 22:00:00.000000000,1549893600000000000,2838.0,2842.0,2810.0,2818.0,120271,124447,116241
2019-02-12 09:00:00.000000000,1549933200000000000,2840.0,2862.0,2830.0,2859.0,83568,116241,124504
2019-02-12 10:00:00.000000000,1549936800000000000,2859.0,2861.0,2835.0,2841.0,64148,124504,130743
2019-02-12 11:00:00.000000000,1549940400000000000,2841.0,2847.0,2837.0,2839.0,19422,130743,129769
2019-02-12 13:00:00.000000000,1549947600000000000,2838.0,2839.0,2823.0,2829.0,30814,129769,128458
2019-02-12 14:00:00.000000000,1549951200000000000,2829.0,2844.0,2829.0,2840.0,49724,128458,128983
2019-02-12 21:00:00.000000000,1549976400000000000,2872.0,2907.0,2864.0,2896.0,188709,128983,144730
2019-02-12 22:00:00.000000000,1549980000000000000,2896.0,2922.0,2881.0,2902.0,213684,144730,145833
2019-02-13 09:00:00.000000000,1550019600000000000,2888.0,2898.0,2867.0,2890.0,97285,145833,146993
2019-02-13 10:00:00.000000000,1550023200000000000,2890.0,2903.0,2886.0,2900.0,50859,146993,152920
2019-02-13 11:00:00.000000000,1550026800000000000,2900.0,2909.0,2893.0,2897.0,43612,152920,158134
2019-02-13 13:00:00.000000000,1550034000000000000,2897.0,2900.0,2868.0,2883.0,61143,158134,158273
2019-02-13 14:00:00.000000000,1550037600000000000,2883.0,2893.0,2873.0,2891.0,88788,158273,157629
2019-02-13 21:00:00.000000000,1550062800000000000,2883.0,2888.0,2852.0,2877.0,157089,157629,156400
2019-02-13 22:00:00.000000000,1550066400000000000,2877.0,2908.0,2873.0,2906.0,158251,156400,162547
2019-02-14 09:00:00.000000000,1550106000000000000,2907.0,2920.0,2899.0,2903.0,99972,162547,165147
2019-02-14 10:00:00.000000000,1550109600000000000,2903.0,2906.0,2887.0,2888.0,58719,165147,162410
2019-02-14 11:00:00.000000000,1550113200000000000,2888.0,2907.0,2884.0,2903.0,39388,162410,161475
2019-02-14 13:00:00.000000000,1550120400000000000,2907.0,2944.0,2907.0,2931.0,74109,161475,172586
2019-02-14 14:00:00.000000000,1550124000000000000,2931.0,2953.0,2916.0,2944.0,126900,172586,177086
2019-02-14 21:00:00.000000000,1550149200000000000,2942.0,2947.0,2914.0,2920.0,179810,177086,172779
2019-02-14 22:00:00.000000000,1550152800000000000,2920.0,2920.0,2867.0,2902.0,219724,172779,155934
2019-02-15 09:00:00.000000000,1550192400000000000,2934.0,2967.0,2928.0,2930.0,144205,155934,162150
2019-02-15 10:00:00.000000000,1550196000000000000,2930.0,2940.0,2914.0,2923.0,74680,162150,160558
2019-02-15 11:00:00.000000000,1550199600000000000,2923.0,2937.0,2918.0,2932.0,38731,160558,159872
2019-02-15 13:00:00.000000000,1550206800000000000,2930.0,2932.0,2911.0,2919.0,48518,159872,160418
2019-02-15 14:00:00.000000000,1550210400000000000,2919.0,2933.0,2911.0,2919.0,99879,160418,158037
2019-02-15 21:00:00.000000000,1550235600000000000,2944.0,2948.0,2906.0,2930.0,181675,158037,161735
2019-02-15 22:00:00.000000000,1550239200000000000,2930.0,2949.0,2925.0,2935.0,153771,161735,152282
2019-02-18 09:00:00.000000000,1550451600000000000,2960.0,2983.0,2955.0,2969.0,201410,152282,128670
2019-02-18 10:00:00.000000000,1550455200000000000,2969.0,2970.0,2938.0,2947.0,98074,128670,119178
2019-02-18 11:00:00.000000000,1550458800000000000,2947.0,2956.0,2942.0,2950.0,27976,119178,118748
2019-02-18 13:00:00.000000000,1550466000000000000,2952.0,2962.0,2943.0,2959.0,43770,118748,121379
2019-02-18 14:00:00.000000000,1550469600000000000,2959.0,2968.0,2952.0,2968.0,84923,121379,118526
2019-02-18 21:00:00.000000000,1550494800000000000,2962.0,2974.0,2949.0,2956.0,127418,118526,123115
2019-02-18 22:00:00.000000000,1550498400000000000,2956.0,2964.0,2943.0,2955.0,105935,123115,119547
2019-02-19 09:00:00.000000000,1550538000000000000,2954.0,2956.0,2895.0,2912.0,194861,119547,130552
2019-02-19 10:00:00.000000000,1550541600000000000,2912.0,2917.0,2903.0,2909.0,43138,130552,132470
2019-02-19 11:00:00.000000000,1550545200000000000,2909.0,2914.0,2908.0,2908.0,18776,132470,131647
2019-02-19 13:00:00.000000000,1550552400000000000,2909.0,2911.0,2902.0,2905.0,29894,131647,133561
2019-02-19 14:00:00.000000000,1550556000000000000,2905.0,2943.0,2901.0,2941.0,122217,133561,129364
2019-02-19 21:00:00.000000000,1550581200000000000,2939.0,2948.0,2912.0,2914.0,121542,129364,132844
2019-02-19 22:00:00.000000000,1550584800000000000,2914.0,2926.0,2888.0,2923.0,214622,132844,126841
2019-02-20 09:00:00.000000000,1550624400000000000,2919.0,2920.0,2889.0,2905.0,121079,126841,135171
2019-02-20 10:00:00.000000000,1550628000000000000,2905.0,2926.0,2903.0,2918.0,63986,135171,136986
2019-02-20 11:00:00.000000000,1550631600000000000,2918.0,2928.0,2917.0,2919.0,37738,136986,133993
2019-02-20 13:00:00.000000000,1550638800000000000,2915.0,2919.0,2906.0,2915.0,43949,133993,134230
2019-02-20 14:00:00.000000000,1550642400000000000,2915.0,2923.0,2910.0,2913.0,56441,134230,130194
2019-02-20 21:00:00.000000000,1550667600000000000,2894.0,2912.0,2891.0,2897.0,142454,130194,137938
2019-02-20 22:00:00.000000000,1550671200000000000,2897.0,2939.0,2889.0,2931.0,175468,137938,132210
2019-02-21 09:00:00.000000000,1550710800000000000,2957.0,2979.0,2940.0,2950.0,108221,132210,130113
2019-02-21 10:00:00.000000000,1550714400000000000,2950.0,2961.0,2944.0,2956.0,42983,130113,132719
2019-02-21 11:00:00.000000000,1550718000000000000,2956.0,2960.0,2952.0,2957.0,22957,132719,131778
2019-02-21 13:00:00.000000000,1550725200000000000,2956.0,2958.0,2942.0,2942.0,33307,131778,133175
2019-02-21 14:00:00.000000000,1550728800000000000,2942.0,2954.0,2942.0,2948.0,55345,133175,130126
2019-02-21 21:00:00.000000000,1550754000000000000,2945.0,2958.0,2941.0,2951.0,158107,130126,134165
2019-02-21 22:00:00.000000000,1550757600000000000,2951.0,2965.0,2944.0,2956.0,136163,134165,132867
2019-02-22 09:00:00.000000000,1550797200000000000,2955.0,2966.0,2954.0,2958.0,60784,132867,134618
2019-02-22 10:00:00.000000000,1550800800000000000,2958.0,2960.0,2929.0,2942.0,75728,134618,131777
2019-02-22 11:00:00.000000000,1550804400000000000,2942.0,2943.0,2936.0,2939.0,18567,131777,130059
2019-02-22 13:00:00.000000000,1550811600000000000,2938.0,2950.0,2938.0,2947.0,26765,130059,128877
2019-02-22 14:00:00.000000000,1550815200000000000,2947.0,2961.0,2941.0,2957.0,69658,128877,119599
2019-02-22 21:00:00.000000000,1550840400000000000,2992.0,2995.0,2949.0,2962.0,108078,119599,121997
2019-02-22 22:00:00.000000000,1550844000000000000,2962.0,2965.0,2931.0,2940.0,119965,121997,118145
2019-02-25 09:00:00.000000000,1551056400000000000,2942.0,2948.0,2898.0,2906.0,130264,118145,122889
2019-02-25 10:00:00.000000000,1551060000000000000,2906.0,2911.0,2894.0,2904.0,56687,122889,125801
2019-02-25 11:00:00.000000000,1551063600000000000,2904.0,2904.0,2866.0,2872.0,81498,125801,130019
2019-02-25 13:00:00.000000000,1551070800000000000,2873.0,2882.0,2870.0,2876.0,44850,130019,131207
2019-02-25 14:00:00.000000000,1551074400000000000,2876.0,2887.0,2859.0,2866.0,95380,131207,126535
2019-02-25 21:00:00.000000000,1551099600000000000,2837.0,2840.0,2797.0,2807.0,214049,126535,142791
2019-02-25 22:00:00.000000000,1551103200000000000,2807.0,2851.0,2806.0,2842.0,155795,142791,129318
2019-02-26 09:00:00.000000000,1551142800000000000,2809.0,2841.0,2792.0,2807.0,196015,129318,117900
2019-02-26 10:00:00.000000000,1551146400000000000,2807.0,2830.0,2806.0,2818.0,71461,117900,117794
2019-02-26 11:00:00.000000000,1551150000000000000,2818.0,2823.0,2810.0,2817.0,24664,117794,116811
2019-02-26 13:00:00.000000000,1551157200000000000,2816.0,2824.0,2814.0,2823.0,27789,116811,117210
2019-02-26 14:00:00.000000000,1551160800000000000,2823.0,2831.0,2807.0,2808.0,79661,117210,116571
2019-02-26 21:00:00.000000000,1551186000000000000,2830.0,2838.0,2817.0,2826.0,138324,116571,116293
2019-02-26 22:00:00.000000000,1551189600000000000,2826.0,2831.0,2817.0,2825.0,107292,116293,112487
2019-02-27 09:00:00.000000000,1551229200000000000,2836.0,2862.0,2828.0,2859.0,96435,112487,106547
2019-02-27 10:00:00.000000000,1551232800000000000,2859.0,2862.0,2854.0,2860.0,30641,106547,104174
2019-02-27 11:00:00.000000000,1551236400000000000,2860.0,2863.0,2854.0,2859.0,16379,104174,102975
2019-02-27 13:00:00.000000000,1551243600000000000,2859.0,2866.0,2847.0,2852.0,37233,102975,104026
2019-02-27 14:00:00.000000000,1551247200000000000,2852.0,2855.0,2838.0,2854.0,70189,104026,97215
2019-02-27 21:00:00.000000000,1551272400000000000,2878.0,2888.0,2862.0,2865.0,96997,97215,102444
2019-02-27 22:00:00.000000000,1551276000000000000,2865.0,2873.0,2856.0,2864.0,73436,102444,99542
2019-02-28 09:00:00.000000000,1551315600000000000,2877.0,2882.0,2871.0,2878.0,74319,99542,98813
2019-02-28 10:00:00.000000000,1551319200000000000,2878.0,2881.0,2868.0,2872.0,43740,98813,96547
2019-02-28 11:00:00.000000000,1551322800000000000,2872.0,2878.0,2871.0,2877.0,17025,96547,94890
2019-02-28 13:00:00.000000000,1551330000000000000,2877.0,2879.0,2871.0,2876.0,25804,94890,95792
2019-02-28 14:00:00.000000000,1551333600000000000,2876.0,2905.0,2876.0,2897.0,117833,95792,89459
2019-02-28 21:00:00.000000000,1551358800000000000,2902.0,2910.0,2888.0,2902.0,87438,89459,92526
2019-02-28 22:00:00.000000000,1551362400000000000,2902.0,2928.0,2902.0,2927.0,122881,92526,92526
2019-03-01 09:00:00.000000000,1551402000000000000,2934.0,2939.0,2924.0,2930.0,65802,92526,94923
2019-03-01 10:00:00.000000000,1551405600000000000,2930.0,2948.0,2929.0,2946.0,54791,94923,97450
2019-03-01 11:00:00.000000000,1551409200000000000,2946.0,2956.0,2943.0,2950.0,23922,97450,96794
2019-03-01 13:00:00.000000000,1551416400000000000,2949.0,2976.0,2947.0,2955.0,78360,96794,97828
2019-03-01 14:00:00.000000000,1551420000000000000,2955.0,2985.0,2952.0,2982.0,126880,97828,102604
2019-03-01 21:00:00.000000000,1551445200000000000,2963.0,2973.0,2930.0,2941.0,137218,102604,100227
2019-03-01 22:00:00.000000000,1551448800000000000,2941.0,2965.0,2934.0,2965.0,121630,100227,95702
2019-03-04 09:00:00.000000000,1551661200000000000,2926.0,2943.0,2910.0,2929.0,95948,95702,94944
2019-03-04 10:00:00.000000000,1551664800000000000,2929.0,2950.0,2929.0,2938.0,43852,94944,97754
2019-03-04 11:00:00.000000000,1551668400000000000,2938.0,2963.0,2938.0,2944.0,49979,97754,102505
2019-03-04 13:00:00.000000000,1551675600000000000,2943.0,2943.0,2930.0,2934.0,52944,102505,104111
2019-03-04 14:00:00.000000000,1551679200000000000,2934.0,2939.0,2912.0,2918.0,74559,104111,99415
2019-03-04 21:00:00.000000000,1551704400000000000,2927.0,2950.0,2922.0,2943.0,122283,99415,100563
2019-03-04 22:00:00.000000000,1551708000000000000,2943.0,2958.0,2939.0,2949.0,100960,100563,100552
2019-03-05 09:00:00.000000000,1551747600000000000,2937.0,2942.0,2926.0,2929.0,70149,100552,98654
2019-03-05 10:00:00.000000000,1551751200000000000,2929.0,2941.0,2928.0,2938.0,29588,98654,97693
2019-03-05 11:00:00.000000000,1551754800000000000,2938.0,2939.0,2929.0,2932.0,20412,97693,96184
2019-03-05 13:00:00.000000000,1551762000000000000,2931.0,2946.0,2930.0,2945.0,29466,96184,96622
2019-03-05 14:00:00.000000000,1551765600000000000,2945.0,2948.0,2935.0,2937.0,47030,96622,94833
2019-03-05 21:00:00.000000000,1551790800000000000,2955.0,2964.0,2932.0,2940.0,96166,94833,98626
2019-03-05 22:00:00.000000000,1551794400000000000,2940.0,2959.0,2940.0,2943.0,108451,98626,95341
2019-03-06 09:00:00.000000000,1551834000000000000,2927.0,2933.0,2905.0,2913.0,111798,95341,98482
2019-03-06 10:00:00.000000000,1551837600000000000,2913.0,2915.0,2894.0,2897.0,58198,98482,103732
2019-03-06 11:00:00.000000000,1551841200000000000,2897.0,2919.0,2896.0,2914.0,41867,103732,100960
2019-03-06 13:00:00.000000000,1551848400000000000,2914.0,2929.0,2911.0,2924.0,37914,100960,102200
2019-03-06 14:00:00.000000000,1551852000000000000,2924.0,2945.0,2912.0,2945.0,75559,102200,98582
2019-03-06 21:00:00.000000000,1551877200000000000,2937.0,2950.0,2930.0,2943.0,96139,98582,100632
2019-03-06 22:00:00.000000000,1551880800000000000,2943.0,2948.0,2915.0,2918.0,91403,100632,97659
2019-03-07 09:00:00.000000000,1551920400000000000,2924.0,2935.0,2921.0,2933.0,52994,97659,98645
2019-03-07 10:00:00.000000000,1551924000000000000,2933.0,2946.0,2932.0,2939.0,58438,98645,100888
2019-03-07 11:00:00.000000000,1551927600000000000,2939.0,2940.0,2930.0,2936.0,21430,100888,99043
2019-03-07 13:00:00.000000000,1551934800000000000,2935.0,2942.0,2925.0,2942.0,40436,99043,96999
2019-03-07 14:00:00.000000000,1551938400000000000,2942.0,2945.0,2927.0,2930.0,75259,96999,96893
2019-03-07 21:00:00.000000000,1551963600000000000,2955.0,2963.0,2915.0,2924.0,165255,96893,101185
2019-03-07 22:00:00.000000000,1551967200000000000,2924.0,2926.0,2870.0,2879.0,169139,101185,100133
2019-03-08 09:00:00.000000000,1552006800000000000,2880.0,2889.0,2866.0,2880.0,68540,100133,99326
2019-03-08 10:00:00.000000000,1552010400000000000,2880.0,2885.0,2872.0,2875.0,26266,99326,100175
2019-03-08 11:00:00.000000000,1552014000000000000,2875.0,2877.0,2863.0,2871.0,31971,100175,101806
2019-03-08 13:00:00.000000000,1552021200000000000,2870.0,2882.0,2866.0,2881.0,28655,101806,100195
2019-03-08 14:00:00.000000000,1552024800000000000,2881.0,2883.0,2847.0,2855.0,68363,100195,98707
2019-03-08 21:00:00.000000000,1552050000000000000,2821.0,2843.0,2813.0,2828.0,111152,98707,105698
2019-03-08 22:00:00.000000000,1552053600000000000,2828.0,2832.0,2809.0,2818.0,100155,105698,103932
2019-03-11 09:00:00.000000000,1552266000000000000,2860.0,2888.0,2848.0,2880.0,133963,103932,100635
2019-03-11 10:00:00.000000000,1552269600000000000,2880.0,2901.0,2880.0,2889.0,61441,100635,100312
2019-03-11 11:00:00.000000000,1552273200000000000,2889.0,2899.0,2888.0,2892.0,34985,100312,102325
2019-03-11 13:00:00.000000000,1552280400000000000,2891.0,2893.0,2883.0,2885.0,25539,102325,103657
2019-03-11 14:00:00.000000000,1552284000000000000,2885.0,2907.0,2881.0,2902.0,69893,103657,99151
2019-03-11 21:00:00.000000000,1552309200000000000,2902.0,2937.0,2895.0,2932.0,152427,99151,111241
2019-03-11 22:00:00.000000000,1552312800000000000,2932.0,2945.0,2920.0,2929.0,119430,111241,104631
2019-03-12 09:00:00.000000000,1552352400000000000,2936.0,2947.0,2929.0,2940.0,75380,104631,104588
2019-03-12 10:00:00.000000000,1552356000000000000,2940.0,2955.0,2936.0,2941.0,53088,104588,105166
2019-03-12 11:00:00.000000000,1552359600000000000,2941.0,2943.0,2932.0,2934.0,21385,105166,104734
2019-03-12 13:00:00.000000000,1552366800000000000,2932.0,2939.0,2920.0,2921.0,40005,104734,106207
2019-03-12 14:00:00.000000000,1552370400000000000,2921.0,2938.0,2913.0,2937.0,70977,106207,100281
2019-03-12 21:00:00.000000000,1552395600000000000,2949.0,2950.0,2917.0,2926.0,115502,100281,103946
2019-03-12 22:00:00.000000000,1552399200000000000,2926.0,2948.0,2923.0,2944.0,112497,103946,100950
2019-03-13 09:00:00.000000000,1552438800000000000,2940.0,2944.0,2926.0,2927.0,59772,100950,100133
2019-03-13 10:00:00.000000000,1552442400000000000,2927.0,2938.0,2921.0,2936.0,37929,100133,100222
2019-03-13 11:00:00.000000000,1552446000000000000,2936.0,2942.0,2935.0,2938.0,14904,100222,100665
2019-03-13 13:00:00.000000000,1552453200000000000,2939.0,2944.0,2929.0,2934.0,28636,100665,101154
2019-03-13 14:00:00.000000000,1552456800000000000,2934.0,2977.0,2926.0,2961.0,81597,101154,105385
2019-03-13 21:00:00.000000000,1552482000000000000,2970.0,2978.0,2937.0,2953.0,142667,105385,112316
2019-03-13 22:00:00.000000000,1552485600000000000,2953.0,2974.0,2946.0,2955.0,183421,112316,110767
2019-03-14 09:00:00.000000000,1552525200000000000,2966.0,2985.0,2957.0,2966.0,108330,110767,112585
2019-03-14 10:00:00.000000000,1552528800000000000,2966.0,2975.0,2956.0,2959.0,47023,112585,111884
2019-03-14 11:00:00.000000000,1552532400000000000,2959.0,2967.0,2958.0,2965.0,20821,111884,111658
2019-03-14 13:00:00.000000000,1552539600000000000,2965.0,2968.0,2935.0,2944.0,52074,111658,110086
2019-03-14 14:00:00.000000000,1552543200000000000,2944.0,2953.0,2936.0,2947.0,79943,110086,106778
2019-03-14 21:00:00.000000000,1552568400000000000,2947.0,2956.0,2926.0,2933.0,115832,106778,108456
2019-03-14 22:00:00.000000000,1552572000000000000,2933.0,2942.0,2870.0,2876.0,189412,108456,104945
2019-03-15 09:00:00.000000000,1552611600000000000,2880.0,2894.0,2872.0,2890.0,87235,104945,100203
2019-03-15 10:00:00.000000000,1552615200000000000,2890.0,2894.0,2881.0,2894.0,26657,100203,99717
2019-03-15 11:00:00.000000000,1552618800000000000,2894.0,2899.0,2882.0,2883.0,28353,99717,99273
2019-03-15 13:00:00.000000000,1552626000000000000,2883.0,2890.0,2875.0,2878.0,26631,99273,99266
2019-03-15 14:00:00.000000000,1552629600000000000,2878.0,2918.0,2874.0,2907.0,100977,99266,94830
2019-03-15 21:00:00.000000000,1552654800000000000,2880.0,2883.0,2834.0,2839.0,200509,94830,103667
2019-03-15 22:00:00.000000000,1552658400000000000,2839.0,2843.0,2825.0,2839.0,126724,103667,100073
2019-03-18 09:00:00.000000000,1552870800000000000,2839.0,2860.0,2830.0,2856.0,83973,100073,95600
2019-03-18 10:00:00.000000000,1552874400000000000,2856.0,2862.0,2849.0,2857.0,34223,95600,95483
2019-03-18 11:00:00.000000000,1552878000000000000,2857.0,2858.0,2844.0,2851.0,19803,95483,94731
2019-03-18 13:00:00.000000000,1552885200000000000,2851.0,2865.0,2846.0,2861.0,34722,94731,94913
2019-03-18 14:00:00.000000000,1552888800000000000,2861.0,2890.0,2858.0,2874.0,84322,94913,89593
2019-03-18 21:00:00.000000000,1552914000000000000,2880.0,2883.0,2841.0,2863.0,116655,89593,99184
2019-03-18 22:00:00.000000000,1552917600000000000,2863.0,2875.0,2863.0,2867.0,87473,99184,96048
2019-03-19 09:00:00.000000000,1552957200000000000,2874.0,2887.0,2841.0,2847.0,118990,96048,99779
2019-03-19 10:00:00.000000000,1552960800000000000,2847.0,2856.0,2845.0,2851.0,35353,99779,100201
2019-03-19 11:00:00.000000000,1552964400000000000,2851.0,2857.0,2847.0,2850.0,23190,100201,99054
2019-03-19 13:00:00.000000000,1552971600000000000,2849.0,2855.0,2832.0,2846.0,45214,99054,101159
2019-03-19 14:00:00.000000000,1552975200000000000,2846.0,2850.0,2812.0,2821.0,102722,101159,105618
2019-03-19 21:00:00.000000000,1553000400000000000,2839.0,2871.0,2833.0,2854.0,151238,105618,98367
2019-03-19 22:00:00.000000000,1553004000000000000,2854.0,2855.0,2831.0,2840.0,90406,98367,98255
2019-03-20 09:00:00.000000000,1553043600000000000,2838.0,2853.0,2832.0,2841.0,62188,98255,99048
2019-03-20 10:00:00.000000000,1553047200000000000,2841.0,2851.0,2838.0,2848.0,22364,99048,98786
2019-03-20 11:00:00.000000000,1553050800000000000,2848.0,2854.0,2846.0,2849.0,13478,98786,98257
2019-03-20 13:00:00.000000000,1553058000000000000,2848.0,2851.0,2841.0,2847.0,15551,98257,98617
2019-03-20 14:00:00.000000000,1553061600000000000,2847.0,2865.0,2847.0,2862.0,56123,98617,94476
2019-03-20 21:00:00.000000000,1553086800000000000,2844.0,2883.0,2839.0,2878.0,129705,94476,100437
2019-03-20 22:00:00.000000000,1553090400000000000,2878.0,2907.0,2873.0,2899.0,147094,100437,92009
2019-03-21 09:00:00.000000000,1553130000000000000,2911.0,2925.0,2905.0,2911.0,74346,92009,92171
2019-03-21 10:00:00.000000000,1553133600000000000,2911.0,2916.0,2906.0,2911.0,25642,92171,92888
2019-03-21 11:00:00.000000000,1553137200000000000,2911.0,2916.0,2903.0,2913.0,26657,92888,92804
2019-03-21 13:00:00.000000000,1553144400000000000,2914.0,2922.0,2907.0,2909.0,34129,92804,94701
2019-03-21 14:00:00.000000000,1553148000000000000,2909.0,2915.0,2907.0,2907.0,46263,94701,91260
2019-03-21 21:00:00.000000000,1553173200000000000,2903.0,2906.0,2875.0,2878.0,128786,91260,89888
2019-03-21 22:00:00.000000000,1553176800000000000,2878.0,2889.0,2873.0,2886.0,99805,89888,83005
2019-03-22 09:00:00.000000000,1553216400000000000,2879.0,2887.0,2873.0,2878.0,48108,83005,83885
2019-03-22 10:00:00.000000000,1553220000000000000,2878.0,2883.0,2866.0,2866.0,34293,83885,83037
2019-03-22 11:00:00.000000000,1553223600000000000,2866.0,2871.0,2863.0,2868.0,18760,83037,82508
2019-03-22 13:00:00.000000000,1553230800000000000,2868.0,2882.0,2867.0,2882.0,23758,82508,81789
2019-03-22 14:00:00.000000000,1553234400000000000,2882.0,2886.0,2842.0,2858.0,104205,81789,82669
2019-03-22 21:00:00.000000000,1553259600000000000,2831.0,2850.0,2818.0,2819.0,132039,82669,92543
2019-03-22 22:00:00.000000000,1553263200000000000,2819.0,2828.0,2810.0,2827.0,85562,92543,88276
2019-03-25 09:00:00.000000000,1553475600000000000,2817.0,2817.0,2749.0,2767.0,147413,88276,103366
2019-03-25 10:00:00.000000000,1553479200000000000,2767.0,2775.0,2763.0,2771.0,27557,103366,102077
2019-03-25 11:00:00.000000000,1553482800000000000,2771.0,2773.0,2765.0,2770.0,17210,102077,101253
2019-03-25 13:00:00.000000000,1553490000000000000,2774.0,2785.0,2771.0,2784.0,36181,101253,100668
2019-03-25 14:00:00.000000000,1553493600000000000,2784.0,2791.0,2771.0,2772.0,65049,100668,98193
2019-03-25 21:00:00.000000000,1553518800000000000,2781.0,2794.0,2768.0,2776.0,107951,98193,103923
2019-03-25 22:00:00.000000000,1553522400000000000,2776.0,2779.0,2763.0,2775.0,83574,103923,101405
2019-03-26 09:00:00.000000000,1553562000000000000,2791.0,2820.0,2784.0,2798.0,119131,101405,98901
2019-03-26 10:00:00.000000000,1553565600000000000,2798.0,2800.0,2788.0,2789.0,30432,98901,99412
2019-03-26 11:00:00.000000000,1553569200000000000,2789.0,2796.0,2785.0,2795.0,18915,99412,98137
2019-03-26 13:00:00.000000000,1553576400000000000,2793.0,2801.0,2786.0,2793.0,25594,98137,98391
2019-03-26 14:00:00.000000000,1553580000000000000,2793.0,2799.0,2782.0,2796.0,49870,98391,95531
2019-03-26 21:00:00.000000000,1553605200000000000,2821.0,2827.0,2809.0,2818.0,117179,95531,99442
2019-03-26 22:00:00.000000000,1553608800000000000,2818.0,2820.0,2797.0,2810.0,91204,99442,97509
2019-03-27 09:00:00.000000000,1553648400000000000,2804.0,2834.0,2799.0,2822.0,84035,97509,96382
2019-03-27 10:00:00.000000000,1553652000000000000,2822.0,2825.0,2818.0,2820.0,19258,96382,96610
2019-03-27 11:00:00.000000000,1553655600000000000,2820.0,2824.0,2817.0,2820.0,10455,96610,95887
2019-03-27 13:00:00.000000000,1553662800000000000,2821.0,2824.0,2808.0,2815.0,28518,95887,95424
2019-03-27 14:00:00.000000000,1553666400000000000,2815.0,2822.0,2813.0,2818.0,37777,95424,92923
2019-03-27 21:00:00.000000000,1553691600000000000,2821.0,2830.0,2809.0,2820.0,94534,92923,98117
2019-03-27 22:00:00.000000000,1553695200000000000,2820.0,2853.0,2816.0,2826.0,137105,98117,94261
2019-03-28 09:00:00.000000000,1553734800000000000,2813.0,2820.0,2804.0,2814.0,64705,94261,94718
2019-03-28 10:00:00.000000000,1553738400000000000,2814.0,2832.0,2810.0,2829.0,36705,94718,94088
2019-03-28 11:00:00.000000000,1553742000000000000,2829.0,2834.0,2822.0,2834.0,30429,94088,93346
2019-03-28 13:00:00.000000000,1553749200000000000,2832.0,2833.0,2822.0,2825.0,20815,93346,94044
2019-03-28 14:00:00.000000000,1553752800000000000,2825.0,2845.0,2823.0,2835.0,63885,94044,91518
2019-03-28 21:00:00.000000000,1553778000000000000,2808.0,2821.0,2785.0,2800.0,169157,91518,93467
2019-03-28 22:00:00.000000000,1553781600000000000,2800.0,2814.0,2796.0,2812.0,72677,93467,91831
2019-03-29 09:00:00.000000000,1553821200000000000,2825.0,2863.0,2825.0,2854.0,97617,91831,93841
2019-03-29 10:00:00.000000000,1553824800000000000,2854.0,2859.0,2850.0,2857.0,25854,93841,94381
2019-03-29 11:00:00.000000000,1553828400000000000,2857.0,2867.0,2854.0,2859.0,22127,94381,93130
2019-03-29 13:00:00.000000000,1553835600000000000,2857.0,2883.0,2857.0,2876.0,43106,93130,93259
2019-03-29 14:00:00.000000000,1553839200000000000,2876.0,2877.0,2840.0,2841.0,71641,93259,86953
2019-03-29 21:00:00.000000000,1553864400000000000,2875.0,2878.0,2826.0,2832.0,104332,86953,88635
2019-03-29 22:00:00.000000000,1553868000000000000,2832.0,2838.0,2819.0,2828.0,80389,88635,85206
2019-04-01 09:00:00.000000000,1554080400000000000,2850.0,2850.0,2807.0,2826.0,95701,85206,85104
2019-04-01 10:00:00.000000000,1554084000000000000,2826.0,2834.0,2820.0,2822.0,29861,85104,84917
2019-04-01 11:00:00.000000000,1554087600000000000,2822.0,2832.0,2821.0,2830.0,17335,84917,83973
2019-04-01 13:00:00.000000000,1554094800000000000,2833.0,2847.0,2830.0,2845.0,32221,83973,83644
2019-04-01 14:00:00.000000000,1554098400000000000,2845.0,2846.0,2825.0,2827.0,48709,83644,81731
2019-04-01 21:00:00.000000000,1554123600000000000,2836.0,2838.0,2812.0,2820.0,102117,81731,85954
2019-04-01 22:00:00.000000000,1554127200000000000,2820.0,2842.0,2820.0,2838.0,96414,85954,79729
2019-04-02 09:00:00.000000000,1554166800000000000,2859.0,2878.0,2852.0,2871.0,77854,79729,79394
2019-04-02 10:00:00.000000000,1554170400000000000,2871.0,2877.0,2861.0,2866.0,34825,79394,77654
2019-04-02 11:00:00.000000000,1554174000000000000,2866.0,2866.0,2856.0,2862.0,20016,77654,76050
2019-04-02 13:00:00.000000000,1554181200000000000,2861.0,2865.0,2858.0,2861.0,18579,76050,76588
2019-04-02 14:00:00.000000000,1554184800000000000,2861.0,2865.0,2853.0,2865.0,41729,76588,72888
2019-04-02 21:00:00.000000000,1554210000000000000,2856.0,2869.0,2847.0,2866.0,77828,72888,75035
2019-04-02 22:00:00.000000000,1554213600000000000,2866.0,2869.0,2854.0,2859.0,58304,75035,72882
2019-04-03 09:00:00.000000000,1554253200000000000,2876.0,2888.0,2868.0,2872.0,61052,72882,73589
2019-04-03 10:00:00.000000000,1554256800000000000,2872.0,2873.0,2864.0,2869.0,21579,73589,73047
2019-04-03 11:00:00.000000000,1554260400000000000,2869.0,2875.0,2868.0,2873.0,9043,73047,72491
2019-04-03 13:00:00.000000000,1554267600000000000,2874.0,2877.0,2871.0,2875.0,13079,72491,72913
2019-04-03 14:00:00.000000000,1554271200000000000,2875.0,2889.0,2864.0,2867.0,51522,72913,70534
2019-04-03 21:00:00.000000000,1554296400000000000,2859.0,2871.0,2850.0,2865.0,60309,70534,70111
2019-04-03 22:00:00.000000000,1554300000000000000,2865.0,2865.0,2831.0,2837.0,81547,70111,70371
2019-04-04 09:00:00.000000000,1554339600000000000,2832.0,2840.0,2826.0,2833.0,41262,70371,72335
2019-04-04 10:00:00.000000000,1554343200000000000,2833.0,2846.0,2828.0,2841.0,26425,72335,69826
2019-04-04 11:00:00.000000000,1554346800000000000,2841.0,2844.0,2838.0,2841.0,10367,69826,68293
2019-04-04 13:00:00.000000000,1554354000000000000,2839.0,2844.0,2835.0,2842.0,13807,68293,67488
2019-04-04 14:00:00.000000000,1554357600000000000,2842.0,2849.0,2839.0,2848.0,37411,67488,62294
2019-04-08 09:00:00.000000000,1554685200000000000,2877.0,2880.0,2858.0,2864.0,55077,62294,64235
2019-04-08 10:00:00.000000000,1554688800000000000,2864.0,2865.0,2856.0,2862.0,17183,64235,63955
2019-04-08 11:00:00.000000000,1554692400000000000,2862.0,2867.0,2858.0,2866.0,10672,63955,63264
2019-04-08 13:00:00.000000000,1554699600000000000,2862.0,2863.0,2854.0,2859.0,12137,63264,63208
2019-04-08 14:00:00.000000000,1554703200000000000,2859.0,2861.0,2849.0,2852.0,25494,63208,60406
2019-04-08 21:00:00.000000000,1554728400000000000,2843.0,2878.0,2838.0,2874.0,81167,60406,63297
2019-04-08 22:00:00.000000000,1554732000000000000,2874.0,2885.0,2869.0,2874.0,58804,63297,60453
2019-04-09 09:00:00.000000000,1554771600000000000,2888.0,2896.0,2862.0,2864.0,50872,60453,59791
2019-04-09 10:00:00.000000000,1554775200000000000,2864.0,2874.0,2863.0,2871.0,13271,59791,59817
2019-04-09 11:00:00.000000000,1554778800000000000,2871.0,2871.0,2865.0,2870.0,8255,59817,58751
2019-04-09 13:00:00.000000000,1554786000000000000,2869.0,2869.0,2844.0,2845.0,28186,58751,58726
2019-04-09 14:00:00.000000000,1554789600000000000,2845.0,2845.0,2831.0,2839.0,53362,58726,56673
2019-04-09 21:00:00.000000000,1554814800000000000,2835.0,2846.0,2793.0,2794.0,112514,56673,63152
2019-04-09 22:00:00.000000000,1554818400000000000,2794.0,2816.0,2788.0,2798.0,82672,63152,61164
2019-04-10 09:00:00.000000000,1554858000000000000,2806.0,2811.0,2792.0,2798.0,32239,61164,61438
2019-04-10 10:00:00.000000000,1554861600000000000,2798.0,2804.0,2795.0,2803.0,12237,61438,61424
2019-04-10 11:00:00.000000000,1554865200000000000,2803.0,2804.0,2782.0,2788.0,16528,61424,63521
2019-04-10 13:00:00.000000000,1554872400000000000,2791.0,2804.0,2789.0,2804.0,22971,63521,62067
2019-04-10 14:00:00.000000000,1554876000000000000,2804.0,2806.0,2792.0,2794.0,31486,62067,60618
2019-04-10 21:00:00.000000000,1554901200000000000,2798.0,2802.0,2782.0,2798.0,59254,60618,63756
2019-04-10 22:00:00.000000000,1554904800000000000,2798.0,2802.0,2786.0,2791.0,45871,63756,61806
2019-04-11 09:00:00.000000000,1554944400000000000,2805.0,2819.0,2795.0,2807.0,44263,61806,60351
2019-04-11 10:00:00.000000000,1554948000000000000,2807.0,2811.0,2801.0,2806.0,11398,60351,60097
2019-04-11 11:00:00.000000000,1554951600000000000,2806.0,2808.0,2799.0,2803.0,10474,60097,59716
2019-04-11 13:00:00.000000000,1554958800000000000,2806.0,2806.0,2789.0,2791.0,15838,59716,61022
2019-04-11 14:00:00.000000000,1554962400000000000,2791.0,2806.0,2789.0,2802.0,31965,61022,58562
2019-04-11 21:00:00.000000000,1554987600000000000,2793.0,2835.0,2787.0,2829.0,82296,58562,57633
2019-04-11 22:00:00.000000000,1554991200000000000,2829.0,2843.0,2807.0,2833.0,69959,57633,51586
2019-04-12 09:00:00.000000000,1555030800000000000,2828.0,2854.0,2824.0,2843.0,34658,51586,51932
2019-04-12 10:00:00.000000000,1555034400000000000,2843.0,2847.0,2838.0,2844.0,11275,51932,50971
2019-04-12 11:00:00.000000000,1555038000000000000,2844.0,2851.0,2840.0,2842.0,9299,50971,50705
2019-04-12 13:00:00.000000000,1555045200000000000,2844.0,2845.0,2835.0,2839.0,7882,50705,50682
2019-04-12 14:00:00.000000000,1555048800000000000,2839.0,2843.0,2831.0,2837.0,20388,50682,49007
2019-04-12 21:00:00.000000000,1555074000000000000,2898.0,2905.0,2861.0,2865.0,42100,49007,82233
2019-04-12 22:00:00.000000000,1555077600000000000,2865.0,2868.0,2856.0,2861.0,24341,82233,80107
2019-04-15 09:00:00.000000000,1555290000000000000,2849.0,2858.0,2836.0,2857.0,37874,80107,80136
2019-04-15 10:00:00.000000000,1555293600000000000,2857.0,2861.0,2853.0,2855.0,10195,80136,80286
2019-04-15 11:00:00.000000000,1555297200000000000,2855.0,2862.0,2852.0,2856.0,7699,80286,80534
2019-04-15 13:00:00.000000000,1555304400000000000,2852.0,2857.0,2846.0,2849.0,9703,80534,81304
2019-04-15 14:00:00.000000000,1555308000000000000,2849.0,2854.0,2841.0,2851.0,23782,81304,79223
2019-04-15 21:00:00.000000000,1555333200000000000,2844.0,2856.0,2830.0,2842.0,71147,79223,82521
2019-04-15 22:00:00.000000000,1555336800000000000,2842.0,2846.0,2827.0,2831.0,49545,82521,81324
2019-04-16 09:00:00.000000000,1555376400000000000,2837.0,2837.0,2802.0,2812.0,74808,81324,84339
2019-04-16 10:00:00.000000000,1555380000000000000,2812.0,2812.0,2790.0,2795.0,49835,84339,87918
2019-04-16 11:00:00.000000000,1555383600000000000,2795.0,2802.0,2789.0,2802.0,18934,87918,88552
2019-04-16 13:00:00.000000000,1555390800000000000,2803.0,2807.0,2791.0,2797.0,18529,88552,88928
2019-04-16 14:00:00.000000000,1555394400000000000,2797.0,2804.0,2783.0,2789.0,39260,88928,88515
2019-04-16 21:00:00.000000000,1555419600000000000,2801.0,2806.0,2782.0,2786.0,72627,88515,93570
2019-04-16 22:00:00.000000000,1555423200000000000,2786.0,2804.0,2779.0,2796.0,69308,93570,92432
2019-04-17 09:00:00.000000000,1555462800000000000,2814.0,2830.0,2808.0,2828.0,52186,92432,91906
2019-04-17 10:00:00.000000000,1555466400000000000,2828.0,2843.0,2825.0,2835.0,50886,91906,88604
2019-04-17 11:00:00.000000000,1555470000000000000,2835.0,2837.0,2831.0,2835.0,8781,88604,88446
2019-04-17 13:00:00.000000000,1555477200000000000,2836.0,2838.0,2831.0,2832.0,12680,88446,89218
2019-04-17 14:00:00.000000000,1555480800000000000,2832.0,2836.0,2811.0,2819.0,42773,89218,86883
2019-04-17 21:00:00.000000000,1555506000000000000,2817.0,2824.0,2808.0,2820.0,67871,86883,92377
2019-04-17 22:00:00.000000000,1555509600000000000,2820.0,2824.0,2805.0,2807.0,60682,92377,90002
2019-04-18 09:00:00.000000000,1555549200000000000,2805.0,2805.0,2771.0,2777.0,67363,90002,98171
2019-04-18 10:00:00.000000000,1555552800000000000,2777.0,2785.0,2776.0,2777.0,19836,98171,98449
2019-04-18 11:00:00.000000000,1555556400000000000,2777.0,2782.0,2777.0,2780.0,7837,98449,98698
2019-04-18 13:00:00.000000000,1555563600000000000,2783.0,2793.0,2772.0,2790.0,34004,98698,98595
2019-04-18 14:00:00.000000000,1555567200000000000,2790.0,2800.0,2773.0,2777.0,40967,98595,96353
2019-04-18 21:00:00.000000000,1555592400000000000,2789.0,2796.0,2764.0,2769.0,83007,96353,104415
2019-04-18 22:00:00.000000000,1555596000000000000,2769.0,2775.0,2764.0,2771.0,51470,104415,105722
2019-04-19 09:00:00.000000000,1555635600000000000,2776.0,2824.0,2775.0,2814.0,87146,105722,97964
2019-04-19 10:00:00.000000000,1555639200000000000,2814.0,2817.0,2809.0,2814.0,13059,97964,97774
2019-04-19 11:00:00.000000000,1555642800000000000,2814.0,2816.0,2811.0,2812.0,8952,97774,97178
2019-04-19 13:00:00.000000000,1555650000000000000,2812.0,2814.0,2803.0,2813.0,17866,97178,96722
2019-04-19 14:00:00.000000000,1555653600000000000,2813.0,2850.0,2809.0,2848.0,78351,96722,92926
2019-04-19 21:00:00.000000000,1555678800000000000,2845.0,2847.0,2829.0,2838.0,50764,92926,92736
2019-04-19 22:00:00.000000000,1555682400000000000,2838.0,2858.0,2833.0,2852.0,33874,92736,88182
2019-04-22 09:00:00.000000000,1555894800000000000,2860.0,2877.0,2854.0,2874.0,78840,88182,91885
2019-04-22 10:00:00.000000000,1555898400000000000,2874.0,2942.0,2874.0,2933.0,162863,91885,111670
2019-04-22 11:00:00.000000000,1555902000000000000,2933.0,2938.0,2898.0,2903.0,73730,111670,104241
2019-04-22 13:00:00.000000000,1555909200000000000,2902.0,2909.0,2900.0,2904.0,22237,104241,104412
2019-04-22 14:00:00.000000000,1555912800000000000,2904.0,2906.0,2859.0,2898.0,120773,104412,94363
2019-04-22 21:00:00.000000000,1555938000000000000,2894.0,2898.0,2876.0,2878.0,86589,94363,95842
2019-04-22 22:00:00.000000000,1555941600000000000,2878.0,2895.0,2877.0,2888.0,52327,95842,92481
2019-04-23 09:00:00.000000000,1555981200000000000,2900.0,2912.0,2891.0,2903.0,66710,92481,96663
2019-04-23 10:00:00.000000000,1555984800000000000,2903.0,2907.0,2888.0,2900.0,34456,96663,98217
2019-04-23 11:00:00.000000000,1555988400000000000,2900.0,2910.0,2898.0,2906.0,22775,98217,97441
2019-04-23 13:00:00.000000000,1555995600000000000,2908.0,2921.0,2903.0,2914.0,34967,97441,102065
2019-04-23 14:00:00.000000000,1555999200000000000,2914.0,2916.0,2902.0,2911.0,58848,102065,97141
2019-04-23 21:00:00.000000000,1556024400000000000,2896.0,2905.0,2883.0,2895.0,98727,97141,96211
2019-04-23 22:00:00.000000000,1556028000000000000,2895.0,2904.0,2888.0,2896.0,53384,96211,95528
2019-04-24 09:00:00.000000000,1556067600000000000,2887.0,2891.0,2880.0,2882.0,48655,95528,92623
2019-04-24 10:00:00.000000000,1556071200000000000,2882.0,2886.0,2877.0,2882.0,21156,92623,91205
2019-04-24 11:00:00.000000000,1556074800000000000,2882.0,2886.0,2880.0,2884.0,8956,91205,89923
2019-04-24 13:00:00.000000000,1556082000000000000,2885.0,2901.0,2884.0,2899.0,27321,89923,91785
2019-04-24 14:00:00.000000000,1556085600000000000,2899.0,2899.0,2886.0,2890.0,31797,91785,90989
2019-04-24 21:00:00.000000000,1556110800000000000,2908.0,2952.0,2899.0,2947.0,192117,90989,123274
2019-04-24 22:00:00.000000000,1556114400000000000,2947.0,2955.0,2925.0,2935.0,167569,123274,107521
2019-04-25 09:00:00.000000000,1556154000000000000,2925.0,2951.0,2924.0,2949.0,80452,107521,114174
2019-04-25 10:00:00.000000000,1556157600000000000,2949.0,2989.0,2946.0,2977.0,117977,114174,126891
2019-04-25 11:00:00.000000000,1556161200000000000,2977.0,2983.0,2964.0,2970.0,48657,126891,125483
2019-04-25 13:00:00.000000000,1556168400000000000,2970.0,2992.0,2970.0,2976.0,65510,125483,128306
2019-04-25 14:00:00.000000000,1556172000000000000,2976.0,2985.0,2963.0,2984.0,78847,128306,122630
2019-04-25 21:00:00.000000000,1556197200000000000,2987.0,3010.0,2978.0,2993.0,139469,122630,133937
2019-04-25 22:00:00.000000000,1556200800000000000,2993.0,2997.0,2982.0,2997.0,67531,133937,132082
2019-04-26 09:00:00.000000000,1556240400000000000,2974.0,2975.0,2953.0,2961.0,95152,132082,119967
2019-04-26 10:00:00.000000000,1556244000000000000,2961.0,2968.0,2956.0,2965.0,24428,119967,118286
2019-04-26 11:00:00.000000000,1556247600000000000,2965.0,2974.0,2960.0,2963.0,23918,118286,116613
2019-04-26 13:00:00.000000000,1556254800000000000,2965.0,2978.0,2964.0,2964.0,26371,116613,115839
2019-04-26 14:00:00.000000000,1556258400000000000,2964.0,2975.0,2941.0,2959.0,78038,115839,111602
2019-04-26 21:00:00.000000000,1556283600000000000,2913.0,2936.0,2899.0,2907.0,153030,111602,106431
2019-04-26 22:00:00.000000000,1556287200000000000,2907.0,2908.0,2860.0,2865.0,205434,106431,102928
2019-04-29 09:00:00.000000000,1556499600000000000,2870.0,2901.0,2868.0,2880.0,100770,102928,93229
2019-04-29 10:00:00.000000000,1556503200000000000,2880.0,2885.0,2873.0,2885.0,26783,93229,91813
2019-04-29 11:00:00.000000000,1556506800000000000,2885.0,2885.0,2877.0,2882.0,14510,91813,90521
2019-04-29 13:00:00.000000000,1556514000000000000,2882.0,2883.0,2866.0,2873.0,27327,90521,92996
2019-04-29 14:00:00.000000000,1556517600000000000,2873.0,2877.0,2863.0,2872.0,60460,92996,88994
2019-04-29 21:00:00.000000000,1556542800000000000,2878.0,2890.0,2863.0,2872.0,100963,88994,91659
2019-04-29 22:00:00.000000000,1556546400000000000,2872.0,2889.0,2872.0,2882.0,68659,91659,88724
2019-04-30 09:00:00.000000000,1556586000000000000,2887.0,2895.0,2872.0,2874.0,48460,88724,86629
2019-04-30 10:00:00.000000000,1556589600000000000,2874.0,2885.0,2869.0,2883.0,18481,86629,86419
2019-04-30 11:00:00.000000000,1556593200000000000,2883.0,2888.0,2881.0,2886.0,10813,86419,85035
2019-04-30 13:00:00.000000000,1556600400000000000,2884.0,2894.0,2879.0,2892.0,18654,85035,83926
2019-04-30 14:00:00.000000000,1556604000000000000,2892.0,2896.0,2873.0,2883.0,64290,83926,79305
2019-05-06 09:00:00.000000000,1557104400000000000,2755.0,2799.0,2719.0,2762.0,114757,79305,82053
2019-05-06 10:00:00.000000000,1557108000000000000,2762.0,2764.0,2754.0,2761.0,25094,82053,82110
2019-05-06 11:00:00.000000000,1557111600000000000,2761.0,2764.0,2753.0,2757.0,13306,82110,83673
2019-05-06 13:00:00.000000000,1557118800000000000,2757.0,2761.0,2744.0,2758.0,35967,83673,83093
2019-05-06 14:00:00.000000000,1557122400000000000,2758.0,2760.0,2753.0,2755.0,32993,83093,79158
2019-05-06 21:00:00.000000000,1557147600000000000,2783.0,2804.0,2770.0,2798.0,138118,79158,85476
2019-05-06 22:00:00.000000000,1557151200000000000,2798.0,2807.0,2795.0,2802.0,59132,85476,83165
2019-05-07 09:00:00.000000000,1557190800000000000,2812.0,2843.0,2810.0,2835.0,93165,83165,89909
2019-05-07 10:00:00.000000000,1557194400000000000,2835.0,2839.0,2833.0,2837.0,13468,89909,88794
2019-05-07 11:00:00.000000000,1557198000000000000,2837.0,2846.0,2835.0,2844.0,20618,88794,90108
2019-05-07 13:00:00.000000000,1557205200000000000,2848.0,2850.0,2839.0,2839.0,18338,90108,92359
2019-05-07 14:00:00.000000000,1557208800000000000,2839.0,2842.0,2827.0,2837.0,56039,92359,90426
2019-05-07 21:00:00.000000000,1557234000000000000,2812.0,2818.0,2794.0,2796.0,131743,90426,96708
2019-05-07 22:00:00.000000000,1557237600000000000,2796.0,2815.0,2782.0,2814.0,133938,96708,93066
2019-05-08 09:00:00.000000000,1557277200000000000,2817.0,2823.0,2798.0,2807.0,53982,93066,93364
2019-05-08 10:00:00.000000000,1557280800000000000,2807.0,2813.0,2806.0,2808.0,15858,93364,92174
2019-05-08 11:00:00.000000000,1557284400000000000,2808.0,2810.0,2806.0,2807.0,7253,92174,91810
2019-05-08 13:00:00.000000000,1557291600000000000,2807.0,2808.0,2788.0,2793.0,38116,91810,94326
2019-05-08 14:00:00.000000000,1557295200000000000,2793.0,2801.0,2784.0,2796.0,53641,94326,89117
2019-05-08 21:00:00.000000000,1557320400000000000,2786.0,2796.0,2767.0,2789.0,126805,89117,96088
2019-05-08 22:00:00.000000000,1557324000000000000,2789.0,2808.0,2787.0,2804.0,91774,96088,91090
2019-05-09 09:00:00.000000000,1557363600000000000,2792.0,2813.0,2789.0,2805.0,80821,91090,87737
2019-05-09 10:00:00.000000000,1557367200000000000,2805.0,2806.0,2793.0,2801.0,23085,87737,87165
2019-05-09 11:00:00.000000000,1557370800000000000,2801.0,2802.0,2794.0,2796.0,13327,87165,86437
2019-05-09 13:00:00.000000000,1557378000000000000,2799.0,2817.0,2799.0,2813.0,28250,86437,88029
2019-05-09 14:00:00.000000000,1557381600000000000,2813.0,2815.0,2801.0,2801.0,40951,88029,83338
2019-05-09 21:00:00.000000000,1557406800000000000,2807.0,2831.0,2803.0,2813.0,135249,83338,88886
2019-05-09 22:00:00.000000000,1557410400000000000,2813.0,2813.0,2791.0,2801.0,102947,88886,86328
2019-05-10 09:00:00.000000000,1557450000000000000,2829.0,2866.0,2829.0,2845.0,87889,86328,85639
2019-05-10 10:00:00.000000000,1557453600000000000,2845.0,2848.0,2831.0,2832.0,29109,85639,84778
2019-05-10 11:00:00.000000000,1557457200000000000,2832.0,2834.0,2812.0,2818.0,39389,84778,86342
2019-05-10 13:00:00.000000000,1557464400000000000,2810.0,2825.0,2808.0,2823.0,25350,86342,86936
2019-05-10 14:00:00.000000000,1557468000000000000,2823.0,2829.0,2818.0,2821.0,39347,86936,84365
2019-05-10 21:00:00.000000000,1557493200000000000,2813.0,2831.0,2812.0,2822.0,65086,84365,89065
2019-05-10 22:00:00.000000000,1557496800000000000,2822.0,2824.0,2813.0,2824.0,47034,89065,85305
2019-05-13 09:00:00.000000000,1557709200000000000,2819.0,2844.0,2811.0,2836.0,68643,85305,87218
2019-05-13 10:00:00.000000000,1557712800000000000,2836.0,2847.0,2836.0,2841.0,27208,87218,86934
2019-05-13 11:00:00.000000000,1557716400000000000,2841.0,2859.0,2838.0,2853.0,24909,86934,87380
2019-05-13 13:00:00.000000000,1557723600000000000,2852.0,2864.0,2846.0,2861.0,30723,87380,90637
2019-05-13 14:00:00.000000000,1557727200000000000,2861.0,2876.0,2850.0,2875.0,62180,90637,90080
2019-05-13 21:00:00.000000000,1557752400000000000,2901.0,2930.0,2885.0,2907.0,174563,90080,94150
2019-05-13 22:00:00.000000000,1557756000000000000,2907.0,2910.0,2865.0,2872.0,139489,94150,89379
2019-05-14 09:00:00.000000000,1557795600000000000,2840.0,2846.0,2814.0,2821.0,91780,89379,86737
2019-05-14 10:00:00.000000000,1557799200000000000,2821.0,2823.0,2804.0,2809.0,42807,86737,84001
2019-05-14 11:00:00.000000000,1557802800000000000,2809.0,2832.0,2804.0,2830.0,39042,84001,83931
2019-05-14 13:00:00.000000000,1557810000000000000,2829.0,2830.0,2812.0,2818.0,18535,83931,86049
2019-05-14 14:00:00.000000000,1557813600000000000,2818.0,2831.0,2814.0,2815.0,47750,86049,84100
2019-05-14 21:00:00.000000000,1557838800000000000,2832.0,2844.0,2806.0,2830.0,128953,84100,93582
2019-05-14 22:00:00.000000000,1557842400000000000,2830.0,2845.0,2826.0,2827.0,74952,93582,90085
2019-05-15 09:00:00.000000000,1557882000000000000,2818.0,2825.0,2796.0,2797.0,92245,90085,92871
2019-05-15 10:00:00.000000000,1557885600000000000,2797.0,2801.0,2785.0,2793.0,54790,92871,97520
2019-05-15 11:00:00.000000000,1557889200000000000,2793.0,2796.0,2783.0,2791.0,29588,97520,99240
2019-05-15 13:00:00.000000000,1557896400000000000,2791.0,2805.0,2791.0,2795.0,28107,99240,96930
2019-05-15 14:00:00.000000000,1557900000000000000,2795.0,2801.0,2781.0,2793.0,54501,96930,97668
2019-05-15 21:00:00.000000000,1557925200000000000,2787.0,2808.0,2786.0,2805.0,96210,97668,98864
2019-05-15 22:00:00.000000000,1557928800000000000,2805.0,2855.0,2798.0,2846.0,126593,98864,88285
2019-05-16 09:00:00.000000000,1557968400000000000,2855.0,2866.0,2838.0,2856.0,79149,88285,85084
2019-05-16 10:00:00.000000000,1557972000000000000,2856.0,2858.0,2848.0,2850.0,23192,85084,84094
2019-05-16 11:00:00.000000000,1557975600000000000,2850.0,2854.0,2845.0,2851.0,15763,84094,83349
2019-05-16 13:00:00.000000000,1557982800000000000,2851.0,2856.0,2846.0,2849.0,15897,83349,83606
2019-05-16 14:00:00.000000000,1557986400000000000,2849.0,2862.0,2841.0,2846.0,49798,83606,83156
2019-05-16 21:00:00.000000000,1558011600000000000,2884.0,2916.0,2869.0,2909.0,156218,83156,94239
2019-05-16 22:00:00.000000000,1558015200000000000,2909.0,2930.0,2904.0,2922.0,127175,94239,95285
2019-05-17 09:00:00.000000000,1558054800000000000,2915.0,2943.0,2907.0,2923.0,98464,95285,95301
2019-05-17 10:00:00.000000000,1558058400000000000,2923.0,2942.0,2917.0,2926.0,42033,95301,97549
2019-05-17 11:00:00.000000000,1558062000000000000,2926.0,2931.0,2909.0,2920.0,32923,97549,95604
2019-05-17 13:00:00.000000000,1558069200000000000,2917.0,2925.0,2895.0,2896.0,53662,95604,93800
2019-05-17 14:00:00.000000000,1558072800000000000,2896.0,2911.0,2884.0,2908.0,86036,93800,87611
2019-05-17 21:00:00.000000000,1558098000000000000,2915.0,2937.0,2905.0,2923.0,150007,87611,98154
2019-05-17 22:00:00.000000000,1558101600000000000,2923.0,2927.0,2912.0,2925.0,84389,98154,90205
2019-05-20 09:00:00.000000000,1558314000000000000,2935.0,2971.0,2934.0,2957.0,94660,90205,97141
2019-05-20 10:00:00.000000000,1558317600000000000,2957.0,2965.0,2945.0,2956.0,29989,97141,98614
2019-05-20 11:00:00.000000000,1558321200000000000,2956.0,2972.0,2954.0,2962.0,21766,98614,99426
2019-05-20 13:00:00.000000000,1558328400000000000,2959.0,2959.0,2950.0,2956.0,21446,99426,99061
2019-05-20 14:00:00.000000000,1558332000000000000,2956.0,2980.0,2953.0,2974.0,62485,99061,97948
2019-05-20 21:00:00.000000000,1558357200000000000,2923.0,2933.0,2912.0,2927.0,116696,97948,96539
2019-05-20 22:00:00.000000000,1558360800000000000,2927.0,2945.0,2921.0,2941.0,70262,96539,94850
2019-05-21 09:00:00.000000000,1558400400000000000,2933.0,2937.0,2910.0,2923.0,83458,94850,91926
2019-05-21 10:00:00.000000000,1558404000000000000,2923.0,2926.0,2912.0,2917.0,26619,91926,94077
2019-05-21 11:00:00.000000000,1558407600000000000,2917.0,2918.0,2891.0,2904.0,36330,94077,91807
2019-05-21 13:00:00.000000000,1558414800000000000,2905.0,2916.0,2903.0,2915.0,17902,91807,92156
2019-05-21 14:00:00.000000000,1558418400000000000,2915.0,2921.0,2906.0,2920.0,41367,92156,91475
2019-05-21 21:00:00.000000000,1558443600000000000,2918.0,2925.0,2883.0,2898.0,109074,91475,93579
2019-05-21 22:00:00.000000000,1558447200000000000,2898.0,2929.0,2880.0,2887.0,118036,93579,85287
2019-05-22 09:00:00.000000000,1558486800000000000,2876.0,2881.0,2858.0,2872.0,77982,85287,81948
2019-05-22 10:00:00.000000000,1558490400000000000,2872.0,2876.0,2862.0,2869.0,23905,81948,82912
2019-05-22 11:00:00.000000000,1558494000000000000,2869.0,2875.0,2866.0,2871.0,12969,82912,83029
2019-05-22 13:00:00.000000000,1558501200000000000,2868.0,2873.0,2862.0,2866.0,18710,83029,82652
2019-05-22 14:00:00.000000000,1558504800000000000,2866.0,2875.0,2854.0,2868.0,59710,82652,78893
2019-05-22 21:00:00.000000000,1558530000000000000,2855.0,2864.0,2832.0,2857.0,92501,78893,79784
2019-05-22 22:00:00.000000000,1558533600000000000,2857.0,2872.0,2812.0,2817.0,119200,79784,80112
2019-05-23 09:00:00.000000000,1558573200000000000,2802.0,2806.0,2784.0,2799.0,75647,80112,81050
2019-05-23 10:00:00.000000000,1558576800000000000,2799.0,2811.0,2793.0,2804.0,30701,81050,78724
2019-05-23 11:00:00.000000000,1558580400000000000,2804.0,2804.0,2796.0,2800.0,10476,78724,78613
2019-05-23 13:00:00.000000000,1558587600000000000,2796.0,2798.0,2773.0,2788.0,48665,78613,78246
2019-05-23 14:00:00.000000000,1558591200000000000,2788.0,2793.0,2775.0,2781.0,47321,78246,77444
2019-05-23 21:00:00.000000000,1558616400000000000,2741.0,2751.0,2680.0,2690.0,253472,77444,113681
2019-05-23 22:00:00.000000000,1558620000000000000,2690.0,2698.0,2658.0,2678.0,187466,113681,114395
2019-05-24 09:00:00.000000000,1558659600000000000,2675.0,2718.0,2670.0,2715.0,105973,114395,109801
2019-05-24 10:00:00.000000000,1558663200000000000,2715.0,2726.0,2701.0,2707.0,50038,109801,108561
2019-05-24 11:00:00.000000000,1558666800000000000,2707.0,2722.0,2694.0,2719.0,34240,108561,107061
2019-05-24 13:00:00.000000000,1558674000000000000,2719.0,2725.0,2708.0,2709.0,28868,107061,109553
2019-05-24 14:00:00.000000000,1558677600000000000,2709.0,2730.0,2703.0,2719.0,63819,109553,102435
2019-05-24 21:00:00.000000000,1558702800000000000,2728.0,2755.0,2686.0,2693.0,194907,102435,113264
2019-05-24 22:00:00.000000000,1558706400000000000,2693.0,2705.0,2669.0,2674.0,130473,113264,111557
2019-05-27 09:00:00.000000000,1558918800000000000,2728.0,2734.0,2709.0,2719.0,117565,111557,106811
2019-05-27 10:00:00.000000000,1558922400000000000,2719.0,2724.0,2708.0,2715.0,30255,106811,108103
2019-05-27 11:00:00.000000000,1558926000000000000,2715.0,2724.0,2712.0,2721.0,17887,108103,108035
2019-05-27 13:00:00.000000000,1558933200000000000,2717.0,2719.0,2696.0,2706.0,35656,108035,111256
2019-05-27 14:00:00.000000000,1558936800000000000,2706.0,2722.0,2700.0,2709.0,52996,111256,107194
2019-05-27 21:00:00.000000000,1558962000000000000,2719.0,2733.0,2713.0,2724.0,87921,107194,106726
2019-05-27 22:00:00.000000000,1558965600000000000,2724.0,2737.0,2714.0,2732.0,60818,106726,104222
2019-05-28 09:00:00.000000000,1559005200000000000,2754.0,2759.0,2738.0,2747.0,67768,104222,108836
2019-05-28 10:00:00.000000000,1559008800000000000,2747.0,2766.0,2746.0,2763.0,49986,108836,107452
2019-05-28 11:00:00.000000000,1559012400000000000,2763.0,2763.0,2749.0,2756.0,17185,107452,105907
2019-05-28 13:00:00.000000000,1559019600000000000,2758.0,2768.0,2758.0,2759.0,24594,105907,107531
2019-05-28 14:00:00.000000000,1559023200000000000,2759.0,2761.0,2738.0,2742.0,56931,107531,107578
2019-05-28 21:00:00.000000000,1559048400000000000,2745.0,2762.0,2731.0,2739.0,114583,107578,108472
2019-05-28 22:00:00.000000000,1559052000000000000,2739.0,2748.0,2727.0,2734.0,85354,108472,107676
2019-05-29 09:00:00.000000000,1559091600000000000,2727.0,2754.0,2721.0,2751.0,55598,107676,106240
2019-05-29 10:00:00.000000000,1559095200000000000,2751.0,2758.0,2737.0,2739.0,32764,106240,106048
2019-05-29 11:00:00.000000000,1559098800000000000,2739.0,2744.0,2736.0,2741.0,13639,106048,106587
2019-05-29 13:00:00.000000000,1559106000000000000,2741.0,2751.0,2738.0,2746.0,17467,106587,106288
2019-05-29 14:00:00.000000000,1559109600000000000,2746.0,2750.0,2731.0,2744.0,48048,106288,105224
2019-05-29 21:00:00.000000000,1559134800000000000,2689.0,2715.0,2673.0,2708.0,169722,105224,111716
2019-05-29 22:00:00.000000000,1559138400000000000,2708.0,2729.0,2705.0,2726.0,104859,111716,111567
2019-05-30 09:00:00.000000000,1559178000000000000,2750.0,2772.0,2733.0,2735.0,128336,111567,92986
2019-05-30 10:00:00.000000000,1559181600000000000,2735.0,2742.0,2728.0,2736.0,27005,92986,92163
2019-05-30 11:00:00.000000000,1559185200000000000,2736.0,2745.0,2733.0,2740.0,13413,92163,91421
2019-05-30 13:00:00.000000000,1559192400000000000,2743.0,2750.0,2742.0,2746.0,19207,91421,92150
2019-05-30 14:00:00.000000000,1559196000000000000,2746.0,2752.0,2738.0,2751.0,36983,92150,90397
2019-05-30 21:00:00.000000000,1559221200000000000,2731.0,2736.0,2716.0,2729.0,99007,90397,93815
2019-05-30 22:00:00.000000000,1559224800000000000,2729.0,2732.0,2723.0,2730.0,62911,93815,92988
2019-05-31 09:00:00.000000000,1559264400000000000,2631.0,2661.0,2622.0,2652.0,141879,92988,105593
2019-05-31 10:00:00.000000000,1559268000000000000,2652.0,2653.0,2632.0,2642.0,39542,105593,108982
2019-05-31 11:00:00.000000000,1559271600000000000,2642.0,2647.0,2610.0,2612.0,41565,108982,114108
2019-05-31 13:00:00.000000000,1559278800000000000,2612.0,2624.0,2612.0,2621.0,38114,114108,119326
2019-05-31 14:00:00.000000000,1559282400000000000,2621.0,2638.0,2615.0,2620.0,69303,119326,116033
2019-05-31 21:00:00.000000000,1559307600000000000,2614.0,2623.0,2591.0,2608.0,177568,116033,130867
2019-05-31 22:00:00.000000000,1559311200000000000,2608.0,2646.0,2601.0,2636.0,146539,130867,114787
2019-06-03 09:00:00.000000000,1559523600000000000,2552.0,2554.0,2508.0,2521.0,159800,114787,122996
2019-06-03 10:00:00.000000000,1559527200000000000,2521.0,2537.0,2515.0,2528.0,37081,122996,124045
2019-06-03 11:00:00.000000000,1559530800000000000,2528.0,2534.0,2527.0,2531.0,19266,124045,123120
2019-06-03 13:00:00.000000000,1559538000000000000,2528.0,2541.0,2520.0,2529.0,31015,123120,122834
2019-06-03 14:00:00.000000000,1559541600000000000,2529.0,2539.0,2522.0,2536.0,49372,122834,122754
2019-06-03 21:00:00.000000000,1559566800000000000,2579.0,2588.0,2553.0,2564.0,160469,122754,125130
2019-06-03 22:00:00.000000000,1559570400000000000,2564.0,2568.0,2547.0,2561.0,98589,125130,122271
2019-06-04 09:00:00.000000000,1559610000000000000,2539.0,2550.0,2529.0,2530.0,79534,122271,120988
2019-06-04 10:00:00.000000000,1559613600000000000,2530.0,2538.0,2527.0,2534.0,36010,120988,120907
2019-06-04 11:00:00.000000000,1559617200000000000,2534.0,2538.0,2531.0,2536.0,12900,120907,121202
2019-06-04 13:00:00.000000000,1559624400000000000,2533.0,2542.0,2533.0,2540.0,19959,121202,120476
2019-06-04 14:00:00.000000000,1559628000000000000,2540.0,2542.0,2526.0,2538.0,56162,120476,121747
2019-06-04 21:00:00.000000000,1559653200000000000,2534.0,2547.0,2530.0,2536.0,103297,121747,122992
2019-06-04 22:00:00.000000000,1559656800000000000,2536.0,2555.0,2531.0,2551.0,89002,122992,120412
2019-06-05 09:00:00.000000000,1559696400000000000,2551.0,2567.0,2548.0,2562.0,71425,120412,121445
2019-06-05 10:00:00.000000000,1559700000000000000,2562.0,2573.0,2560.0,2565.0,36653,121445,125401
2019-06-05 11:00:00.000000000,1559703600000000000,2565.0,2572.0,2563.0,2570.0,11730,125401,125102
2019-06-05 13:00:00.000000000,1559710800000000000,2569.0,2569.0,2555.0,2560.0,28529,125102,123331
2019-06-05 14:00:00.000000000,1559714400000000000,2560.0,2560.0,2548.0,2557.0,41132,123331,122373
2019-06-05 21:00:00.000000000,1559739600000000000,2555.0,2577.0,2550.0,2561.0,117957,122373,129315
2019-06-05 22:00:00.000000000,1559743200000000000,2561.0,2569.0,2525.0,2534.0,213374,129315,128068
2019-06-06 09:00:00.000000000,1559782800000000000,2539.0,2541.0,2488.0,2505.0,135027,128068,139870
2019-06-06 10:00:00.000000000,1559786400000000000,2505.0,2517.0,2503.0,2503.0,43187,139870,137807
2019-06-06 11:00:00.000000000,1559790000000000000,2503.0,2523.0,2498.0,2519.0,37702,137807,135969
2019-06-06 13:00:00.000000000,1559797200000000000,2517.0,2530.0,2517.0,2528.0,31733,135969,138096
2019-06-06 14:00:00.000000000,1559800800000000000,2528.0,2539.0,2519.0,2538.0,64688,138096,135230
2019-06-10 09:00:00.000000000,1560128400000000000,2628.0,2640.0,2597.0,2602.0,126070,135230,138773
2019-06-10 10:00:00.000000000,1560132000000000000,2602.0,2611.0,2600.0,2610.0,28562,138773,138082
2019-06-10 11:00:00.000000000,1560135600000000000,2610.0,2619.0,2608.0,2612.0,19933,138082,137218
2019-06-10 13:00:00.000000000,1560142800000000000,2615.0,2616.0,2605.0,2608.0,17368,137218,137582
2019-06-10 14:00:00.000000000,1560146400000000000,2608.0,2618.0,2606.0,2608.0,41962,137582,134077
2019-06-10 21:00:00.000000000,1560171600000000000,2612.0,2618.0,2592.0,2595.0,99400,134077,137851
2019-06-10 22:00:00.000000000,1560175200000000000,2595.0,2623.0,2593.0,2620.0,80251,137851,134852
2019-06-11 09:00:00.000000000,1560214800000000000,2597.0,2603.0,2587.0,2596.0,81744,134852,136574
2019-06-11 10:00:00.000000000,1560218400000000000,2596.0,2598.0,2578.0,2585.0,42723,136574,135350
2019-06-11 11:00:00.000000000,1560222000000000000,2585.0,2592.0,2582.0,2591.0,15390,135350,133419
2019-06-11 13:00:00.000000000,1560229200000000000,2591.0,2615.0,2586.0,2609.0,41622,133419,134033
2019-06-11 14:00:00.000000000,1560232800000000000,2609.0,2615.0,2598.0,2603.0,51979,134033,131825
2019-06-11 21:00:00.000000000,1560258000000000000,2608.0,2611.0,2565.0,2580.0,136420,131825,140558
2019-06-11 22:00:00.000000000,1560261600000000000,2580.0,2587.0,2572.0,2573.0,73326,140558,141329
2019-06-12 09:00:00.000000000,1560301200000000000,2549.0,2557.0,2536.0,2538.0,87323,141329,146672
2019-06-12 10:00:00.000000000,1560304800000000000,2538.0,2545.0,2535.0,2538.0,28751,146672,147422
2019-06-12 11:00:00.000000000,1560308400000000000,2538.0,2545.0,2536.0,2542.0,17005,147422,145056
2019-06-12 13:00:00.000000000,1560315600000000000,2538.0,2540.0,2532.0,2540.0,22078,145056,146430
2019-06-12 14:00:00.000000000,1560319200000000000,2540.0,2540.0,2518.0,2529.0,59677,146430,147262
2019-06-12 21:00:00.000000000,1560344400000000000,2507.0,2528.0,2505.0,2523.0,96496,147262,149601
2019-06-12 22:00:00.000000000,1560348000000000000,2523.0,2524.0,2497.0,2513.0,149877,149601,148591
2019-06-13 09:00:00.000000000,1560387600000000000,2489.0,2489.0,2471.0,2479.0,100314,148591,163134
2019-06-13 10:00:00.000000000,1560391200000000000,2479.0,2480.0,2454.0,2459.0,58895,163134,171063
2019-06-13 11:00:00.000000000,1560394800000000000,2459.0,2459.0,2448.0,2455.0,37243,171063,172435
2019-06-13 13:00:00.000000000,1560402000000000000,2466.0,2485.0,2465.0,2482.0,59504,172435,164147
2019-06-13 14:00:00.000000000,1560405600000000000,2482.0,2545.0,2480.0,2535.0,207747,164147,151604
2019-06-13 21:00:00.000000000,1560430800000000000,2544.0,2555.0,2497.0,2504.0,179280,151604,166893
2019-06-13 22:00:00.000000000,1560434400000000000,2504.0,2510.0,2482.0,2483.0,124911,166893,169088
2019-06-14 09:00:00.000000000,1560474000000000000,2465.0,2494.0,2460.0,2482.0,78618,169088,169688
2019-06-14 10:00:00.000000000,1560477600000000000,2482.0,2494.0,2476.0,2494.0,43589,169688,170400
2019-06-14 11:00:00.000000000,1560481200000000000,2494.0,2501.0,2483.0,2485.0,35819,170400,169028
2019-06-14 13:00:00.000000000,1560488400000000000,2486.0,2488.0,2479.0,2484.0,28770,169028,169691
2019-06-14 14:00:00.000000000,1560492000000000000,2484.0,2486.0,2463.0,2475.0,79522,169691,168009
2019-06-14 21:00:00.000000000,1560517200000000000,2485.0,2499.0,2473.0,2487.0,125322,168009,158424
2019-06-14 22:00:00.000000000,1560520800000000000,2487.0,2501.0,2483.0,2496.0,71744,158424,153460
2019-06-17 09:00:00.000000000,1560733200000000000,2497.0,2508.0,2492.0,2496.0,55336,153460,154056
2019-06-17 10:00:00.000000000,1560736800000000000,2496.0,2504.0,2489.0,2489.0,28700,154056,152877
2019-06-17 11:00:00.000000000,1560740400000000000,2489.0,2500.0,2488.0,2497.0,18000,152877,150604
2019-06-17 13:00:00.000000000,1560747600000000000,2496.0,2503.0,2494.0,2497.0,16193,150604,150625
2019-06-17 14:00:00.000000000,1560751200000000000,2497.0,2499.0,2491.0,2497.0,39787,150625,148173
2019-06-17 21:00:00.000000000,1560776400000000000,2489.0,2494.0,2473.0,2483.0,102211,148173,151453
2019-06-17 22:00:00.000000000,1560780000000000000,2483.0,2496.0,2478.0,2496.0,61962,151453,149881
2019-06-18 09:00:00.000000000,1560819600000000000,2469.0,2476.0,2451.0,2455.0,100935,149881,162706
2019-06-18 10:00:00.000000000,1560823200000000000,2455.0,2456.0,2437.0,2442.0,56696,162706,170649
2019-06-18 11:00:00.000000000,1560826800000000000,2442.0,2457.0,2440.0,2454.0,34457,170649,165087
2019-06-18 13:00:00.000000000,1560834000000000000,2451.0,2455.0,2448.0,2450.0,17904,165087,165848
2019-06-18 14:00:00.000000000,1560837600000000000,2450.0,2450.0,2427.0,2433.0,100436,165848,163902
2019-06-18 21:00:00.000000000,1560862800000000000,2452.0,2495.0,2444.0,2494.0,189098,163902,145788
2019-06-18 22:00:00.000000000,1560866400000000000,2494.0,2525.0,2489.0,2521.0,146555,145788,134259
2019-06-19 09:00:00.000000000,1560906000000000000,2520.0,2521.0,2507.0,2512.0,83701,134259,127488
2019-06-19 10:00:00.000000000,1560909600000000000,2512.0,2519.0,2507.0,2509.0,32008,127488,126121
2019-06-19 11:00:00.000000000,1560913200000000000,2509.0,2514.0,2502.0,2511.0,19387,126121,124743
2019-06-19 13:00:00.000000000,1560920400000000000,2513.0,2527.0,2513.0,2526.0,29075,124743,128165
2019-06-19 14:00:00.000000000,1560924000000000000,2526.0,2530.0,2515.0,2522.0,59328,128165,122790
2019-06-19 21:00:00.000000000,1560949200000000000,2516.0,2524.0,2497.0,2507.0,112780,122790,125242
2019-06-19 22:00:00.000000000,1560952800000000000,2507.0,2540.0,2506.0,2531.0,130076,125242,120455
2019-06-20 09:00:00.000000000,1560992400000000000,2544.0,2551.0,2520.0,2527.0,80660,120455,120961
2019-06-20 10:00:00.000000000,1560996000000000000,2527.0,2527.0,2511.0,2519.0,33581,120961,120747
2019-06-20 11:00:00.000000000,1560999600000000000,2519.0,2527.0,2516.0,2522.0,14484,120747,120493
2019-06-20 13:00:00.000000000,1561006800000000000,2526.0,2546.0,2524.0,2544.0,32008,120493,118869
2019-06-20 14:00:00.000000000,1561010400000000000,2544.0,2567.0,2536.0,2557.0,119361,118869,116684
2019-06-20 21:00:00.000000000,1561035600000000000,2557.0,2577.0,2553.0,2555.0,124041,116684,120593
2019-06-20 22:00:00.000000000,1561039200000000000,2555.0,2586.0,2554.0,2575.0,116843,120593,119722
2019-06-21 09:00:00.000000000,1561078800000000000,2588.0,2611.0,2587.0,2610.0,107443,119722,119932
2019-06-21 10:00:00.000000000,1561082400000000000,2610.0,2618.0,2594.0,2596.0,56840,119932,116264
2019-06-21 11:00:00.000000000,1561086000000000000,2596.0,2601.0,2577.0,2580.0,42717,116264,112964
2019-06-21 13:00:00.000000000,1561093200000000000,2576.0,2576.0,2559.0,2563.0,51730,112964,109588
2019-06-21 14:00:00.000000000,1561096800000000000,2563.0,2590.0,2561.0,2583.0,58414,109588,105699
2019-06-21 21:00:00.000000000,1561122000000000000,2602.0,2626.0,2591.0,2624.0,131330,105699,113814
2019-06-21 22:00:00.000000000,1561125600000000000,2624.0,2628.0,2607.0,2623.0,106071,113814,107397
2019-06-24 09:00:00.000000000,1561338000000000000,2627.0,2657.0,2627.0,2647.0,93147,107397,109464
2019-06-24 10:00:00.000000000,1561341600000000000,2647.0,2652.0,2638.0,2646.0,38960,109464,105377
2019-06-24 11:00:00.000000000,1561345200000000000,2646.0,2656.0,2643.0,2647.0,25093,105377,106989
2019-06-24 13:00:00.000000000,1561352400000000000,2648.0,2661.0,2647.0,2647.0,26126,106989,107584
2019-06-24 14:00:00.000000000,1561356000000000000,2647.0,2666.0,2642.0,2649.0,86832,107584,102057
2019-06-24 21:00:00.000000000,1561381200000000000,2653.0,2656.0,2633.0,2635.0,138951,102057,104999
2019-06-24 22:00:00.000000000,1561384800000000000,2635.0,2648.0,2633.0,2641.0,65954,104999,102391
2019-06-25 09:00:00.000000000,1561424400000000000,2654.0,2662.0,2648.0,2649.0,48342,102391,101650
2019-06-25 10:00:00.000000000,1561428000000000000,2649.0,2654.0,2624.0,2625.0,57325,101650,102662
2019-06-25 11:00:00.000000000,1561431600000000000,2625.0,2628.0,2619.0,2623.0,28387,102662,101792
2019-06-25 13:00:00.000000000,1561438800000000000,2624.0,2642.0,2623.0,2641.0,33699,101792,101096
2019-06-25 14:00:00.000000000,1561442400000000000,2641.0,2653.0,2641.0,2647.0,74423,101096,101033
2019-06-25 21:00:00.000000000,1561467600000000000,2643.0,2675.0,2642.0,2669.0,142109,101033,105225
2019-06-25 22:00:00.000000000,1561471200000000000,2669.0,2678.0,2650.0,2658.0,103785,105225,100400
2019-06-26 09:00:00.000000000,1561510800000000000,2686.0,2699.0,2683.0,2693.0,84310,100400,108650
2019-06-26 10:00:00.000000000,1561514400000000000,2693.0,2698.0,2689.0,2695.0,25468,108650,108749
2019-06-26 11:00:00.000000000,1561518000000000000,2695.0,2699.0,2692.0,2696.0,19434,108749,108655
2019-06-26 13:00:00.000000000,1561525200000000000,2702.0,2719.0,2698.0,2715.0,52962,108655,113719
2019-06-26 14:00:00.000000000,1561528800000000000,2715.0,2723.0,2703.0,2710.0,73741,113719,107115
2019-06-26 21:00:00.000000000,1561554000000000000,2704.0,2725.0,2688.0,2716.0,119054,107115,109203
2019-06-26 22:00:00.000000000,1561557600000000000,2716.0,2742.0,2709.0,2738.0,132453,109203,106830
2019-06-27 09:00:00.000000000,1561597200000000000,2718.0,2742.0,2711.0,2736.0,78867,106830,109367
2019-06-27 10:00:00.000000000,1561600800000000000,2736.0,2751.0,2733.0,2745.0,39072,109367,110012
2019-06-27 11:00:00.000000000,1561604400000000000,2745.0,2747.0,2733.0,2736.0,21980,110012,106974
2019-06-27 13:00:00.000000000,1561611600000000000,2735.0,2736.0,2727.0,2727.0,24999,106974,105584
2019-06-27 14:00:00.000000000,1561615200000000000,2727.0,2729.0,2715.0,2716.0,64457,105584,102339
2019-06-27 21:00:00.000000000,1561640400000000000,2734.0,2777.0,2725.0,2768.0,155191,102339,120872
2019-06-27 22:00:00.000000000,1561644000000000000,2768.0,2788.0,2768.0,2782.0,121938,120872,117950
2019-06-28 09:00:00.000000000,1561683600000000000,2785.0,2787.0,2766.0,2778.0,70412,117950,116264
2019-06-28 10:00:00.000000000,1561687200000000000,2778.0,2782.0,2750.0,2762.0,62107,116264,112052
2019-06-28 11:00:00.000000000,1561690800000000000,2762.0,2768.0,2752.0,2768.0,24795,112052,110416
2019-06-28 13:00:00.000000000,1561698000000000000,2766.0,2779.0,2761.0,2765.0,36389,110416,110739
2019-06-28 14:00:00.000000000,1561701600000000000,2765.0,2775.0,2762.0,2775.0,56464,110739,105965
2019-06-28 21:00:00.000000000,1561726800000000000,2797.0,2805.0,2758.0,2761.0,148461,105965,108192
2019-06-28 22:00:00.000000000,1561730400000000000,2761.0,2777.0,2759.0,2773.0,78675,108192,100608
2019-07-01 09:00:00.000000000,1561942800000000000,2778.0,2818.0,2778.0,2816.0,104942,100608,102328
2019-07-01 10:00:00.000000000,1561946400000000000,2816.0,2835.0,2811.0,2823.0,55836,102328,105350
2019-07-01 11:00:00.000000000,1561950000000000000,2823.0,2827.0,2820.0,2824.0,15531,105350,104940
2019-07-01 13:00:00.000000000,1561957200000000000,2830.0,2868.0,2826.0,2865.0,66786,104940,109738
2019-07-01 14:00:00.000000000,1561960800000000000,2865.0,2867.0,2853.0,2863.0,67570,109738,102925
2019-07-01 21:00:00.000000000,1561986000000000000,2859.0,2868.0,2831.0,2833.0,107862,102925,102395
2019-07-01 22:00:00.000000000,1561989600000000000,2833.0,2850.0,2816.0,2839.0,104247,102395,97530
2019-07-02 09:00:00.000000000,1562029200000000000,2808.0,2814.0,2783.0,2809.0,122919,97530,96464
2019-07-02 10:00:00.000000000,1562032800000000000,2809.0,2812.0,2793.0,2810.0,32952,96464,95948
2019-07-02 11:00:00.000000000,1562036400000000000,2810.0,2812.0,2798.0,2800.0,20177,95948,95196
2019-07-02 13:00:00.000000000,1562043600000000000,2804.0,2833.0,2803.0,2832.0,44609,95196,99708
2019-07-02 14:00:00.000000000,1562047200000000000,2832.0,2841.0,2824.0,2832.0,63551,99708,97581
2019-07-02 21:00:00.000000000,1562072400000000000,2789.0,2816.0,2759.0,2761.0,200345,97581,101298
2019-07-02 22:00:00.000000000,1562076000000000000,2761.0,2766.0,2715.0,2729.0,191787,101298,97956
2019-07-03 09:00:00.000000000,1562115600000000000,2718.0,2748.0,2711.0,2724.0,88470,97956,97234
2019-07-03 10:00:00.000000000,1562119200000000000,2724.0,2743.0,2722.0,2734.0,43752,97234,97882
2019-07-03 11:00:00.000000000,1562122800000000000,2734.0,2736.0,2723.0,2730.0,21598,97882,97962
2019-07-03 13:00:00.000000000,1562130000000000000,2728.0,2732.0,2723.0,2728.0,18279,97962,99145
2019-07-03 14:00:00.000000000,1562133600000000000,2728.0,2743.0,2723.0,2726.0,58879,99145,98256
2019-07-03 21:00:00.000000000,1562158800000000000,2740.0,2792.0,2731.0,2789.0,187246,98256,102392
2019-07-03 22:00:00.000000000,1562162400000000000,2789.0,2790.0,2748.0,2765.0,169571,102392,94465
2019-07-04 09:00:00.000000000,1562202000000000000,2795.0,2802.0,2772.0,2777.0,65329,94465,95024
2019-07-04 10:00:00.000000000,1562205600000000000,2777.0,2781.0,2762.0,2772.0,41576,95024,95352
2019-07-04 11:00:00.000000000,1562209200000000000,2772.0,2780.0,2767.0,2770.0,19861,95352,95115
2019-07-04 13:00:00.000000000,1562216400000000000,2767.0,2768.0,2747.0,2758.0,42668,95115,97449
2019-07-04 14:00:00.000000000,1562220000000000000,2758.0,2777.0,2748.0,2776.0,59212,97449,95166
2019-07-04 21:00:00.000000000,1562245200000000000,2786.0,2814.0,2777.0,2802.0,128032,95166,102760
2019-07-04 22:00:00.000000000,1562248800000000000,2802.0,2820.0,2791.0,2809.0,94195,102760,100242
2019-07-05 09:00:00.000000000,1562288400000000000,2800.0,2825.0,2790.0,2815.0,83838,100242,104110
2019-07-05 10:00:00.000000000,1562292000000000000,2815.0,2831.0,2811.0,2820.0,42769,104110,104557
2019-07-05 11:00:00.000000000,1562295600000000000,2820.0,2826.0,2814.0,2820.0,18510,104557,103906
2019-07-05 13:00:00.000000000,1562302800000000000,2822.0,2828.0,2807.0,2810.0,39184,103906,98805
2019-07-05 14:00:00.000000000,1562306400000000000,2810.0,2830.0,2805.0,2828.0,59128,98805,95519
2019-07-05 21:00:00.000000000,1562331600000000000,2817.0,2884.0,2814.0,2881.0,210645,95519,113317
2019-07-05 22:00:00.000000000,1562335200000000000,2881.0,2889.0,2873.0,2885.0,119057,113317,111679
2019-07-08 09:00:00.000000000,1562547600000000000,2906.0,2915.0,2877.0,2879.0,99015,111679,112258
2019-07-08 10:00:00.000000000,1562551200000000000,2879.0,2891.0,2877.0,2879.0,37323,112258,111024
2019-07-08 11:00:00.000000000,1562554800000000000,2879.0,2881.0,2866.0,2870.0,26442,111024,108184
2019-07-08 13:00:00.000000000,1562562000000000000,2866.0,2872.0,2858.0,2872.0,43442,108184,104919
2019-07-08 14:00:00.000000000,1562565600000000000,2872.0,2896.0,2867.0,2896.0,64300,104919,107309
2019-07-08 21:00:00.000000000,1562590800000000000,2892.0,2919.0,2882.0,2912.0,149084,107309,115093
2019-07-08 22:00:00.000000000,1562594400000000000,2912.0,2938.0,2880.0,2885.0,173637,115093,105381
2019-07-09 09:00:00.000000000,1562634000000000000,2871.0,2889.0,2862.0,2886.0,79333,105381,102946
2019-07-09 10:00:00.000000000,1562637600000000000,2886.0,2887.0,2868.0,2872.0,31759,102946,102614
2019-07-09 11:00:00.000000000,1562641200000000000,2872.0,2880.0,2868.0,2871.0,23410,102614,102382
2019-07-09 13:00:00.000000000,1562648400000000000,2875.0,2888.0,2871.0,2884.0,25706,102382,103400
2019-07-09 14:00:00.000000000,1562652000000000000,2884.0,2886.0,2852.0,2880.0,97765,103400,102836
2019-07-09 21:00:00.000000000,1562677200000000000,2910.0,2921.0,2867.0,2878.0,163960,102836,106451
2019-07-09 22:00:00.000000000,1562680800000000000,2878.0,2905.0,2876.0,2879.0,115688,106451,102322
2019-07-10 09:00:00.000000000,1562720400000000000,2912.0,2962.0,2898.0,2933.0,171667,102322,111592
2019-07-10 10:00:00.000000000,1562724000000000000,2933.0,2955.0,2929.0,2949.0,47440,111592,117273
2019-07-10 11:00:00.000000000,1562727600000000000,2949.0,2960.0,2944.0,2949.0,35386,117273,118113
2019-07-10 13:00:00.000000000,1562734800000000000,2950.0,2953.0,2934.0,2946.0,34380,118113,116322
2019-07-10 14:00:00.000000000,1562738400000000000,2946.0,2968.0,2939.0,2960.0,83485,116322,111824
2019-07-10 21:00:00.000000000,1562763600000000000,3003.0,3152.0,2993.0,3078.0,304896,111824,132125
2019-07-10 22:00:00.000000000,1562767200000000000,3078.0,3106.0,3063.0,3080.0,213771,132125,125823
2019-07-11 09:00:00.000000000,1562806800000000000,3115.0,3146.0,3115.0,3141.0,140720,125823,135036
2019-07-11 10:00:00.000000000,1562810400000000000,3141.0,3146.0,3128.0,3143.0,48546,135036,136435
2019-07-11 11:00:00.000000000,1562814000000000000,3143.0,3152.0,3141.0,3151.0,60813,136435,142355
2019-07-11 13:00:00.000000000,1562821200000000000,3145.0,3148.0,3134.0,3139.0,47692,142355,137469
2019-07-11 14:00:00.000000000,1562824800000000000,3139.0,3152.0,3138.0,3152.0,48786,137469,138019
2019-07-11 21:00:00.000000000,1562850000000000000,3140.0,3170.0,3125.0,3161.0,289602,138019,150714
2019-07-11 22:00:00.000000000,1562853600000000000,3161.0,3167.0,3121.0,3142.0,184511,150714,133326
2019-07-12 09:00:00.000000000,1562893200000000000,3140.0,3155.0,3131.0,3136.0,69808,133326,132131
2019-07-12 10:00:00.000000000,1562896800000000000,3136.0,3149.0,3131.0,3136.0,39607,132131,132005
2019-07-12 11:00:00.000000000,1562900400000000000,3136.0,3142.0,3125.0,3126.0,28946,132005,129391
2019-07-12 13:00:00.000000000,1562907600000000000,3127.0,3139.0,3089.0,3112.0,100918,129391,124772
2019-07-12 14:00:00.000000000,1562911200000000000,3112.0,3148.0,3110.0,3145.0,105471,124772,126592
2019-07-12 21:00:00.000000000,1562936400000000000,3117.0,3119.0,3061.0,3079.0,282590,126592,116382
2019-07-12 22:00:00.000000000,1562940000000000000,3079.0,3091.0,3066.0,3073.0,112218,116382,106429
2019-07-15 09:00:00.000000000,1563152400000000000,3068.0,3068.0,3024.0,3047.0,132049,106429,104215
2019-07-15 10:00:00.000000000,1563156000000000000,3047.0,3055.0,3036.0,3055.0,38380,104215,103472
2019-07-15 11:00:00.000000000,1563159600000000000,3055.0,3082.0,3055.0,3075.0,47644,103472,103100
2019-07-15 13:00:00.000000000,1563166800000000000,3073.0,3074.0,3056.0,3070.0,34488,103100,103609
2019-07-15 14:00:00.000000000,1563170400000000000,3070.0,3073.0,3046.0,3054.0,69643,103609,97871
2019-07-15 21:00:00.000000000,1563195600000000000,3046.0,3077.0,2998.0,3014.0,303236,97871,108187
2019-07-15 22:00:00.000000000,1563199200000000000,3014.0,3028.0,2999.0,3004.0,146334,108187,103314
2019-07-16 09:00:00.000000000,1563238800000000000,2986.0,2986.0,2960.0,2972.0,117662,103314,102530
2019-07-16 10:00:00.000000000,1563242400000000000,2972.0,2978.0,2955.0,2978.0,53278,102530,100052
2019-07-16 11:00:00.000000000,1563246000000000000,2978.0,2978.0,2949.0,2949.0,35757,100052,98480
2019-07-16 13:00:00.000000000,1563253200000000000,2950.0,2959.0,2943.0,2946.0,39388,98480,102631
2019-07-16 14:00:00.000000000,1563256800000000000,2946.0,2950.0,2903.0,2912.0,136788,102631,102617
2019-07-16 21:00:00.000000000,1563282000000000000,2937.0,2968.0,2921.0,2962.0,246194,102617,100914
2019-07-16 22:00:00.000000000,1563285600000000000,2962.0,2986.0,2957.0,2984.0,131948,100914,93547
2019-07-17 09:00:00.000000000,1563325200000000000,2896.0,2921.0,2874.0,2913.0,138414,93547,94921
2019-07-17 10:00:00.000000000,1563328800000000000,2913.0,2915.0,2897.0,2912.0,41761,94921,94707
2019-07-17 11:00:00.000000000,1563332400000000000,2912.0,2931.0,2910.0,2916.0,36671,94707,92065
2019-07-17 13:00:00.000000000,1563339600000000000,2916.0,2925.0,2914.0,2924.0,17699,92065,91813
2019-07-17 14:00:00.000000000,1563343200000000000,2924.0,2932.0,2908.0,2931.0,54674,91813,88641
2019-07-17 21:00:00.000000000,1563368400000000000,2958.0,2980.0,2944.0,2951.0,171701,88641,93216
2019-07-17 22:00:00.000000000,1563372000000000000,2951.0,2975.0,2941.0,2945.0,196257,93216,88509
2019-07-18 09:00:00.000000000,1563411600000000000,2920.0,2940.0,2911.0,2937.0,98899,88509,86345
2019-07-18 10:00:00.000000000,1563415200000000000,2937.0,2944.0,2930.0,2939.0,47147,86345,86779
2019-07-18 11:00:00.000000000,1563418800000000000,2939.0,2952.0,2934.0,2950.0,19787,86779,87405
2019-07-18 13:00:00.000000000,1563426000000000000,2946.0,2962.0,2941.0,2947.0,33640,87405,88139
2019-07-18 14:00:00.000000000,1563429600000000000,2947.0,2954.0,2939.0,2948.0,43466,88139,85516
2019-07-18 21:00:00.000000000,1563454800000000000,2959.0,2966.0,2927.0,2932.0,154605,85516,91385
2019-07-18 22:00:00.000000000,1563458400000000000,2932.0,2932.0,2870.0,2890.0,227491,91385,85853
2019-07-19 09:00:00.000000000,1563498000000000000,2908.0,2978.0,2908.0,2960.0,156570,85853,83812
2019-07-19 10:00:00.000000000,1563501600000000000,2960.0,2988.0,2959.0,2968.0,61833,83812,85717
2019-07-19 11:00:00.000000000,1563505200000000000,2968.0,2982.0,2963.0,2978.0,21784,85717,85970
2019-07-19 13:00:00.000000000,1563512400000000000,2974.0,2974.0,2948.0,2956.0,49056,85970,85124
2019-07-19 14:00:00.000000000,1563516000000000000,2956.0,2957.0,2930.0,2952.0,70995,85124,80048
2019-07-19 21:00:00.000000000,1563541200000000000,2949.0,2956.0,2913.0,2932.0,136839,80048,84327
2019-07-19 22:00:00.000000000,1563544800000000000,2932.0,2954.0,2925.0,2926.0,100034,84327,79787
2019-07-22 09:00:00.000000000,1563757200000000000,2955.0,2997.0,2934.0,2986.0,152397,79787,85279
2019-07-22 10:00:00.000000000,1563760800000000000,2986.0,2991.0,2957.0,2974.0,64079,85279,82953
2019-07-22 11:00:00.000000000,1563764400000000000,2974.0,2980.0,2968.0,2974.0,19034,82953,81295
2019-07-22 13:00:00.000000000,1563771600000000000,2976.0,2984.0,2963.0,2967.0,38040,81295,80428
2019-07-22 14:00:00.000000000,1563775200000000000,2967.0,2971.0,2941.0,2961.0,68866,80428,75758
2019-07-22 21:00:00.000000000,1563800400000000000,2953.0,2959.0,2904.0,2915.0,182192,75758,80797
2019-07-22 22:00:00.000000000,1563804000000000000,2915.0,2924.0,2902.0,2914.0,98821,80797,78000
2019-07-23 09:00:00.000000000,1563843600000000000,2915.0,2921.0,2884.0,2909.0,95483,78000,83142
2019-07-23 10:00:00.000000000,1563847200000000000,2909.0,2912.0,2895.0,2904.0,36383,83142,84600
2019-07-23 11:00:00.000000000,1563850800000000000,2904.0,2917.0,2903.0,2909.0,19694,84600,82286
2019-07-23 13:00:00.000000000,1563858000000000000,2907.0,2922.0,2906.0,2917.0,21970,82286,81067
2019-07-23 14:00:00.000000000,1563861600000000000,2917.0,2937.0,2917.0,2920.0,63599,81067,76394
2019-07-23 21:00:00.000000000,1563886800000000000,2906.0,2921.0,2888.0,2906.0,108417,76394,78426
2019-07-23 22:00:00.000000000,1563890400000000000,2906.0,2913.0,2854.0,2866.0,165975,78426,74330
2019-07-24 09:00:00.000000000,1563930000000000000,2899.0,2915.0,2887.0,2910.0,86466,74330,74684
2019-07-24 10:00:00.000000000,1563933600000000000,2910.0,2928.0,2904.0,2909.0,57698,74684,74830
2019-07-24 11:00:00.000000000,1563937200000000000,2909.0,2909.0,2881.0,2897.0,47066,74830,74584
2019-07-24 13:00:00.000000000,1563944400000000000,2895.0,2909.0,2885.0,2906.0,32946,74584,74219
2019-07-24 14:00:00.000000000,1563948000000000000,2906.0,2907.0,2890.0,2904.0,51337,74219,71570
2019-07-24 21:00:00.000000000,1563973200000000000,2912.0,2947.0,2904.0,2929.0,131972,71570,75026
2019-07-24 22:00:00.000000000,1563976800000000000,2929.0,2957.0,2926.0,2946.0,145666,75026,74078
2019-07-25 09:00:00.000000000,1564016400000000000,2902.0,2915.0,2893.0,2896.0,87295,74078,74717
2019-07-25 10:00:00.000000000,1564020000000000000,2896.0,2907.0,2884.0,2905.0,39636,74717,74883
2019-07-25 11:00:00.000000000,1564023600000000000,2905.0,2911.0,2904.0,2907.0,17479,74883,74985
2019-07-25 13:00:00.000000000,1564030800000000000,2908.0,2908.0,2894.0,2903.0,21753,74985,77409
2019-07-25 14:00:00.000000000,1564034400000000000,2903.0,2919.0,2898.0,2916.0,55953,77409,75441
2019-07-25 21:00:00.000000000,1564059600000000000,2957.0,2966.0,2943.0,2950.0,125125,75441,84040
2019-07-25 22:00:00.000000000,1564063200000000000,2950.0,2988.0,2949.0,2978.0,144958,84040,84307
2019-07-26 09:00:00.000000000,1564102800000000000,2956.0,2986.0,2955.0,2986.0,84405,84307,87344
2019-07-26 10:00:00.000000000,1564106400000000000,2986.0,3022.0,2984.0,3005.0,115854,87344,90886
2019-07-26 11:00:00.000000000,1564110000000000000,3005.0,3009.0,2978.0,2985.0,42404,90886,87609
2019-07-26 13:00:00.000000000,1564117200000000000,2986.0,3012.0,2986.0,3007.0,33767,87609,89392
2019-07-26 14:00:00.000000000,1564120800000000000,3007.0,3031.0,2993.0,3027.0,89729,89392,90927
2019-07-26 21:00:00.000000000,1564146000000000000,3029.0,3037.0,2989.0,3007.0,141668,90927,93930
2019-07-26 22:00:00.000000000,1564149600000000000,3007.0,3009.0,2988.0,3009.0,96632,93930,88757
2019-07-29 09:00:00.000000000,1564362000000000000,3014.0,3014.0,2983.0,3001.0,71072,88757,88126
2019-07-29 10:00:00.000000000,1564365600000000000,3001.0,3007.0,2990.0,3001.0,20192,88126,87500
2019-07-29 11:00:00.000000000,1564369200000000000,3001.0,3018.0,2998.0,3008.0,27218,87500,87427
2019-07-29 13:00:00.000000000,1564376400000000000,3005.0,3007.0,2992.0,2999.0,24450,87427,87265
2019-07-29 14:00:00.000000000,1564380000000000000,2999.0,3000.0,2983.0,2983.0,43484,87265,84764
2019-07-29 21:00:00.000000000,1564405200000000000,2993.0,3027.0,2987.0,3006.0,117437,84764,87393
2019-07-29 22:00:00.000000000,1564408800000000000,3006.0,3006.0,2980.0,2998.0,123293,87393,83143
2019-07-30 09:00:00.000000000,1564448400000000000,3025.0,3039.0,3011.0,3037.0,73651,83143,86966
2019-07-30 10:00:00.000000000,1564452000000000000,3037.0,3042.0,3023.0,3029.0,33331,86966,85771
2019-07-30 11:00:00.000000000,1564455600000000000,3029.0,3039.0,3024.0,3034.0,17843,85771,86256
2019-07-30 13:00:00.000000000,1564462800000000000,3034.0,3047.0,3026.0,3039.0,32483,86256,89004
2019-07-30 14:00:00.000000000,1564466400000000000,3039.0,3061.0,3039.0,3053.0,80078,89004,90587
2019-07-30 21:00:00.000000000,1564491600000000000,3043.0,3060.0,3032.0,3053.0,131175,90587,90081
2019-07-30 22:00:00.000000000,1564495200000000000,3053.0,3069.0,3048.0,3062.0,100629,90081,89468
2019-07-31 09:00:00.000000000,1564534800000000000,3102.0,3114.0,3095.0,3108.0,88172,89468,93496
2019-07-31 10:00:00.000000000,1564538400000000000,3108.0,3113.0,3104.0,3110.0,30728,93496,93694
2019-07-31 11:00:00.000000000,1564542000000000000,3110.0,3117.0,3095.0,3101.0,35150,93694,91373
2019-07-31 13:00:00.000000000,1564549200000000000,3101.0,3105.0,3095.0,3103.0,19293,91373,91348
2019-07-31 14:00:00.000000000,1564552800000000000,3103.0,3107.0,3083.0,3087.0,46032,91348,84565
2019-07-31 21:00:00.000000000,1564578000000000000,3105.0,3131.0,3095.0,3112.0,135834,84565,97865
2019-07-31 22:00:00.000000000,1564581600000000000,3112.0,3135.0,3111.0,3119.0,101006,97865,96497
2019-08-01 09:00:00.000000000,1564621200000000000,3091.0,3104.0,3075.0,3100.0,86428,96497,95821
2019-08-01 10:00:00.000000000,1564624800000000000,3100.0,3109.0,3095.0,3096.0,37435,95821,95340
2019-08-01 11:00:00.000000000,1564628400000000000,3096.0,3110.0,3095.0,3109.0,21912,95340,95656
2019-08-01 13:00:00.000000000,1564635600000000000,3108.0,3112.0,3103.0,3106.0,25482,95656,98039
2019-08-01 14:00:00.000000000,1564639200000000000,3106.0,3108.0,3097.0,3104.0,38409,98039,94481
2019-08-01 21:00:00.000000000,1564664400000000000,3091.0,3099.0,3019.0,3029.0,215209,94481,87629
2019-08-01 22:00:00.000000000,1564668000000000000,3029.0,3038.0,3017.0,3030.0,88634,87629,82614
2019-08-02 09:00:00.000000000,1564707600000000000,2948.0,2987.0,2919.0,2973.0,111280,82614,75051
2019-08-02 10:00:00.000000000,1564711200000000000,2973.0,2985.0,2965.0,2982.0,28334,75051,73612
2019-08-02 11:00:00.000000000,1564714800000000000,2982.0,2983.0,2973.0,2974.0,13348,73612,73199
2019-08-02 13:00:00.000000000,1564722000000000000,2975.0,2977.0,2970.0,2973.0,14218,73199,72089
2019-08-02 14:00:00.000000000,1564725600000000000,2973.0,2994.0,2971.0,2986.0,43785,72089,69506
2019-08-02 21:00:00.000000000,1564750800000000000,2433.0,2452.0,2425.0,2432.0,97728,69506,221051
2019-08-02 22:00:00.000000000,1564754400000000000,2432.0,2435.0,2412.0,2414.0,60415,221051,220483
2019-08-05 09:00:00.000000000,1564966800000000000,2402.0,2437.0,2400.0,2425.0,72033,220483,220563
2019-08-05 10:00:00.000000000,1564970400000000000,2425.0,2428.0,2414.0,2417.0,32494,220563,222757
2019-08-05 11:00:00.000000000,1564974000000000000,2417.0,2420.0,2398.0,2407.0,28719,222757,224372
2019-08-05 13:00:00.000000000,1564981200000000000,2407.0,2410.0,2378.0,2382.0,39562,224372,226500
2019-08-05 14:00:00.000000000,1564984800000000000,2382.0,2401.0,2358.0,2399.0,92672,226500,219823
2019-08-05 21:00:00.000000000,1565010000000000000,2385.0,2398.0,2367.0,2395.0,125924,219823,225401
2019-08-05 22:00:00.000000000,1565013600000000000,2395.0,2395.0,2373.0,2374.0,79950,225401,224074
2019-08-06 09:00:00.000000000,1565053200000000000,2361.0,2404.0,2353.0,2399.0,108334,224074,225596
2019-08-06 10:00:00.000000000,1565056800000000000,2399.0,2400.0,2371.0,2375.0,42480,225596,227539
2019-08-06 11:00:00.000000000,1565060400000000000,2375.0,2382.0,2368.0,2379.0,21318,227539,227539
2019-08-06 13:00:00.000000000,1565067600000000000,2384.0,2395.0,2381.0,2393.0,25898,227539,226702
2019-08-06 14:00:00.000000000,1565071200000000000,2393.0,2393.0,2377.0,2382.0,34204,226702,226188
2019-08-06 21:00:00.000000000,1565096400000000000,2366.0,2372.0,2327.0,2330.0,170706,226188,246770
2019-08-06 22:00:00.000000000,1565100000000000000,2330.0,2337.0,2312.0,2312.0,126123,246770,250377
2019-08-07 09:00:00.000000000,1565139600000000000,2288.0,2323.0,2277.0,2313.0,103010,250377,253485
2019-08-07 10:00:00.000000000,1565143200000000000,2313.0,2313.0,2287.0,2302.0,63275,253485,257133
2019-08-07 11:00:00.000000000,1565146800000000000,2302.0,2305.0,2290.0,2293.0,33522,257133,260855
2019-08-07 13:00:00.000000000,1565154000000000000,2294.0,2302.0,2282.0,2290.0,41811,260855,262383
2019-08-07 14:00:00.000000000,1565157600000000000,2290.0,2294.0,2268.0,2284.0,108886,262383,263430
2019-08-07 21:00:00.000000000,1565182800000000000,2248.0,2268.0,2221.0,2231.0,254191,263430,287838
2019-08-07 22:00:00.000000000,1565186400000000000,2231.0,2254.0,2226.0,2231.0,196920,287838,284332
2019-08-08 09:00:00.000000000,1565226000000000000,2255.0,2268.0,2248.0,2262.0,107568,284332,279631
2019-08-08 10:00:00.000000000,1565229600000000000,2262.0,2262.0,2246.0,2254.0,46067,279631,283305
2019-08-08 11:00:00.000000000,1565233200000000000,2254.0,2258.0,2251.0,2255.0,17737,283305,283147
2019-08-08 13:00:00.000000000,1565240400000000000,2260.0,2266.0,2253.0,2256.0,33486,283147,281572
2019-08-08 14:00:00.000000000,1565244000000000000,2256.0,2262.0,2251.0,2259.0,47791,281572,281091
2019-08-08 21:00:00.000000000,1565269200000000000,2246.0,2254.0,2232.0,2251.0,154603,281091,301514
2019-08-08 22:00:00.000000000,1565272800000000000,2251.0,2264.0,2239.0,2256.0,136409,301514,303763
2019-08-09 09:00:00.000000000,1565312400000000000,2266.0,2268.0,2242.0,2244.0,70252,303763,302566
2019-08-09 10:00:00.000000000,1565316000000000000,2244.0,2246.0,2223.0,2224.0,77100,302566,306762
2019-08-09 11:00:00.000000000,1565319600000000000,2224.0,2226.0,2187.0,2200.0,115471,306762,307699
2019-08-09 13:00:00.000000000,1565326800000000000,2202.0,2212.0,2191.0,2202.0,49390,307699,307545
2019-08-09 14:00:00.000000000,1565330400000000000,2202.0,2233.0,2200.0,2233.0,118300,307545,296125
2019-08-09 21:00:00.000000000,1565355600000000000,2250.0,2288.0,2243.0,2265.0,235340,296125,292200
2019-08-09 22:00:00.000000000,1565359200000000000,2265.0,2268.0,2240.0,2246.0,148447,292200,295809
2019-08-12 09:00:00.000000000,1565571600000000000,2240.0,2255.0,2222.0,2226.0,116268,295809,306204
2019-08-12 10:00:00.000000000,1565575200000000000,2226.0,2243.0,2226.0,2241.0,44959,306204,307967
2019-08-12 11:00:00.000000000,1565578800000000000,2241.0,2245.0,2229.0,2233.0,24220,307967,308969
2019-08-12 13:00:00.000000000,1565586000000000000,2234.0,2237.0,2226.0,2230.0,28017,308969,311320
2019-08-12 14:00:00.000000000,1565589600000000000,2230.0,2251.0,2228.0,2251.0,77891,311320,310631
2019-08-12 21:00:00.000000000,1565614800000000000,2250.0,2267.0,2246.0,2263.0,146351,310631,314194
2019-08-12 22:00:00.000000000,1565618400000000000,2263.0,2266.0,2243.0,2248.0,94537,314194,309498
2019-08-13 09:00:00.000000000,1565658000000000000,2253.0,2253.0,2226.0,2235.0,86821,309498,323295
2019-08-13 10:00:00.000000000,1565661600000000000,2235.0,2240.0,2228.0,2229.0,33578,323295,327758
2019-08-13 11:00:00.000000000,1565665200000000000,2229.0,2232.0,2224.0,2229.0,25362,327758,332282
2019-08-13 13:00:00.000000000,1565672400000000000,2230.0,2232.0,2205.0,2211.0,85690,332282,350555
2019-08-13 14:00:00.000000000,1565676000000000000,2211.0,2213.0,2195.0,2204.0,109423,350555,359198
2019-08-13 21:00:00.000000000,1565701200000000000,2210.0,2257.0,2203.0,2249.0,276911,359198,342114
2019-08-13 22:00:00.000000000,1565704800000000000,2249.0,2270.0,2243.0,2262.0,201575,342114,329706
2019-08-14 09:00:00.000000000,1565744400000000000,2271.0,2276.0,2251.0,2258.0,110867,329706,326920
2019-08-14 10:00:00.000000000,1565748000000000000,2258.0,2263.0,2247.0,2251.0,53068,326920,324562
2019-08-14 11:00:00.000000000,1565751600000000000,2251.0,2252.0,2239.0,2245.0,38011,324562,324933
2019-08-14 13:00:00.000000000,1565758800000000000,2243.0,2255.0,2241.0,2251.0,25850,324933,324708
2019-08-14 14:00:00.000000000,1565762400000000000,2251.0,2266.0,2251.0,2252.0,74663,324708,319836
2019-08-14 21:00:00.000000000,1565787600000000000,2216.0,2225.0,2192.0,2197.0,245861,319836,363236
2019-08-14 22:00:00.000000000,1565791200000000000,2197.0,2199.0,2177.0,2192.0,238985,363236,377940
2019-08-15 09:00:00.000000000,1565830800000000000,2192.0,2194.0,2153.0,2168.0,191111,377940,398117
2019-08-15 10:00:00.000000000,1565834400000000000,2168.0,2189.0,2167.0,2185.0,73762,398117,388281
2019-08-15 11:00:00.000000000,1565838000000000000,2185.0,2185.0,2174.0,2178.0,33770,388281,388802
2019-08-15 13:00:00.000000000,1565845200000000000,2178.0,2188.0,2167.0,2173.0,54428,388802,390472
2019-08-15 14:00:00.000000000,1565848800000000000,2173.0,2188.0,2171.0,2187.0,82767,390472,386714
2019-08-15 21:00:00.000000000,1565874000000000000,2180.0,2186.0,2163.0,2177.0,200565,386714,395198
2019-08-15 22:00:00.000000000,1565877600000000000,2177.0,2192.0,2174.0,2176.0,154483,395198,386419
2019-08-16 09:00:00.000000000,1565917200000000000,2192.0,2196.0,2177.0,2189.0,99751,386419,385702
2019-08-16 10:00:00.000000000,1565920800000000000,2189.0,2195.0,2182.0,2189.0,54613,385702,386058
2019-08-16 11:00:00.000000000,1565924400000000000,2189.0,2190.0,2184.0,2187.0,22173,386058,384992
2019-08-16 13:00:00.000000000,1565931600000000000,2193.0,2198.0,2189.0,2190.0,52678,384992,385898
2019-08-16 14:00:00.000000000,1565935200000000000,2190.0,2190.0,2173.0,2174.0,96365,385898,387289
2019-08-16 21:00:00.000000000,1565960400000000000,2170.0,2189.0,2163.0,2179.0,146331,387289,387844
2019-08-16 22:00:00.000000000,1565964000000000000,2179.0,2182.0,2173.0,2177.0,89304,387844,384355
2019-08-19 09:00:00.000000000,1566176400000000000,2186.0,2218.0,2181.0,2205.0,161883,384355,373649
2019-08-19 10:00:00.000000000,1566180000000000000,2205.0,2216.0,2205.0,2213.0,48063,373649,372399
2019-08-19 11:00:00.000000000,1566183600000000000,2213.0,2228.0,2210.0,2217.0,58500,372399,367576
2019-08-19 13:00:00.000000000,1566190800000000000,2218.0,2221.0,2210.0,2218.0,46970,367576,362441
2019-08-19 14:00:00.000000000,1566194400000000000,2218.0,2228.0,2213.0,2228.0,85656,362441,352435
2019-08-19 21:00:00.000000000,1566219600000000000,2222.0,2247.0,2221.0,2237.0,200146,352435,350834
2019-08-19 22:00:00.000000000,1566223200000000000,2237.0,2238.0,2228.0,2234.0,86765,350834,343764
2019-08-20 09:00:00.000000000,1566262800000000000,2243.0,2243.0,2216.0,2231.0,115261,343764,348283
2019-08-20 10:00:00.000000000,1566266400000000000,2231.0,2239.0,2228.0,2234.0,54975,348283,347065
2019-08-20 11:00:00.000000000,1566270000000000000,2234.0,2236.0,2223.0,2224.0,33210,347065,345964
2019-08-20 13:00:00.000000000,1566277200000000000,2226.0,2232.0,2213.0,2217.0,51263,345964,350166
2019-08-20 14:00:00.000000000,1566280800000000000,2217.0,2228.0,2215.0,2221.0,73004,350166,350243
2019-08-20 21:00:00.000000000,1566306000000000000,2217.0,2219.0,2173.0,2182.0,249189,350243,371191
2019-08-20 22:00:00.000000000,1566309600000000000,2182.0,2185.0,2161.0,2166.0,145135,371191,373974
2019-08-21 09:00:00.000000000,1566349200000000000,2187.0,2192.0,2172.0,2177.0,119466,373974,378724
2019-08-21 10:00:00.000000000,1566352800000000000,2177.0,2196.0,2166.0,2195.0,103799,378724,379747
2019-08-21 11:00:00.000000000,1566356400000000000,2195.0,2197.0,2184.0,2188.0,41845,379747,376504
2019-08-21 13:00:00.000000000,1566363600000000000,2188.0,2197.0,2178.0,2194.0,64394,376504,377938
2019-08-21 14:00:00.000000000,1566367200000000000,2194.0,2211.0,2194.0,2200.0,142113,377938,366524
2019-08-21 21:00:00.000000000,1566392400000000000,2217.0,2238.0,2212.0,2225.0,230512,366524,364105
2019-08-21 22:00:00.000000000,1566396000000000000,2225.0,2228.0,2201.0,2205.0,214286,364105,362843
2019-08-22 09:00:00.000000000,1566435600000000000,2200.0,2219.0,2196.0,2197.0,100511,362843,363571
2019-08-22 10:00:00.000000000,1566439200000000000,2197.0,2206.0,2194.0,2200.0,63604,363571,364285
2019-08-22 11:00:00.000000000,1566442800000000000,2200.0,2200.0,2181.0,2185.0,73842,364285,367729
2019-08-22 13:00:00.000000000,1566450000000000000,2182.0,2194.0,2177.0,2194.0,63531,367729,369277
2019-08-22 14:00:00.000000000,1566453600000000000,2194.0,2207.0,2189.0,2202.0,100903,369277,359132
2019-08-22 21:00:00.000000000,1566478800000000000,2218.0,2225.0,2190.0,2196.0,199181,359132,365002
2019-08-22 22:00:00.000000000,1566482400000000000,2196.0,2203.0,2172.0,2179.0,200424,365002,381570
2019-08-23 09:00:00.000000000,1566522000000000000,2187.0,2188.0,2177.0,2184.0,87224,381570,388768
2019-08-23 10:00:00.000000000,1566525600000000000,2184.0,2193.0,2177.0,2187.0,58112,388768,388317
2019-08-23 11:00:00.000000000,1566529200000000000,2187.0,2192.0,2185.0,2190.0,24957,388317,387620
2019-08-23 13:00:00.000000000,1566536400000000000,2189.0,2203.0,2185.0,2198.0,68481,387620,380396
2019-08-23 14:00:00.000000000,1566540000000000000,2198.0,2209.0,2194.0,2195.0,110080,380396,367986
2019-08-23 21:00:00.000000000,1566565200000000000,2148.0,2168.0,2137.0,2161.0,271091,367986,392433
2019-08-23 22:00:00.000000000,1566568800000000000,2161.0,2184.0,2158.0,2173.0,190300,392433,377402
2019-08-26 09:00:00.000000000,1566781200000000000,2154.0,2211.0,2152.0,2198.0,214063,377402,371882
2019-08-26 10:00:00.000000000,1566784800000000000,2198.0,2207.0,2186.0,2201.0,90873,371882,367808
2019-08-26 11:00:00.000000000,1566788400000000000,2201.0,2215.0,2196.0,2208.0,54499,367808,363405
2019-08-26 13:00:00.000000000,1566795600000000000,2208.0,2216.0,2201.0,2215.0,52817,363405,362144
2019-08-26 14:00:00.000000000,1566799200000000000,2215.0,2221.0,2208.0,2209.0,123901,362144,348859
2019-08-26 21:00:00.000000000,1566824400000000000,2234.0,2249.0,2221.0,2227.0,260111,348859,348237
2019-08-26 22:00:00.000000000,1566828000000000000,2227.0,2229.0,2208.0,2215.0,155321,348237,344291
2019-08-27 09:00:00.000000000,1566867600000000000,2207.0,2227.0,2203.0,2207.0,115429,344291,350112
2019-08-27 10:00:00.000000000,1566871200000000000,2207.0,2216.0,2201.0,2214.0,46971,350112,350446
2019-08-27 11:00:00.000000000,1566874800000000000,2214.0,2215.0,2204.0,2206.0,27083,350446,350885
2019-08-27 13:00:00.000000000,1566882000000000000,2204.0,2207.0,2187.0,2193.0,74912,350885,352782
2019-08-27 14:00:00.000000000,1566885600000000000,2193.0,2201.0,2189.0,2196.0,78373,352782,347738
2019-08-27 21:00:00.000000000,1566910800000000000,2207.0,2216.0,2179.0,2205.0,219662,347738,349407
2019-08-27 22:00:00.000000000,1566914400000000000,2205.0,2221.0,2204.0,2210.0,124562,349407,343683
2019-08-28 09:00:00.000000000,1566954000000000000,2240.0,2245.0,2224.0,2233.0,125879,343683,347223
2019-08-28 10:00:00.000000000,1566957600000000000,2233.0,2253.0,2231.0,2238.0,97383,347223,345892
2019-08-28 11:00:00.000000000,1566961200000000000,2238.0,2242.0,2229.0,2234.0,37554,345892,344977
2019-08-28 13:00:00.000000000,1566968400000000000,2233.0,2246.0,2233.0,2243.0,40513,344977,345061
2019-08-28 14:00:00.000000000,1566972000000000000,2243.0,2245.0,2234.0,2241.0,65194,345061,341812
2019-08-28 21:00:00.000000000,1566997200000000000,2250.0,2275.0,2242.0,2265.0,243081,341812,351482
2019-08-28 22:00:00.000000000,1567000800000000000,2265.0,2272.0,2253.0,2258.0,156820,351482,349833
2019-08-29 09:00:00.000000000,1567040400000000000,2248.0,2253.0,2226.0,2233.0,141784,349833,348474
2019-08-29 10:00:00.000000000,1567044000000000000,2233.0,2237.0,2228.0,2234.0,39727,348474,349150
2019-08-29 11:00:00.000000000,1567047600000000000,2234.0,2236.0,2223.0,2227.0,37922,349150,346713
2019-08-29 13:00:00.000000000,1567054800000000000,2229.0,2233.0,2221.0,2225.0,40254,346713,348106
2019-08-29 14:00:00.000000000,1567058400000000000,2225.0,2229.0,2221.0,2223.0,78840,348106,346908
2019-08-29 21:00:00.000000000,1567083600000000000,2230.0,2237.0,2214.0,2235.0,200335,346908,363672
2019-08-29 22:00:00.000000000,1567087200000000000,2235.0,2236.0,2220.0,2222.0,114160,363672,361555
2019-08-30 09:00:00.000000000,1567126800000000000,2236.0,2248.0,2233.0,2240.0,114766,361555,360784
2019-08-30 10:00:00.000000000,1567130400000000000,2240.0,2247.0,2236.0,2244.0,40780,360784,361159
2019-08-30 11:00:00.000000000,1567134000000000000,2244.0,2257.0,2241.0,2256.0,47393,361159,357376
2019-08-30 13:00:00.000000000,1567141200000000000,2254.0,2254.0,2238.0,2241.0,54286,357376,358950
2019-08-30 14:00:00.000000000,1567144800000000000,2241.0,2242.0,2228.0,2238.0,85982,358950,351097
2019-08-30 21:00:00.000000000,1567170000000000000,2241.0,2246.0,2230.0,2237.0,117348,351097,357171
2019-08-30 22:00:00.000000000,1567173600000000000,2237.0,2238.0,2200.0,2209.0,227109,357171,366194
2019-09-02 09:00:00.000000000,1567386000000000000,2208.0,2216.0,2193.0,2201.0,143713,366194,382061
2019-09-02 10:00:00.000000000,1567389600000000000,2201.0,2205.0,2188.0,2205.0,77699,382061,390243
2019-09-02 11:00:00.000000000,1567393200000000000,2205.0,2206.0,2199.0,2204.0,31273,390243,390497
2019-09-02 13:00:00.000000000,1567400400000000000,2204.0,2211.0,2203.0,2207.0,47249,390497,390801
2019-09-02 14:00:00.000000000,1567404000000000000,2207.0,2209.0,2200.0,2207.0,65291,390801,389779
2019-09-02 21:00:00.000000000,1567429200000000000,2202.0,2207.0,2167.0,2175.0,210188,389779,430053
2019-09-02 22:00:00.000000000,1567432800000000000,2175.0,2181.0,2171.0,2176.0,78050,430053,423683
2019-09-03 09:00:00.000000000,1567472400000000000,2174.0,2212.0,2174.0,2201.0,167741,423683,407316
2019-09-03 10:00:00.000000000,1567476000000000000,2201.0,2205.0,2197.0,2203.0,47209,407316,406169
2019-09-03 11:00:00.000000000,1567479600000000000,2203.0,2208.0,2201.0,2203.0,24593,406169,403637
2019-09-03 13:00:00.000000000,1567486800000000000,2202.0,2203.0,2198.0,2199.0,23858,403637,403131
2019-09-03 14:00:00.000000000,1567490400000000000,2199.0,2205.0,2197.0,2203.0,74556,403131,392798
2019-09-03 21:00:00.000000000,1567515600000000000,2173.0,2179.0,2155.0,2171.0,252839,392798,419841
2019-09-03 22:00:00.000000000,1567519200000000000,2171.0,2178.0,2163.0,2177.0,141783,419841,412536
2019-09-04 09:00:00.000000000,1567558800000000000,2188.0,2205.0,2186.0,2190.0,138089,412536,403916
2019-09-04 10:00:00.000000000,1567562400000000000,2190.0,2201.0,2183.0,2194.0,65470,403916,401261
2019-09-04 11:00:00.000000000,1567566000000000000,2194.0,2198.0,2192.0,2196.0,25906,401261,400555
2019-09-04 13:00:00.000000000,1567573200000000000,2197.0,2198.0,2192.0,2196.0,23506,400555,400823
2019-09-04 14:00:00.000000000,1567576800000000000,2196.0,2201.0,2186.0,2197.0,90647,400823,400155
2019-09-04 21:00:00.000000000,1567602000000000000,2222.0,2226.0,2211.0,2219.0,191842,400155,394986
2019-09-04 22:00:00.000000000,1567605600000000000,2219.0,2228.0,2214.0,2218.0,113765,394986,391703
2019-09-05 09:00:00.000000000,1567645200000000000,2226.0,2238.0,2220.0,2234.0,145013,391703,388271
2019-09-05 10:00:00.000000000,1567648800000000000,2234.0,2250.0,2233.0,2237.0,114478,388271,382312
2019-09-05 11:00:00.000000000,1567652400000000000,2237.0,2240.0,2229.0,2232.0,37889,382312,379519
2019-09-05 13:00:00.000000000,1567659600000000000,2232.0,2238.0,2230.0,2231.0,26639,379519,381010
2019-09-05 14:00:00.000000000,1567663200000000000,2231.0,2231.0,2208.0,2212.0,123561,381010,375506
2019-09-05 21:00:00.000000000,1567688400000000000,2222.0,2234.0,2218.0,2224.0,157735,375506,378747
2019-09-05 22:00:00.000000000,1567692000000000000,2224.0,2231.0,2223.0,2224.0,104940,378747,375114
2019-09-06 09:00:00.000000000,1567731600000000000,2204.0,2234.0,2200.0,2233.0,109252,375114,374685
2019-09-06 10:00:00.000000000,1567735200000000000,2233.0,2236.0,2225.0,2226.0,40217,374685,373735
2019-09-06 11:00:00.000000000,1567738800000000000,2226.0,2230.0,2216.0,2224.0,40595,373735,372563
2019-09-06 13:00:00.000000000,1567746000000000000,2224.0,2226.0,2220.0,2223.0,28317,372563,372067
2019-09-06 14:00:00.000000000,1567749600000000000,2223.0,2229.0,2218.0,2225.0,67728,372067,368301
2019-09-06 21:00:00.000000000,1567774800000000000,2208.0,2223.0,2200.0,2215.0,160184,368301,372014
2019-09-06 22:00:00.000000000,1567778400000000000,2215.0,2218.0,2212.0,2216.0,74449,372014,366810
2019-09-09 09:00:00.000000000,1567990800000000000,2250.0,2253.0,2231.0,2239.0,124474,366810,364707
2019-09-09 10:00:00.000000000,1567994400000000000,2239.0,2257.0,2238.0,2251.0,95687,364707,368697
2019-09-09 11:00:00.000000000,1567998000000000000,2251.0,2253.0,2242.0,2253.0,39654,368697,365130
2019-09-09 13:00:00.000000000,1568005200000000000,2252.0,2252.0,2246.0,2249.0,32837,365130,365496
2019-09-09 14:00:00.000000000,1568008800000000000,2249.0,2255.0,2249.0,2254.0,63473,365496,362651
2019-09-09 21:00:00.000000000,1568034000000000000,2254.0,2294.0,2250.0,2278.0,239687,362651,382997
2019-09-09 22:00:00.000000000,1568037600000000000,2278.0,2285.0,2269.0,2281.0,123735,382997,373628
2019-09-10 09:00:00.000000000,1568077200000000000,2290.0,2305.0,2281.0,2290.0,137832,373628,373185
2019-09-10 10:00:00.000000000,1568080800000000000,2290.0,2291.0,2268.0,2271.0,70668,373185,372629
2019-09-10 11:00:00.000000000,1568084400000000000,2271.0,2275.0,2259.0,2265.0,55641,372629,370577
2019-09-10 13:00:00.000000000,1568091600000000000,2265.0,2272.0,2265.0,2269.0,28692,370577,370263
2019-09-10 14:00:00.000000000,1568095200000000000,2269.0,2269.0,2254.0,2263.0,114560,370263,365158
2019-09-10 21:00:00.000000000,1568120400000000000,2275.0,2287.0,2262.0,2267.0,182133,365158,379805
2019-09-10 22:00:00.000000000,1568124000000000000,2267.0,2278.0,2266.0,2271.0,87896,379805,374350
2019-09-11 09:00:00.000000000,1568163600000000000,2262.0,2272.0,2237.0,2244.0,142189,374350,377545
2019-09-11 10:00:00.000000000,1568167200000000000,2244.0,2252.0,2241.0,2245.0,43435,377545,375288
2019-09-11 11:00:00.000000000,1568170800000000000,2245.0,2258.0,2244.0,2257.0,38973,375288,371711
2019-09-11 13:00:00.000000000,1568178000000000000,2258.0,2260.0,2247.0,2250.0,36736,371711,373248
2019-09-11 14:00:00.000000000,1568181600000000000,2250.0,2251.0,2233.0,2237.0,109990,373248,376525
2019-09-11 21:00:00.000000000,1568206800000000000,2238.0,2245.0,2228.0,2241.0,141085,376525,382777
2019-09-11 22:00:00.000000000,1568210400000000000,2241.0,2251.0,2234.0,2235.0,133160,382777,378151
2019-09-12 09:00:00.000000000,1568250000000000000,2215.0,2226.0,2204.0,2210.0,147078,378151,388852
2019-09-12 10:00:00.000000000,1568253600000000000,2210.0,2211.0,2196.0,2200.0,76206,388852,401814
2019-09-12 11:00:00.000000000,1568257200000000000,2200.0,2203.0,2187.0,2194.0,69010,401814,409416
2019-09-12 13:00:00.000000000,1568264400000000000,2195.0,2203.0,2195.0,2197.0,48129,409416,407323
2019-09-12 14:00:00.000000000,1568268000000000000,2197.0,2198.0,2188.0,2190.0,102881,407323,409024
2019-09-16 09:00:00.000000000,1568595600000000000,2372.0,2394.0,2318.0,2358.0,443998,409024,361012
2019-09-16 10:00:00.000000000,1568599200000000000,2358.0,2360.0,2328.0,2337.0,180729,361012,358567
2019-09-16 11:00:00.000000000,1568602800000000000,2337.0,2344.0,2336.0,2341.0,55892,358567,352544
2019-09-16 13:00:00.000000000,1568610000000000000,2341.0,2351.0,2341.0,2347.0,79217,352544,351144
2019-09-16 14:00:00.000000000,1568613600000000000,2347.0,2351.0,2322.0,2332.0,186652,351144,343072
2019-09-16 21:00:00.000000000,1568638800000000000,2368.0,2393.0,2350.0,2385.0,403508,343072,330930
2019-09-16 22:00:00.000000000,1568642400000000000,2385.0,2475.0,2383.0,2460.0,439692,330930,326155
2019-09-17 09:00:00.000000000,1568682000000000000,2480.0,2485.0,2428.0,2442.0,290474,326155,321337
2019-09-17 10:00:00.000000000,1568685600000000000,2442.0,2473.0,2442.0,2461.0,133692,321337,324649
2019-09-17 11:00:00.000000000,1568689200000000000,2461.0,2462.0,2446.0,2455.0,75737,324649,320097
2019-09-17 13:00:00.000000000,1568696400000000000,2456.0,2474.0,2456.0,2469.0,100392,320097,322287
2019-09-17 14:00:00.000000000,1568700000000000000,2469.0,2473.0,2458.0,2472.0,162325,322287,316040
2019-09-17 21:00:00.000000000,1568725200000000000,2468.0,2497.0,2396.0,2402.0,748499,316040,304615
2019-09-17 22:00:00.000000000,1568728800000000000,2402.0,2413.0,2373.0,2390.0,429032,304615,283233
2019-09-18 09:00:00.000000000,1568768400000000000,2386.0,2386.0,2368.0,2373.0,170813,283233,286804
2019-09-18 10:00:00.000000000,1568772000000000000,2373.0,2373.0,2355.0,2368.0,113727,286804,281555
2019-09-18 11:00:00.000000000,1568775600000000000,2368.0,2378.0,2366.0,2373.0,56336,281555,280930
2019-09-18 13:00:00.000000000,1568782800000000000,2373.0,2383.0,2371.0,2381.0,49048,280930,284547
2019-09-18 14:00:00.000000000,1568786400000000000,2381.0,2392.0,2379.0,2379.0,130251,284547,275868
2019-09-18 21:00:00.000000000,1568811600000000000,2352.0,2374.0,2340.0,2372.0,246815,275868,295288
2019-09-18 22:00:00.000000000,1568815200000000000,2372.0,2390.0,2357.0,2384.0,230238,295288,288964
2019-09-19 09:00:00.000000000,1568854800000000000,2376.0,2383.0,2363.0,2371.0,96282,288964,286431
2019-09-19 10:00:00.000000000,1568858400000000000,2371.0,2377.0,2366.0,2375.0,39515,286431,287284
2019-09-19 11:00:00.000000000,1568862000000000000,2375.0,2376.0,2368.0,2370.0,23967,287284,285885
2019-09-19 13:00:00.000000000,1568869200000000000,2372.0,2374.0,2364.0,2368.0,48236,285885,285195
2019-09-19 14:00:00.000000000,1568872800000000000,2368.0,2375.0,2354.0,2361.0,112840,285195,273423
2019-09-19 21:00:00.000000000,1568898000000000000,2393.0,2395.0,2364.0,2370.0,234895,273423,288520
2019-09-19 22:00:00.000000000,1568901600000000000,2370.0,2378.0,2363.0,2373.0,116720,288520,278663
2019-09-20 09:00:00.000000000,1568941200000000000,2375.0,2381.0,2371.0,2373.0,80208,278663,288798
2019-09-20 10:00:00.000000000,1568944800000000000,2373.0,2381.0,2367.0,2371.0,48701,288798,287798
2019-09-20 11:00:00.000000000,1568948400000000000,2371.0,2374.0,2367.0,2373.0,40163,287798,285632
2019-09-20 13:00:00.000000000,1568955600000000000,2370.0,2372.0,2366.0,2367.0,40470,285632,286935
2019-09-20 14:00:00.000000000,1568959200000000000,2367.0,2378.0,2357.0,2374.0,103182,286935,281854
2019-09-20 21:00:00.000000000,1568984400000000000,2378.0,2386.0,2368.0,2376.0,164119,281854,286731
2019-09-20 22:00:00.000000000,1568988000000000000,2376.0,2381.0,2375.0,2377.0,78293,286731,281547
2019-09-23 09:00:00.000000000,1569200400000000000,2384.0,2389.0,2373.0,2373.0,114779,281547,286298
2019-09-23 10:00:00.000000000,1569204000000000000,2373.0,2381.0,2368.0,2380.0,56052,286298,281935
2019-09-23 11:00:00.000000000,1569207600000000000,2380.0,2381.0,2377.0,2379.0,18378,281935,279271
2019-09-23 13:00:00.000000000,1569214800000000000,2379.0,2383.0,2376.0,2379.0,30766,279271,278885
2019-09-23 14:00:00.000000000,1569218400000000000,2379.0,2393.0,2379.0,2381.0,81417,278885,272508
2019-09-23 21:00:00.000000000,1569243600000000000,2375.0,2376.0,2354.0,2357.0,195520,272508,283550
2019-09-23 22:00:00.000000000,1569247200000000000,2357.0,2361.0,2343.0,2358.0,128143,283550,283802
2019-09-24 09:00:00.000000000,1569286800000000000,2361.0,2366.0,2350.0,2354.0,68429,283802,283916
2019-09-24 10:00:00.000000000,1569290400000000000,2354.0,2359.0,2348.0,2349.0,39372,283916,286948
2019-09-24 11:00:00.000000000,1569294000000000000,2349.0,2355.0,2348.0,2351.0,17151,286948,286210
2019-09-24 13:00:00.000000000,1569301200000000000,2351.0,2351.0,2325.0,2332.0,95022,286210,295636
2019-09-24 14:00:00.000000000,1569304800000000000,2332.0,2332.0,2307.0,2318.0,127761,295636,294403
2019-09-24 21:00:00.000000000,1569330000000000000,2309.0,2318.0,2303.0,2304.0,113798,294403,304277
2019-09-24 22:00:00.000000000,1569333600000000000,2304.0,2306.0,2270.0,2273.0,240944,304277,309403
2019-09-25 09:00:00.000000000,1569373200000000000,2255.0,2270.0,2250.0,2262.0,98504,309403,312540
2019-09-25 10:00:00.000000000,1569376800000000000,2262.0,2270.0,2261.0,2268.0,40183,312540,313078
2019-09-25 11:00:00.000000000,1569380400000000000,2268.0,2277.0,2265.0,2275.0,39368,313078,312097
2019-09-25 13:00:00.000000000,1569387600000000000,2274.0,2274.0,2267.0,2268.0,25922,312097,313273
2019-09-25 14:00:00.000000000,1569391200000000000,2268.0,2272.0,2262.0,2270.0,70331,313273,311238
2019-09-25 21:00:00.000000000,1569416400000000000,2262.0,2264.0,2239.0,2245.0,189424,311238,326162
2019-09-25 22:00:00.000000000,1569420000000000000,2245.0,2262.0,2242.0,2262.0,143186,326162,320603
2019-09-26 09:00:00.000000000,1569459600000000000,2271.0,2273.0,2256.0,2263.0,69703,320603,317737
2019-09-26 10:00:00.000000000,1569463200000000000,2263.0,2264.0,2253.0,2262.0,37607,317737,316851
2019-09-26 11:00:00.000000000,1569466800000000000,2262.0,2264.0,2256.0,2258.0,23924,316851,315461
2019-09-26 13:00:00.000000000,1569474000000000000,2257.0,2258.0,2245.0,2252.0,42623,315461,315501
2019-09-26 14:00:00.000000000,1569477600000000000,2252.0,2257.0,2247.0,2256.0,62867,315501,310690
2019-09-26 21:00:00.000000000,1569502800000000000,2248.0,2269.0,2243.0,2254.0,163325,310690,314350
2019-09-26 22:00:00.000000000,1569506400000000000,2254.0,2258.0,2236.0,2248.0,125525,314350,305705
2019-09-27 09:00:00.000000000,1569546000000000000,2262.0,2266.0,2251.0,2252.0,88815,305705,304382
2019-09-27 10:00:00.000000000,1569549600000000000,2252.0,2255.0,2245.0,2254.0,40817,304382,301529
2019-09-27 11:00:00.000000000,1569553200000000000,2254.0,2255.0,2244.0,2246.0,30102,301529,300811
2019-09-27 13:00:00.000000000,1569560400000000000,2248.0,2251.0,2228.0,2231.0,60440,300811,304372
2019-09-27 14:00:00.000000000,1569564000000000000,2231.0,2236.0,2223.0,2232.0,110338,304372,293605
2019-09-27 21:00:00.000000000,1569589200000000000,2212.0,2235.0,2205.0,2233.0,144660,293605,297197
2019-09-27 22:00:00.000000000,1569592800000000000,2233.0,2253.0,2230.0,2249.0,117471,297197,291760
2019-09-30 09:00:00.000000000,1569805200000000000,2248.0,2249.0,2222.0,2223.0,84078,291760,293071
2019-09-30 10:00:00.000000000,1569808800000000000,2223.0,2237.0,2223.0,2232.0,47978,293071,293209
2019-09-30 11:00:00.000000000,1569812400000000000,2232.0,2237.0,2226.0,2230.0,24960,293209,295176
2019-09-30 13:00:00.000000000,1569819600000000000,2225.0,2231.0,2221.0,2227.0,32082,295176,295711
2019-09-30 14:00:00.000000000,1569823200000000000,2227.0,2240.0,2222.0,2222.0,79056,295711,288163
2019-10-08 09:00:00.000000000,1570496400000000000,2192.0,2204.0,2172.0,2177.0,172583,288163,325603
2019-10-08 10:00:00.000000000,1570500000000000000,2177.0,2184.0,2174.0,2182.0,51479,325603,327995
2019-10-08 11:00:00.000000000,1570503600000000000,2182.0,2185.0,2179.0,2183.0,24815,327995,327992
2019-10-08 13:00:00.000000000,1570510800000000000,2181.0,2196.0,2178.0,2192.0,56787,327992,325561
2019-10-08 14:00:00.000000000,1570514400000000000,2192.0,2197.0,2186.0,2189.0,61784,325561,324282
2019-10-08 21:00:00.000000000,1570539600000000000,2171.0,2188.0,2163.0,2187.0,154839,324282,351571
2019-10-08 22:00:00.000000000,1570543200000000000,2187.0,2193.0,2185.0,2191.0,92126,351571,346483
2019-10-09 09:00:00.000000000,1570582800000000000,2210.0,2218.0,2191.0,2194.0,144097,346483,348121
2019-10-09 10:00:00.000000000,1570586400000000000,2194.0,2198.0,2193.0,2196.0,45228,348121,349274
2019-10-09 11:00:00.000000000,1570590000000000000,2196.0,2197.0,2190.0,2193.0,40860,349274,350178
2019-10-09 13:00:00.000000000,1570597200000000000,2192.0,2195.0,2189.0,2191.0,34290,350178,349349
2019-10-09 14:00:00.000000000,1570600800000000000,2191.0,2200.0,2190.0,2193.0,90602,349349,348343
2019-10-09 21:00:00.000000000,1570626000000000000,2202.0,2215.0,2198.0,2208.0,152929,348343,353626
2019-10-09 22:00:00.000000000,1570629600000000000,2208.0,2208.0,2194.0,2196.0,132597,353626,352696
2019-10-10 09:00:00.000000000,1570669200000000000,2188.0,2193.0,2180.0,2185.0,117958,352696,361347
2019-10-10 10:00:00.000000000,1570672800000000000,2185.0,2192.0,2185.0,2189.0,29537,361347,360236
2019-10-10 11:00:00.000000000,1570676400000000000,2189.0,2191.0,2188.0,2189.0,16775,360236,360519
2019-10-10 13:00:00.000000000,1570683600000000000,2190.0,2196.0,2190.0,2194.0,34350,360519,361811
2019-10-10 14:00:00.000000000,1570687200000000000,2194.0,2195.0,2187.0,2194.0,72637,361811,360352
2019-10-10 21:00:00.000000000,1570712400000000000,2203.0,2221.0,2197.0,2211.0,209323,360352,359782
2019-10-10 22:00:00.000000000,1570716000000000000,2211.0,2214.0,2199.0,2204.0,117544,359782,354467
2019-10-11 09:00:00.000000000,1570755600000000000,2211.0,2216.0,2201.0,2201.0,106062,354467,354811
2019-10-11 10:00:00.000000000,1570759200000000000,2201.0,2202.0,2186.0,2189.0,94980,354811,364423
2019-10-11 11:00:00.000000000,1570762800000000000,2189.0,2196.0,2187.0,2194.0,28385,364423,363566
2019-10-11 13:00:00.000000000,1570770000000000000,2200.0,2220.0,2200.0,2219.0,163312,363566,359120
2019-10-11 14:00:00.000000000,1570773600000000000,2219.0,2239.0,2214.0,2224.0,266231,359120,353769
2019-10-11 21:00:00.000000000,1570798800000000000,2218.0,2229.0,2212.0,2220.0,186825,353769,358782
2019-10-11 22:00:00.000000000,1570802400000000000,2220.0,2221.0,2206.0,2218.0,132099,358782,355954
2019-10-14 09:00:00.000000000,1571014800000000000,2219.0,2230.0,2202.0,2208.0,162983,355954,364205
2019-10-14 10:00:00.000000000,1571018400000000000,2208.0,2215.0,2206.0,2212.0,42156,364205,366144
2019-10-14 11:00:00.000000000,1571022000000000000,2212.0,2215.0,2208.0,2210.0,21583,366144,365592
2019-10-14 13:00:00.000000000,1571029200000000000,2209.0,2211.0,2206.0,2208.0,32455,365592,369037
2019-10-14 14:00:00.000000000,1571032800000000000,2208.0,2211.0,2191.0,2197.0,105244,369037,369539
2019-10-14 21:00:00.000000000,1571058000000000000,2183.0,2195.0,2173.0,2182.0,164754,369539,379266
2019-10-14 22:00:00.000000000,1571061600000000000,2182.0,2184.0,2169.0,2177.0,108039,379266,380081
2019-10-15 09:00:00.000000000,1571101200000000000,2184.0,2184.0,2152.0,2157.0,145108,380081,395130
2019-10-15 10:00:00.000000000,1571104800000000000,2157.0,2170.0,2154.0,2167.0,68343,395130,391072
2019-10-15 11:00:00.000000000,1571108400000000000,2167.0,2168.0,2162.0,2165.0,26655,391072,388287
2019-10-15 13:00:00.000000000,1571115600000000000,2164.0,2165.0,2155.0,2159.0,58281,388287,392723
2019-10-15 14:00:00.000000000,1571119200000000000,2159.0,2167.0,2158.0,2164.0,76108,392723,388902
2019-10-15 21:00:00.000000000,1571144400000000000,2173.0,2178.0,2159.0,2165.0,142854,388902,396740
2019-10-15 22:00:00.000000000,1571148000000000000,2165.0,2176.0,2163.0,2170.0,102195,396740,387403
2019-10-16 09:00:00.000000000,1571187600000000000,2166.0,2168.0,2154.0,2162.0,95737,387403,402380
2019-10-16 10:00:00.000000000,1571191200000000000,2162.0,2163.0,2132.0,2149.0,115799,402380,410356
2019-10-16 11:00:00.000000000,1571194800000000000,2149.0,2154.0,2141.0,2141.0,48902,410356,409838
2019-10-16 13:00:00.000000000,1571202000000000000,2139.0,2148.0,2135.0,2145.0,44200,409838,411596
2019-10-16 14:00:00.000000000,1571205600000000000,2145.0,2150.0,2138.0,2148.0,80772,411596,405146
2019-10-16 21:00:00.000000000,1571230800000000000,2149.0,2154.0,2138.0,2152.0,127810,405146,405785
2019-10-16 22:00:00.000000000,1571234400000000000,2152.0,2166.0,2151.0,2161.0,126016,405785,388703
2019-10-17 09:00:00.000000000,1571274000000000000,2153.0,2156.0,2138.0,2148.0,136979,388703,396964
2019-10-17 10:00:00.000000000,1571277600000000000,2148.0,2153.0,2142.0,2144.0,61845,396964,394167
2019-10-17 11:00:00.000000000,1571281200000000000,2144.0,2145.0,2134.0,2140.0,66509,394167,406328
2019-10-17 13:00:00.000000000,1571288400000000000,2138.0,2143.0,2125.0,2129.0,47776,406328,413661
2019-10-17 14:00:00.000000000,1571292000000000000,2129.0,2130.0,2117.0,2129.0,150970,413661,418375
2019-10-17 21:00:00.000000000,1571317200000000000,2133.0,2140.0,2131.0,2138.0,114002,418375,413086
2019-10-17 22:00:00.000000000,1571320800000000000,2138.0,2144.0,2134.0,2136.0,67415,413086,405623
2019-10-18 09:00:00.000000000,1571360400000000000,2149.0,2151.0,2140.0,2142.0,81820,405623,397893
2019-10-18 10:00:00.000000000,1571364000000000000,2142.0,2145.0,2131.0,2134.0,46228,397893,398372
2019-10-18 11:00:00.000000000,1571367600000000000,2134.0,2136.0,2124.0,2129.0,53299,398372,400107
2019-10-18 13:00:00.000000000,1571374800000000000,2129.0,2135.0,2127.0,2131.0,30511,400107,400187
2019-10-18 14:00:00.000000000,1571378400000000000,2131.0,2141.0,2128.0,2138.0,77917,400187,395047
2019-10-18 21:00:00.000000000,1571403600000000000,2151.0,2157.0,2137.0,2146.0,112061,395047,400388
2019-10-18 22:00:00.000000000,1571407200000000000,2146.0,2149.0,2137.0,2140.0,69498,400388,396017
2019-10-21 09:00:00.000000000,1571619600000000000,2136.0,2137.0,2108.0,2115.0,141057,396017,414341
2019-10-21 10:00:00.000000000,1571623200000000000,2115.0,2121.0,2113.0,2119.0,42627,414341,412294
2019-10-21 11:00:00.000000000,1571626800000000000,2119.0,2120.0,2106.0,2110.0,46978,412294,416010
2019-10-21 13:00:00.000000000,1571634000000000000,2110.0,2117.0,2107.0,2113.0,47048,416010,416923
2019-10-21 14:00:00.000000000,1571637600000000000,2113.0,2117.0,2103.0,2113.0,107924,416923,417869
2019-10-21 21:00:00.000000000,1571662800000000000,2109.0,2113.0,2089.0,2104.0,166134,417869,428003
2019-10-21 22:00:00.000000000,1571666400000000000,2104.0,2120.0,2101.0,2118.0,95761,428003,415341
2019-10-22 09:00:00.000000000,1571706000000000000,2118.0,2122.0,2105.0,2109.0,73631,415341,414424
2019-10-22 10:00:00.000000000,1571709600000000000,2109.0,2111.0,2104.0,2108.0,30314,414424,413639
2019-10-22 11:00:00.000000000,1571713200000000000,2108.0,2109.0,2104.0,2105.0,19397,413639,413480
2019-10-22 13:00:00.000000000,1571720400000000000,2104.0,2112.0,2100.0,2111.0,41704,413480,414319
2019-10-22 14:00:00.000000000,1571724000000000000,2111.0,2113.0,2101.0,2102.0,69233,414319,410252
2019-10-22 21:00:00.000000000,1571749200000000000,2113.0,2126.0,2111.0,2115.0,165315,410252,410693
2019-10-22 22:00:00.000000000,1571752800000000000,2115.0,2120.0,2111.0,2119.0,94505,410693,406562
2019-10-23 09:00:00.000000000,1571792400000000000,2110.0,2112.0,2102.0,2105.0,88357,406562,416298
2019-10-23 10:00:00.000000000,1571796000000000000,2105.0,2109.0,2101.0,2107.0,38939,416298,417709
2019-10-23 11:00:00.000000000,1571799600000000000,2107.0,2109.0,2103.0,2104.0,16664,417709,416879
2019-10-23 13:00:00.000000000,1571806800000000000,2104.0,2108.0,2103.0,2107.0,18743,416879,417551
2019-10-23 14:00:00.000000000,1571810400000000000,2107.0,2110.0,2081.0,2097.0,140540,417551,422296
2019-10-23 21:00:00.000000000,1571835600000000000,2091.0,2115.0,2086.0,2113.0,147978,422296,419163
2019-10-23 22:00:00.000000000,1571839200000000000,2113.0,2130.0,2112.0,2126.0,178196,419163,402944
2019-10-24 09:00:00.000000000,1571878800000000000,2133.0,2136.0,2116.0,2121.0,96294,402944,399744
2019-10-24 10:00:00.000000000,1571882400000000000,2121.0,2123.0,2115.0,2120.0,39076,399744,398164
2019-10-24 11:00:00.000000000,1571886000000000000,2120.0,2123.0,2116.0,2118.0,31045,398164,396429
2019-10-24 13:00:00.000000000,1571893200000000000,2119.0,2124.0,2117.0,2122.0,30659,396429,397358
2019-10-24 14:00:00.000000000,1571896800000000000,2122.0,2129.0,2121.0,2127.0,60417,397358,392537
2019-10-24 21:00:00.000000000,1571922000000000000,2133.0,2139.0,2125.0,2129.0,136051,392537,390640
2019-10-24 22:00:00.000000000,1571925600000000000,2129.0,2134.0,2127.0,2128.0,60750,390640,386919
2019-10-25 09:00:00.000000000,1571965200000000000,2127.0,2129.0,2112.0,2120.0,97392,386919,396827
2019-10-25 10:00:00.000000000,1571968800000000000,2120.0,2122.0,2114.0,2121.0,38894,396827,397735
2019-10-25 11:00:00.000000000,1571972400000000000,2121.0,2124.0,2117.0,2118.0,28951,397735,395204
2019-10-25 13:00:00.000000000,1571979600000000000,2118.0,2120.0,2106.0,2111.0,57944,395204,399707
2019-10-25 14:00:00.000000000,1571983200000000000,2111.0,2112.0,2101.0,2108.0,85511,399707,400878
2019-10-25 21:00:00.000000000,1572008400000000000,2107.0,2120.0,2102.0,2110.0,107861,400878,403690
2019-10-25 22:00:00.000000000,1572012000000000000,2110.0,2112.0,2103.0,2110.0,94939,403690,405134
2019-10-28 09:00:00.000000000,1572224400000000000,2116.0,2121.0,2106.0,2107.0,102529,405134,406811
2019-10-28 10:00:00.000000000,1572228000000000000,2107.0,2111.0,2104.0,2109.0,41218,406811,410555
2019-10-28 11:00:00.000000000,1572231600000000000,2109.0,2110.0,2105.0,2106.0,25049,410555,409404
2019-10-28 13:00:00.000000000,1572238800000000000,2105.0,2105.0,2091.0,2099.0,71196,409404,412685
2019-10-28 14:00:00.000000000,1572242400000000000,2099.0,2104.0,2093.0,2099.0,64066,412685,409285
2019-10-28 21:00:00.000000000,1572267600000000000,2107.0,2126.0,2101.0,2121.0,157319,409285,401561
2019-10-28 22:00:00.000000000,1572271200000000000,2121.0,2122.0,2103.0,2108.0,105311,401561,400246
2019-10-29 09:00:00.000000000,1572310800000000000,2105.0,2106.0,2087.0,2094.0,139143,400246,417131
2019-10-29 10:00:00.000000000,1572314400000000000,2094.0,2097.0,2090.0,2095.0,37770,417131,419736
2019-10-29 11:00:00.000000000,1572318000000000000,2095.0,2098.0,2094.0,2097.0,20541,419736,418362
2019-10-29 13:00:00.000000000,1572325200000000000,2096.0,2102.0,2091.0,2097.0,44179,418362,420006
2019-10-29 14:00:00.000000000,1572328800000000000,2097.0,2100.0,2094.0,2096.0,73022,420006,413987
2019-10-29 21:00:00.000000000,1572354000000000000,2079.0,2102.0,2072.0,2095.0,138200,413987,410966
2019-10-29 22:00:00.000000000,1572357600000000000,2095.0,2099.0,2091.0,2095.0,61728,410966,405390
2019-10-30 09:00:00.000000000,1572397200000000000,2097.0,2099.0,2084.0,2086.0,80835,405390,405771
2019-10-30 10:00:00.000000000,1572400800000000000,2086.0,2091.0,2084.0,2089.0,46665,405771,406849
2019-10-30 11:00:00.000000000,1572404400000000000,2089.0,2092.0,2085.0,2091.0,22693,406849,406819
2019-10-30 13:00:00.000000000,1572411600000000000,2093.0,2101.0,2092.0,2096.0,52394,406819,402337
2019-10-30 14:00:00.000000000,1572415200000000000,2096.0,2104.0,2094.0,2097.0,75126,402337,393116
2019-10-30 21:00:00.000000000,1572440400000000000,2102.0,2110.0,2096.0,2102.0,108729,393116,385746
2019-10-30 22:00:00.000000000,1572444000000000000,2102.0,2106.0,2097.0,2102.0,99488,385746,378002
2019-10-31 09:00:00.000000000,1572483600000000000,2093.0,2106.0,2090.0,2105.0,82029,378002,376712
2019-10-31 10:00:00.000000000,1572487200000000000,2105.0,2105.0,2098.0,2104.0,30993,376712,374646
2019-10-31 11:00:00.000000000,1572490800000000000,2104.0,2115.0,2102.0,2112.0,53245,374646,369423
2019-10-31 13:00:00.000000000,1572498000000000000,2111.0,2115.0,2107.0,2113.0,44539,369423,363934
2019-10-31 14:00:00.000000000,1572501600000000000,2113.0,2118.0,2107.0,2108.0,78046,363934,356332
2019-10-31 21:00:00.000000000,1572526800000000000,2096.0,2106.0,2095.0,2098.0,96367,356332,357542
2019-10-31 22:00:00.000000000,1572530400000000000,2098.0,2098.0,2090.0,2093.0,76665,357542,352519
2019-11-01 09:00:00.000000000,1572570000000000000,2097.0,2102.0,2088.0,2093.0,68672,352519,354373
2019-11-01 10:00:00.000000000,1572573600000000000,2093.0,2100.0,2092.0,2098.0,30209,354373,354219
2019-11-01 11:00:00.000000000,1572577200000000000,2098.0,2102.0,2098.0,2099.0,21875,354219,352713
2019-11-01 13:00:00.000000000,1572584400000000000,2101.0,2104.0,2097.0,2097.0,26445,352713,353599
2019-11-01 14:00:00.000000000,1572588000000000000,2097.0,2100.0,2094.0,2097.0,38790,353599,350668
2019-11-01 21:00:00.000000000,1572613200000000000,2108.0,2112.0,2103.0,2109.0,97463,350668,351762
2019-11-01 22:00:00.000000000,1572616800000000000,2109.0,2128.0,2107.0,2119.0,152175,351762,346785
2019-11-04 09:00:00.000000000,1572829200000000000,2129.0,2134.0,2121.0,2130.0,120008,346785,345200
2019-11-04 10:00:00.000000000,1572832800000000000,2130.0,2135.0,2127.0,2133.0,36708,345200,344884
2019-11-04 11:00:00.000000000,1572836400000000000,2133.0,2135.0,2130.0,2134.0,25927,344884,343413
2019-11-04 13:00:00.000000000,1572843600000000000,2134.0,2140.0,2130.0,2133.0,35919,343413,340785
2019-11-04 14:00:00.000000000,1572847200000000000,2133.0,2135.0,2128.0,2134.0,53865,340785,334886
2019-11-04 21:00:00.000000000,1572872400000000000,2144.0,2154.0,2140.0,2146.0,126363,334886,337449
2019-11-04 22:00:00.000000000,1572876000000000000,2146.0,2150.0,2141.0,2141.0,80163,337449,334146
2019-11-05 09:00:00.000000000,1572915600000000000,2133.0,2138.0,2120.0,2128.0,102236,334146,332740
2019-11-05 10:00:00.000000000,1572919200000000000,2128.0,2131.0,2125.0,2127.0,35859,332740,337058
2019-11-05 11:00:00.000000000,1572922800000000000,2127.0,2132.0,2126.0,2127.0,27114,337058,338827
2019-11-05 13:00:00.000000000,1572930000000000000,2128.0,2132.0,2127.0,2131.0,21701,338827,340421
2019-11-05 14:00:00.000000000,1572933600000000000,2131.0,2133.0,2123.0,2123.0,62872,340421,341393
2019-11-05 21:00:00.000000000,1572958800000000000,2130.0,2133.0,2115.0,2120.0,103376,341393,344974
2019-11-05 22:00:00.000000000,1572962400000000000,2120.0,2128.0,2119.0,2123.0,60851,344974,341923
2019-11-06 09:00:00.000000000,1573002000000000000,2123.0,2126.0,2099.0,2101.0,114277,341923,352248
2019-11-06 10:00:00.000000000,1573005600000000000,2101.0,2104.0,2096.0,2101.0,43393,352248,356354
2019-11-06 11:00:00.000000000,1573009200000000000,2101.0,2102.0,2097.0,2100.0,19791,356354,358125
2019-11-06 13:00:00.000000000,1573016400000000000,2100.0,2101.0,2087.0,2089.0,63170,358125,366620
2019-11-06 14:00:00.000000000,1573020000000000000,2089.0,2098.0,2084.0,2087.0,100344,366620,366314
2019-11-06 21:00:00.000000000,1573045200000000000,2089.0,2097.0,2086.0,2094.0,73599,366314,368681
2019-11-06 22:00:00.000000000,1573048800000000000,2094.0,2098.0,2092.0,2093.0,53380,368681,364128
2019-11-07 09:00:00.000000000,1573088400000000000,2079.0,2087.0,2056.0,2062.0,181253,364128,379839
2019-11-07 10:00:00.000000000,1573092000000000000,2062.0,2064.0,2045.0,2046.0,65546,379839,387442
2019-11-07 11:00:00.000000000,1573095600000000000,2046.0,2053.0,2038.0,2048.0,74068,387442,388579
2019-11-07 13:00:00.000000000,1573102800000000000,2048.0,2061.0,2044.0,2057.0,51196,388579,383527
2019-11-07 14:00:00.000000000,1573106400000000000,2057.0,2063.0,2055.0,2056.0,60931,383527,373492
2019-11-07 21:00:00.000000000,1573131600000000000,2068.0,2073.0,2058.0,2062.0,93408,373492,376951
2019-11-07 22:00:00.000000000,1573135200000000000,2062.0,2065.0,2055.0,2056.0,59795,376951,374159
2019-11-08 09:00:00.000000000,1573174800000000000,2054.0,2055.0,2036.0,2045.0,102861,374159,381503
2019-11-08 10:00:00.000000000,1573178400000000000,2045.0,2057.0,2045.0,2053.0,43796,381503,380648
2019-11-08 11:00:00.000000000,1573182000000000000,2053.0,2054.0,2046.0,2052.0,27285,380648,378447
2019-11-08 13:00:00.000000000,1573189200000000000,2052.0,2052.0,2046.0,2047.0,17800,378447,378348
2019-11-08 14:00:00.000000000,1573192800000000000,2047.0,2048.0,2013.0,2016.0,171469,378348,381900
2019-11-08 21:00:00.000000000,1573218000000000000,2008.0,2015.0,1987.0,1999.0,169395,381900,388248
2019-11-08 22:00:00.000000000,1573221600000000000,1999.0,2003.0,1974.0,1974.0,133308,388248,389501
2019-11-11 09:00:00.000000000,1573434000000000000,2000.0,2000.0,1954.0,1979.0,198330,389501,385807
2019-11-11 10:00:00.000000000,1573437600000000000,1979.0,1987.0,1971.0,1972.0,58253,385807,387195
2019-11-11 11:00:00.000000000,1573441200000000000,1972.0,1979.0,1971.0,1976.0,21577,387195,387926
2019-11-11 13:00:00.000000000,1573448400000000000,1976.0,1977.0,1968.0,1971.0,37697,387926,385007
2019-11-11 14:00:00.000000000,1573452000000000000,1971.0,1973.0,1924.0,1933.0,187590,385007,382625
2019-11-11 21:00:00.000000000,1573477200000000000,1937.0,1943.0,1923.0,1930.0,169353,382625,392585
2019-11-11 22:00:00.000000000,1573480800000000000,1930.0,1937.0,1907.0,1930.0,223569,392585,388769
2019-11-12 09:00:00.000000000,1573520400000000000,1927.0,1927.0,1915.0,1920.0,103197,388769,389127
2019-11-12 10:00:00.000000000,1573524000000000000,1920.0,1937.0,1917.0,1933.0,67408,389127,386639
2019-11-12 11:00:00.000000000,1573527600000000000,1933.0,1946.0,1929.0,1930.0,73962,386639,386593
2019-11-12 13:00:00.000000000,1573534800000000000,1933.0,1938.0,1927.0,1930.0,48000,386593,389607
2019-11-12 14:00:00.000000000,1573538400000000000,1930.0,1938.0,1922.0,1931.0,94211,389607,385732
2019-11-12 21:00:00.000000000,1573563600000000000,1928.0,1935.0,1919.0,1930.0,148431,385732,397883
2019-11-12 22:00:00.000000000,1573567200000000000,1930.0,1935.0,1921.0,1924.0,113986,397883,394048
2019-11-13 09:00:00.000000000,1573606800000000000,1915.0,1917.0,1895.0,1907.0,165740,394048,402424
2019-11-13 10:00:00.000000000,1573610400000000000,1907.0,1910.0,1897.0,1904.0,53976,402424,404539
2019-11-13 11:00:00.000000000,1573614000000000000,1904.0,1908.0,1903.0,1904.0,26275,404539,402759
2019-11-13 13:00:00.000000000,1573621200000000000,1900.0,1907.0,1888.0,1892.0,93501,402759,409968
2019-11-13 14:00:00.000000000,1573624800000000000,1892.0,1895.0,1863.0,1867.0,275364,409968,410669
2019-11-13 21:00:00.000000000,1573650000000000000,1863.0,1868.0,1852.0,1858.0,215396,410669,428446
2019-11-13 22:00:00.000000000,1573653600000000000,1858.0,1869.0,1839.0,1858.0,242385,428446,417822
2019-11-14 09:00:00.000000000,1573693200000000000,1863.0,1872.0,1853.0,1864.0,165936,417822,424241
2019-11-14 10:00:00.000000000,1573696800000000000,1864.0,1866.0,1845.0,1854.0,120234,424241,430508
2019-11-14 11:00:00.000000000,1573700400000000000,1854.0,1856.0,1843.0,1850.0,63601,430508,428946
2019-11-14 13:00:00.000000000,1573707600000000000,1851.0,1859.0,1848.0,1855.0,50579,428946,429953
2019-11-14 14:00:00.000000000,1573711200000000000,1855.0,1856.0,1832.0,1848.0,256523,429953,422173
2019-11-14 21:00:00.000000000,1573736400000000000,1851.0,1859.0,1840.0,1847.0,171881,422173,431158
2019-11-14 22:00:00.000000000,1573740000000000000,1847.0,1853.0,1820.0,1828.0,135043,431158,428712
2019-11-15 09:00:00.000000000,1573779600000000000,1823.0,1830.0,1803.0,1804.0,224593,428712,452253
2019-11-15 10:00:00.000000000,1573783200000000000,1804.0,1809.0,1794.0,1802.0,188330,452253,461147
2019-11-15 11:00:00.000000000,1573786800000000000,1802.0,1814.0,1799.0,1800.0,94830,461147,455920
2019-11-15 13:00:00.000000000,1573794000000000000,1801.0,1805.0,1784.0,1786.0,166622,455920,473563
2019-11-15 14:00:00.000000000,1573797600000000000,1786.0,1787.0,1714.0,1734.0,830378,473563,461178
2019-11-15 21:00:00.000000000,1573822800000000000,1735.0,1753.0,1719.0,1751.0,399068,461178,454964
2019-11-15 22:00:00.000000000,1573826400000000000,1751.0,1759.0,1741.0,1751.0,246583,454964,433892
2019-11-18 09:00:00.000000000,1574038800000000000,1763.0,1768.0,1732.0,1750.0,248083,433892,435829
2019-11-18 10:00:00.000000000,1574042400000000000,1750.0,1761.0,1739.0,1757.0,110786,435829,427265
2019-11-18 11:00:00.000000000,1574046000000000000,1757.0,1764.0,1753.0,1757.0,71397,427265,421631
2019-11-18 13:00:00.000000000,1574053200000000000,1756.0,1775.0,1754.0,1767.0,113968,421631,420131
2019-11-18 14:00:00.000000000,1574056800000000000,1767.0,1772.0,1759.0,1762.0,132817,420131,408723
2019-11-18 21:00:00.000000000,1574082000000000000,1770.0,1777.0,1752.0,1758.0,249676,408723,410924
2019-11-18 22:00:00.000000000,1574085600000000000,1758.0,1793.0,1752.0,1786.0,280834,410924,387852
2019-11-19 09:00:00.000000000,1574125200000000000,1780.0,1789.0,1769.0,1781.0,172898,387852,382936
2019-11-19 10:00:00.000000000,1574128800000000000,1781.0,1785.0,1769.0,1769.0,74109,382936,380865
2019-11-19 11:00:00.000000000,1574132400000000000,1769.0,1773.0,1758.0,1768.0,98132,380865,380580
2019-11-19 13:00:00.000000000,1574139600000000000,1768.0,1788.0,1766.0,1784.0,105426,380580,374528
2019-11-19 14:00:00.000000000,1574143200000000000,1784.0,1786.0,1775.0,1782.0,104305,374528,366435
2019-11-19 21:00:00.000000000,1574168400000000000,1771.0,1782.0,1738.0,1753.0,365041,366435,388497
2019-11-19 22:00:00.000000000,1574172000000000000,1753.0,1754.0,1724.0,1739.0,271535,388497,381247
2019-11-20 09:00:00.000000000,1574211600000000000,1731.0,1762.0,1718.0,1753.0,258012,381247,382353
2019-11-20 10:00:00.000000000,1574215200000000000,1753.0,1772.0,1753.0,1760.0,124998,382353,375518
2019-11-20 11:00:00.000000000,1574218800000000000,1760.0,1762.0,1751.0,1756.0,50956,375518,374113
2019-11-20 13:00:00.000000000,1574226000000000000,1756.0,1756.0,1739.0,1745.0,88119,374113,375814
2019-11-20 14:00:00.000000000,1574229600000000000,1745.0,1745.0,1716.0,1729.0,275259,375814,372058
2019-11-20 21:00:00.000000000,1574254800000000000,1737.0,1758.0,1733.0,1758.0,238590,372058,371861
2019-11-20 22:00:00.000000000,1574258400000000000,1758.0,1776.0,1749.0,1760.0,229108,371861,358236
2019-11-21 09:00:00.000000000,1574298000000000000,1774.0,1785.0,1765.0,1779.0,268537,358236,357886
2019-11-21 10:00:00.000000000,1574301600000000000,1779.0,1787.0,1769.0,1779.0,117152,357886,357511
2019-11-21 11:00:00.000000000,1574305200000000000,1779.0,1787.0,1776.0,1779.0,76003,357511,354310
2019-11-21 13:00:00.000000000,1574312400000000000,1779.0,1781.0,1772.0,1779.0,46053,354310,353815
2019-11-21 14:00:00.000000000,1574316000000000000,1779.0,1812.0,1777.0,1803.0,329569,353815,339201
2019-11-21 21:00:00.000000000,1574341200000000000,1806.0,1826.0,1797.0,1824.0,228265,339201,345832
2019-11-21 22:00:00.000000000,1574344800000000000,1824.0,1850.0,1823.0,1835.0,285926,345832,328859
2019-11-22 09:00:00.000000000,1574384400000000000,1839.0,1857.0,1818.0,1828.0,232616,328859,327219
2019-11-22 10:00:00.000000000,1574388000000000000,1828.0,1829.0,1812.0,1823.0,109671,327219,323480
2019-11-22 11:00:00.000000000,1574391600000000000,1823.0,1829.0,1818.0,1823.0,42473,323480,322203
2019-11-22 13:00:00.000000000,1574398800000000000,1823.0,1826.0,1812.0,1814.0,58065,322203,325375
2019-11-22 14:00:00.000000000,1574402400000000000,1814.0,1825.0,1804.0,1815.0,148821,325375,313898
2019-11-22 21:00:00.000000000,1574427600000000000,1825.0,1846.0,1820.0,1842.0,189024,313898,311925
2019-11-22 22:00:00.000000000,1574431200000000000,1842.0,1847.0,1825.0,1832.0,129231,311925,302341
2019-11-25 09:00:00.000000000,1574643600000000000,1829.0,1849.0,1812.0,1835.0,168533,302341,300292
2019-11-25 10:00:00.000000000,1574647200000000000,1835.0,1844.0,1829.0,1842.0,56017,300292,300827
2019-11-25 11:00:00.000000000,1574650800000000000,1842.0,1852.0,1838.0,1844.0,51124,300827,297026
2019-11-25 13:00:00.000000000,1574658000000000000,1845.0,1849.0,1838.0,1848.0,35352,297026,298000
2019-11-25 14:00:00.000000000,1574661600000000000,1848.0,1856.0,1840.0,1843.0,127101,298000,291104
2019-11-25 21:00:00.000000000,1574686800000000000,1837.0,1848.0,1822.0,1826.0,135287,291104,298391
2019-11-25 22:00:00.000000000,1574690400000000000,1826.0,1842.0,1819.0,1836.0,111457,298391,288370
2019-11-26 09:00:00.000000000,1574730000000000000,1840.0,1845.0,1835.0,1840.0,62256,288370,288094
2019-11-26 10:00:00.000000000,1574733600000000000,1840.0,1841.0,1830.0,1837.0,40943,288094,288711
2019-11-26 11:00:00.000000000,1574737200000000000,1837.0,1838.0,1820.0,1821.0,39136,288711,287077
2019-11-26 13:00:00.000000000,1574744400000000000,1822.0,1829.0,1808.0,1824.0,64541,287077,282862
2019-11-26 14:00:00.000000000,1574748000000000000,1824.0,1839.0,1824.0,1832.0,83814,282862,274102
2019-11-26 21:00:00.000000000,1574773200000000000,1842.0,1848.0,1829.0,1835.0,81840,274102,273562
2019-11-26 22:00:00.000000000,1574776800000000000,1835.0,1841.0,1826.0,1837.0,63171,273562,268678
2019-11-27 09:00:00.000000000,1574816400000000000,1833.0,1843.0,1831.0,1840.0,47183,268678,268251
2019-11-27 10:00:00.000000000,1574820000000000000,1840.0,1841.0,1832.0,1838.0,26695,268251,267061
2019-11-27 11:00:00.000000000,1574823600000000000,1838.0,1840.0,1835.0,1839.0,12778,267061,265409
2019-11-27 13:00:00.000000000,1574830800000000000,1840.0,1843.0,1833.0,1837.0,22877,265409,264320
2019-11-27 14:00:00.000000000,1574834400000000000,1837.0,1837.0,1817.0,1823.0,96853,264320,260005
2019-11-27 21:00:00.000000000,1574859600000000000,1926.0,1974.0,1923.0,1968.0,197712,260005,300249
2019-11-27 22:00:00.000000000,1574863200000000000,1968.0,1970.0,1951.0,1953.0,119443,300249,293388
2019-11-28 09:00:00.000000000,1574902800000000000,1948.0,1949.0,1923.0,1923.0,110221,293388,299335
2019-11-28 10:00:00.000000000,1574906400000000000,1923.0,1932.0,1919.0,1931.0,46806,299335,302396
2019-11-28 11:00:00.000000000,1574910000000000000,1931.0,1936.0,1929.0,1931.0,21687,302396,301897
2019-11-28 13:00:00.000000000,1574917200000000000,1931.0,1940.0,1920.0,1938.0,50418,301897,305463
2019-11-28 14:00:00.000000000,1574920800000000000,1938.0,1940.0,1926.0,1932.0,50459,305463,303814
2019-11-28 21:00:00.000000000,1574946000000000000,1927.0,1934.0,1886.0,1898.0,273439,303814,341005
2019-11-28 22:00:00.000000000,1574949600000000000,1898.0,1898.0,1887.0,1890.0,85425,341005,340581
2019-11-29 09:00:00.000000000,1574989200000000000,1893.0,1906.0,1885.0,1898.0,97308,340581,342617
2019-11-29 10:00:00.000000000,1574992800000000000,1898.0,1899.0,1876.0,1892.0,120736,342617,348219
2019-11-29 11:00:00.000000000,1574996400000000000,1892.0,1908.0,1891.0,1903.0,80165,348219,341763
2019-11-29 13:00:00.000000000,1575003600000000000,1902.0,1931.0,1899.0,1925.0,123590,341763,334758
2019-11-29 14:00:00.000000000,1575007200000000000,1925.0,1939.0,1924.0,1935.0,133390,334758,329454
2019-11-29 21:00:00.000000000,1575032400000000000,1931.0,1940.0,1915.0,1930.0,202262,329454,342221
2019-11-29 22:00:00.000000000,1575036000000000000,1930.0,1931.0,1898.0,1907.0,238899,342221,341111
2019-12-02 09:00:00.000000000,1575248400000000000,1900.0,1900.0,1876.0,1889.0,240571,341111,359852
2019-12-02 10:00:00.000000000,1575252000000000000,1889.0,1896.0,1882.0,1885.0,61336,359852,365148
2019-12-02 11:00:00.000000000,1575255600000000000,1885.0,1887.0,1868.0,1874.0,86211,365148,371216
2019-12-02 13:00:00.000000000,1575262800000000000,1874.0,1881.0,1873.0,1875.0,68380,371216,377253
2019-12-02 14:00:00.000000000,1575266400000000000,1875.0,1877.0,1849.0,1859.0,211236,377253,386374
2019-12-02 21:00:00.000000000,1575291600000000000,1864.0,1875.0,1861.0,1873.0,210352,386374,393423
2019-12-02 22:00:00.000000000,1575295200000000000,1873.0,1883.0,1866.0,1875.0,156935,393423,383124
2019-12-03 09:00:00.000000000,1575334800000000000,1870.0,1882.0,1864.0,1880.0,147420,383124,386368
2019-12-03 10:00:00.000000000,1575338400000000000,1880.0,1893.0,1879.0,1891.0,91073,386368,377920
2019-12-03 11:00:00.000000000,1575342000000000000,1891.0,1897.0,1882.0,1883.0,69321,377920,375526
2019-12-03 13:00:00.000000000,1575349200000000000,1883.0,1891.0,1882.0,1889.0,45242,375526,376364
2019-12-03 14:00:00.000000000,1575352800000000000,1889.0,1898.0,1885.0,1889.0,109483,376364,368308
2019-12-03 21:00:00.000000000,1575378000000000000,1878.0,1891.0,1869.0,1890.0,254966,368308,383030
2019-12-03 22:00:00.000000000,1575381600000000000,1890.0,1908.0,1889.0,1894.0,277761,383030,372423
2019-12-04 09:00:00.000000000,1575421200000000000,1901.0,1914.0,1892.0,1910.0,145273,372423,366438
2019-12-04 10:00:00.000000000,1575424800000000000,1910.0,1920.0,1908.0,1912.0,114610,366438,362663
2019-12-04 11:00:00.000000000,1575428400000000000,1912.0,1912.0,1902.0,1906.0,50336,362663,360517
2019-12-04 13:00:00.000000000,1575435600000000000,1905.0,1913.0,1899.0,1900.0,54367,360517,359921
2019-12-04 14:00:00.000000000,1575439200000000000,1900.0,1918.0,1900.0,1917.0,109881,359921,351639
2019-12-04 21:00:00.000000000,1575464400000000000,1930.0,1952.0,1926.0,1949.0,301492,351639,357924
2019-12-04 22:00:00.000000000,1575468000000000000,1949.0,1959.0,1946.0,1955.0,207465,357924,349006
2019-12-05 09:00:00.000000000,1575507600000000000,1957.0,1958.0,1941.0,1948.0,145959,349006,349145
2019-12-05 10:00:00.000000000,1575511200000000000,1948.0,1949.0,1941.0,1946.0,57847,349145,350565
2019-12-05 11:00:00.000000000,1575514800000000000,1946.0,1948.0,1940.0,1945.0,38621,350565,348302
2019-12-05 13:00:00.000000000,1575522000000000000,1945.0,1949.0,1943.0,1946.0,33907,348302,350881
2019-12-05 14:00:00.000000000,1575525600000000000,1946.0,1954.0,1944.0,1952.0,96516,350881,344842
2019-12-05 21:00:00.000000000,1575550800000000000,1960.0,1985.0,1958.0,1961.0,374605,344842,359984
2019-12-05 22:00:00.000000000,1575554400000000000,1961.0,1965.0,1954.0,1955.0,183669,359984,359017
2019-12-06 09:00:00.000000000,1575594000000000000,1954.0,1965.0,1947.0,1964.0,132231,359017,352350
2019-12-06 10:00:00.000000000,1575597600000000000,1964.0,1972.0,1960.0,1968.0,70963,352350,353192
2019-12-06 11:00:00.000000000,1575601200000000000,1968.0,1975.0,1964.0,1974.0,62625,353192,353770
2019-12-06 13:00:00.000000000,1575608400000000000,1975.0,1976.0,1968.0,1970.0,50440,353770,354981
2019-12-06 14:00:00.000000000,1575612000000000000,1970.0,1983.0,1967.0,1980.0,134364,354981,351696
2019-12-06 21:00:00.000000000,1575637200000000000,1987.0,1988.0,1960.0,1967.0,229878,351696,355936
2019-12-06 22:00:00.000000000,1575640800000000000,1967.0,2005.0,1966.0,2003.0,275723,355936,342317
2019-12-09 09:00:00.000000000,1575853200000000000,1997.0,2018.0,1991.0,2016.0,204588,342317,352356
2019-12-09 10:00:00.000000000,1575856800000000000,2016.0,2023.0,2010.0,2022.0,68656,352356,351958
2019-12-09 11:00:00.000000000,1575860400000000000,2022.0,2028.0,2010.0,2015.0,66767,351958,347266
2019-12-09 13:00:00.000000000,1575867600000000000,2014.0,2021.0,2005.0,2015.0,57331,347266,346921
2019-12-09 14:00:00.000000000,1575871200000000000,2015.0,2017.0,1999.0,2011.0,129821,346921,338262
2019-12-09 21:00:00.000000000,1575896400000000000,2000.0,2017.0,1997.0,2010.0,159687,338262,347709
2019-12-09 22:00:00.000000000,1575900000000000000,2010.0,2020.0,2006.0,2012.0,101492,347709,341155
2019-12-10 09:00:00.000000000,1575939600000000000,2012.0,2027.0,2004.0,2019.0,159043,341155,345759
2019-12-10 10:00:00.000000000,1575943200000000000,2019.0,2028.0,2011.0,2015.0,96809,345759,347997
2019-12-10 11:00:00.000000000,1575946800000000000,2015.0,2018.0,2008.0,2018.0,50912,347997,347998
2019-12-10 13:00:00.000000000,1575954000000000000,2017.0,2022.0,2014.0,2021.0,46860,347998,349379
2019-12-10 14:00:00.000000000,1575957600000000000,2021.0,2025.0,2009.0,2022.0,140560,349379,339536
2019-12-10 21:00:00.000000000,1575982800000000000,2016.0,2038.0,2004.0,2034.0,289674,339536,344008
2019-12-10 22:00:00.000000000,1575986400000000000,2034.0,2048.0,2028.0,2048.0,183621,344008,342808
2019-12-11 09:00:00.000000000,1576026000000000000,2046.0,2072.0,2043.0,2069.0,296441,342808,362509
2019-12-11 10:00:00.000000000,1576029600000000000,2069.0,2083.0,2060.0,2065.0,215519,362509,357382
2019-12-11 11:00:00.000000000,1576033200000000000,2065.0,2074.0,2059.0,2070.0,71730,357382,354644
2019-12-11 13:00:00.000000000,1576040400000000000,2071.0,2081.0,2065.0,2075.0,81854,354644,359357
2019-12-11 14:00:00.000000000,1576044000000000000,2075.0,2076.0,2060.0,2070.0,146172,359357,348131
2019-12-11 21:00:00.000000000,1576069200000000000,2071.0,2088.0,2068.0,2080.0,269879,348131,360047
2019-12-11 22:00:00.000000000,1576072800000000000,2080.0,2093.0,2066.0,2093.0,226535,360047,353464
2019-12-12 09:00:00.000000000,1576112400000000000,2089.0,2089.0,2061.0,2069.0,209119,353464,357893
2019-12-12 10:00:00.000000000,1576116000000000000,2069.0,2071.0,2057.0,2064.0,86665,357893,357199
2019-12-12 11:00:00.000000000,1576119600000000000,2064.0,2069.0,2062.0,2067.0,29655,357199,354493
2019-12-12 13:00:00.000000000,1576126800000000000,2066.0,2068.0,2052.0,2056.0,89544,354493,352408
2019-12-12 14:00:00.000000000,1576130400000000000,2056.0,2069.0,2053.0,2069.0,97131,352408,344355
2019-12-12 21:00:00.000000000,1576155600000000000,2072.0,2084.0,2062.0,2074.0,221787,344355,345778
2019-12-12 22:00:00.000000000,1576159200000000000,2074.0,2086.0,2061.0,2076.0,225015,345778,342093
2019-12-13 09:00:00.000000000,1576198800000000000,2077.0,2081.0,2063.0,2069.0,98218,342093,348462
2019-12-13 10:00:00.000000000,1576202400000000000,2069.0,2076.0,2059.0,2070.0,84934,348462,346495
2019-12-13 11:00:00.000000000,1576206000000000000,2070.0,2075.0,2067.0,2069.0,37763,346495,345831
2019-12-13 13:00:00.000000000,1576213200000000000,2069.0,2071.0,2061.0,2066.0,44578,345831,348284
2019-12-13 14:00:00.000000000,1576216800000000000,2066.0,2078.0,2063.0,2074.0,79201,348284,339465
2019-12-13 21:00:00.000000000,1576242000000000000,2078.0,2083.0,2064.0,2071.0,158270,339465,349692
2019-12-13 22:00:00.000000000,1576245600000000000,2071.0,2077.0,2026.0,2064.0,399712,349692,328280
2019-12-16 09:00:00.000000000,1576458000000000000,2066.0,2096.0,2058.0,2084.0,262652,328280,336530
2019-12-16 10:00:00.000000000,1576461600000000000,2084.0,2086.0,2073.0,2079.0,85295,336530,334224
2019-12-16 11:00:00.000000000,1576465200000000000,2079.0,2087.0,2079.0,2083.0,41311,334224,335943
2019-12-16 13:00:00.000000000,1576472400000000000,2082.0,2085.0,2078.0,2083.0,31661,335943,336523
2019-12-16 14:00:00.000000000,1576476000000000000,2083.0,2093.0,2078.0,2087.0,116808,336523,334485
2019-12-16 21:00:00.000000000,1576501200000000000,2093.0,2117.0,2090.0,2116.0,272557,334485,353929
2019-12-16 22:00:00.000000000,1576504800000000000,2116.0,2117.0,2104.0,2113.0,146857,353929,350340
2019-12-17 09:00:00.000000000,1576544400000000000,2111.0,2111.0,2084.0,2084.0,199622,350340,344612
2019-12-17 10:00:00.000000000,1576548000000000000,2084.0,2091.0,2081.0,2088.0,80284,344612,343949
2019-12-17 11:00:00.000000000,1576551600000000000,2088.0,2089.0,2061.0,2061.0,118577,343949,342960
2019-12-17 13:00:00.000000000,1576558800000000000,2062.0,2083.0,2062.0,2081.0,96339,342960,345043
2019-12-17 14:00:00.000000000,1576562400000000000,2081.0,2081.0,2055.0,2075.0,245740,345043,342235
2019-12-17 21:00:00.000000000,1576587600000000000,2082.0,2092.0,2075.0,2084.0,202711,342235,341965
2019-12-17 22:00:00.000000000,1576591200000000000,2084.0,2089.0,2082.0,2085.0,101934,341965,331664
2019-12-18 09:00:00.000000000,1576630800000000000,2087.0,2097.0,2082.0,2083.0,138008,331664,331576
2019-12-18 10:00:00.000000000,1576634400000000000,2083.0,2084.0,2074.0,2078.0,70299,331576,330310
2019-12-18 11:00:00.000000000,1576638000000000000,2078.0,2082.0,2072.0,2078.0,52121,330310,328396
2019-12-18 13:00:00.000000000,1576645200000000000,2078.0,2081.0,2071.0,2075.0,55269,328396,329186
2019-12-18 14:00:00.000000000,1576648800000000000,2075.0,2079.0,2063.0,2067.0,104946,329186,322104
2019-12-18 21:00:00.000000000,1576674000000000000,2075.0,2094.0,2063.0,2088.0,245229,322104,327364
2019-12-18 22:00:00.000000000,1576677600000000000,2088.0,2106.0,2087.0,2090.0,191862,327364,329964
2019-12-19 09:00:00.000000000,1576717200000000000,2097.0,2105.0,2091.0,2101.0,140076,329964,334167
2019-12-19 10:00:00.000000000,1576720800000000000,2101.0,2113.0,2099.0,2111.0,110047,334167,341685
2019-12-19 11:00:00.000000000,1576724400000000000,2111.0,2113.0,2105.0,2108.0,57680,341685,343356
2019-12-19 13:00:00.000000000,1576731600000000000,2108.0,2124.0,2107.0,2120.0,118705,343356,354454
2019-12-19 14:00:00.000000000,1576735200000000000,2120.0,2133.0,2117.0,2131.0,193963,354454,360448
2019-12-19 21:00:00.000000000,1576760400000000000,2138.0,2139.0,2120.0,2128.0,200634,360448,353560
2019-12-19 22:00:00.000000000,1576764000000000000,2128.0,2132.0,2121.0,2128.0,126488,353560,346043
2019-12-20 09:00:00.000000000,1576803600000000000,2132.0,2154.0,2128.0,2153.0,238894,346043,358777
2019-12-20 10:00:00.000000000,1576807200000000000,2153.0,2171.0,2150.0,2163.0,180946,358777,361555
2019-12-20 11:00:00.000000000,1576810800000000000,2163.0,2179.0,2162.0,2169.0,107083,361555,363111
2019-12-20 13:00:00.000000000,1576818000000000000,2168.0,2173.0,2162.0,2166.0,85672,363111,359265
2019-12-20 14:00:00.000000000,1576821600000000000,2166.0,2172.0,2163.0,2168.0,120689,359265,348588
2019-12-20 21:00:00.000000000,1576846800000000000,2166.0,2180.0,2162.0,2171.0,213342,348588,351715
2019-12-20 22:00:00.000000000,1576850400000000000,2171.0,2183.0,2155.0,2168.0,272304,351715,336731
2019-12-23 09:00:00.000000000,1577062800000000000,2163.0,2177.0,2153.0,2165.0,156802,336731,342457
2019-12-23 10:00:00.000000000,1577066400000000000,2165.0,2171.0,2159.0,2168.0,64603,342457,342209
2019-12-23 11:00:00.000000000,1577070000000000000,2168.0,2170.0,2161.0,2164.0,35673,342209,339765
2019-12-23 13:00:00.000000000,1577077200000000000,2162.0,2163.0,2148.0,2155.0,104762,339765,335849
2019-12-23 14:00:00.000000000,1577080800000000000,2155.0,2164.0,2153.0,2160.0,95568,335849,330523
2019-12-23 21:00:00.000000000,1577106000000000000,2167.0,2171.0,2156.0,2164.0,130663,330523,333947
2019-12-23 22:00:00.000000000,1577109600000000000,2164.0,2164.0,2153.0,2159.0,110938,333947,328692
2019-12-24 09:00:00.000000000,1577149200000000000,2163.0,2169.0,2152.0,2159.0,125924,328692,331594
2019-12-24 10:00:00.000000000,1577152800000000000,2159.0,2168.0,2157.0,2167.0,61214,331594,326095
2019-12-24 11:00:00.000000000,1577156400000000000,2167.0,2167.0,2163.0,2163.0,27706,326095,325642
2019-12-24 13:00:00.000000000,1577163600000000000,2165.0,2165.0,2143.0,2151.0,105955,325642,324986
2019-12-24 14:00:00.000000000,1577167200000000000,2151.0,2178.0,2138.0,2158.0,249080,324986,308477
2019-12-24 21:00:00.000000000,1577192400000000000,2156.0,2159.0,2133.0,2140.0,213257,308477,321230
2019-12-24 22:00:00.000000000,1577196000000000000,2140.0,2153.0,2135.0,2150.0,141857,321230,310790
2019-12-25 09:00:00.000000000,1577235600000000000,2153.0,2178.0,2153.0,2171.0,180829,310790,331497
2019-12-25 10:00:00.000000000,1577239200000000000,2171.0,2184.0,2169.0,2178.0,89454,331497,340731
2019-12-25 11:00:00.000000000,1577242800000000000,2178.0,2180.0,2160.0,2166.0,130955,340731,324788
2019-12-25 13:00:00.000000000,1577250000000000000,2167.0,2170.0,2164.0,2165.0,29084,324788,324125
2019-12-25 14:00:00.000000000,1577253600000000000,2165.0,2171.0,2163.0,2170.0,62979,324125,319434
2019-12-25 22:00:00.000000000,1577282400000000000,2190.0,2200.0,2158.0,2168.0,88836,319434,318712
2019-12-26 09:00:00.000000000,1577322000000000000,2170.0,2174.0,2155.0,2164.0,127462,318712,317740
2019-12-26 10:00:00.000000000,1577325600000000000,2164.0,2172.0,2158.0,2170.0,66444,317740,314898
2019-12-26 11:00:00.000000000,1577329200000000000,2170.0,2174.0,2162.0,2163.0,45164,314898,312222
2019-12-26 13:00:00.000000000,1577336400000000000,2163.0,2164.0,2152.0,2154.0,73798,312222,318635
2019-12-26 14:00:00.000000000,1577340000000000000,2154.0,2163.0,2154.0,2161.0,81269,318635,309980
2019-12-26 21:00:00.000000000,1577365200000000000,2156.0,2159.0,2137.0,2147.0,203511,309980,315633
2019-12-26 22:00:00.000000000,1577368800000000000,2147.0,2167.0,2146.0,2163.0,188505,315633,309031
2019-12-27 09:00:00.000000000,1577408400000000000,2164.0,2184.0,2164.0,2178.0,164548,309031,316473
2019-12-27 10:00:00.000000000,1577412000000000000,2178.0,2178.0,2160.0,2167.0,100374,316473,310089
2019-12-27 11:00:00.000000000,1577415600000000000,2167.0,2172.0,2164.0,2170.0,31364,310089,307606
2019-12-27 13:00:00.000000000,1577422800000000000,2170.0,2197.0,2167.0,2190.0,149912,307606,321862
2019-12-27 14:00:00.000000000,1577426400000000000,2190.0,2193.0,2169.0,2178.0,221231,321862,308521
2019-12-27 21:00:00.000000000,1577451600000000000,2177.0,2183.0,2168.0,2175.0,119511,308521,316210
2019-12-27 22:00:00.000000000,1577455200000000000,2175.0,2188.0,2175.0,2176.0,120657,316210,309907
2019-12-30 09:00:00.000000000,1577667600000000000,2179.0,2221.0,2176.0,2215.0,306567,309907,339269
2019-12-30 10:00:00.000000000,1577671200000000000,2215.0,2231.0,2211.0,2218.0,128031,339269,341943
2019-12-30 11:00:00.000000000,1577674800000000000,2218.0,2226.0,2213.0,2224.0,57057,341943,341384
2019-12-30 13:00:00.000000000,1577682000000000000,2224.0,2236.0,2223.0,2236.0,78341,341384,353512
2019-12-30 14:00:00.000000000,1577685600000000000,2236.0,2236.0,2223.0,2226.0,143226,353512,341473
2019-12-30 21:00:00.000000000,1577710800000000000,2235.0,2261.0,2232.0,2258.0,230210,341473,359185
2019-12-30 22:00:00.000000000,1577714400000000000,2258.0,2264.0,2236.0,2245.0,161474,359185,342043
2019-12-31 09:00:00.000000000,1577754000000000000,2234.0,2237.0,2181.0,2191.0,371610,342043,317221
2019-12-31 10:00:00.000000000,1577757600000000000,2191.0,2195.0,2175.0,2181.0,102381,317221,318714
2019-12-31 11:00:00.000000000,1577761200000000000,2181.0,2197.0,2179.0,2192.0,80244,318714,317420
2019-12-31 13:00:00.000000000,1577768400000000000,2192.0,2193.0,2176.0,2179.0,80304,317420,316198
2019-12-31 14:00:00.000000000,1577772000000000000,2179.0,2185.0,2160.0,2163.0,244146,316198,307850
2020-01-02 09:00:00.000000000,1577926800000000000,2168.0,2194.0,2160.0,2185.0,175220,307850,310555
2020-01-02 10:00:00.000000000,1577930400000000000,2185.0,2191.0,2174.0,2180.0,74575,310555,307352
2020-01-02 11:00:00.000000000,1577934000000000000,2180.0,2183.0,2171.0,2175.0,52100,307352,305652
2020-01-02 13:00:00.000000000,1577941200000000000,2174.0,2183.0,2169.0,2179.0,49324,305652,307447
2020-01-02 14:00:00.000000000,1577944800000000000,2179.0,2180.0,2169.0,2176.0,95553,307447,299971
2020-01-02 21:00:00.000000000,1577970000000000000,2181.0,2222.0,2176.0,2216.0,259150,299971,295495
2020-01-02 22:00:00.000000000,1577973600000000000,2216.0,2227.0,2211.0,2226.0,199660,295495,296763
2020-01-03 09:00:00.000000000,1578013200000000000,2223.0,2227.0,2199.0,2225.0,228873,296763,300735
2020-01-03 10:00:00.000000000,1578016800000000000,2225.0,2273.0,2222.0,2253.0,370511,300735,300355
2020-01-03 11:00:00.000000000,1578020400000000000,2253.0,2260.0,2238.0,2255.0,123745,300355,295844
2020-01-03 13:00:00.000000000,1578027600000000000,2257.0,2268.0,2252.0,2257.0,103361,295844,299861
2020-01-03 14:00:00.000000000,1578031200000000000,2257.0,2270.0,2256.0,2270.0,138281,299861,296747
2020-01-03 21:00:00.000000000,1578056400000000000,2293.0,2310.0,2278.0,2299.0,392929,296747,315646
2020-01-03 22:00:00.000000000,1578060000000000000,2299.0,2307.0,2294.0,2304.0,167254,315646,307307
2020-01-06 09:00:00.000000000,1578272400000000000,2312.0,2401.0,2312.0,2395.0,494815,307307,326311
2020-01-06 10:00:00.000000000,1578276000000000000,2395.0,2405.0,2380.0,2386.0,174519,326311,318670
2020-01-06 11:00:00.000000000,1578279600000000000,2386.0,2395.0,2385.0,2391.0,48318,318670,317470
2020-01-06 13:00:00.000000000,1578286800000000000,2392.0,2392.0,2381.0,2388.0,79209,317470,316644
2020-01-06 14:00:00.000000000,1578290400000000000,2388.0,2411.0,2388.0,2411.0,175066,316644,323043
2020-01-06 21:00:00.000000000,1578315600000000000,2390.0,2410.0,2377.0,2405.0,373780,323043,327506
2020-01-06 22:00:00.000000000,1578319200000000000,2405.0,2408.0,2381.0,2392.0,250412,327506,312637
2020-01-07 09:00:00.000000000,1578358800000000000,2374.0,2374.0,2352.0,2363.0,259490,312637,303150
2020-01-07 10:00:00.000000000,1578362400000000000,2363.0,2366.0,2337.0,2342.0,187367,303150,296783
2020-01-07 11:00:00.000000000,1578366000000000000,2342.0,2347.0,2322.0,2347.0,159597,296783,291237
2020-01-07 13:00:00.000000000,1578373200000000000,2348.0,2365.0,2348.0,2362.0,118024,291237,298562
2020-01-07 14:00:00.000000000,1578376800000000000,2362.0,2385.0,2362.0,2375.0,236535,298562,294850
2020-01-07 21:00:00.000000000,1578402000000000000,2363.0,2384.0,2354.0,2377.0,297872,294850,318844
2020-01-07 22:00:00.000000000,1578405600000000000,2377.0,2380.0,2359.0,2375.0,246610,318844,314392
2020-01-08 09:00:00.000000000,1578445200000000000,2480.0,2556.0,2480.0,2508.0,629476,314392,315803
2020-01-08 10:00:00.000000000,1578448800000000000,2508.0,2509.0,2454.0,2455.0,390801,315803,318616
2020-01-08 11:00:00.000000000,1578452400000000000,2455.0,2490.0,2442.0,2487.0,258954,318616,311304
2020-01-08 13:00:00.000000000,1578459600000000000,2486.0,2487.0,2474.0,2480.0,122674,311304,319417
2020-01-08 14:00:00.000000000,1578463200000000000,2480.0,2484.0,2461.0,2475.0,249313,319417,320267
2020-01-08 21:00:00.000000000,1578488400000000000,2413.0,2435.0,2401.0,2434.0,493392,320267,333952
2020-01-08 22:00:00.000000000,1578492000000000000,2434.0,2467.0,2430.0,2462.0,472724,333952,329736
2020-01-09 09:00:00.000000000,1578531600000000000,2396.0,2409.0,2352.0,2396.0,416618,329736,331089
2020-01-09 10:00:00.000000000,1578535200000000000,2396.0,2410.0,2394.0,2403.0,119801,331089,329304
2020-01-09 11:00:00.000000000,1578538800000000000,2403.0,2403.0,2389.0,2390.0,113908,329304,316242
2020-01-09 13:00:00.000000000,1578546000000000000,2389.0,2390.0,2359.0,2372.0,231839,316242,310722
2020-01-09 14:00:00.000000000,1578549600000000000,2372.0,2372.0,2321.0,2348.0,527213,310722,285823
2020-01-09 21:00:00.000000000,1578574800000000000,2359.0,2372.0,2350.0,2359.0,315046,285823,298535
2020-01-09 22:00:00.000000000,1578578400000000000,2359.0,2373.0,2351.0,2369.0,268982,298535,285107
2020-01-10 09:00:00.000000000,1578618000000000000,2378.0,2387.0,2366.0,2371.0,103100,285107,287218
2020-01-10 10:00:00.000000000,1578621600000000000,2371.0,2385.0,2371.0,2380.0,80628,287218,291962
2020-01-10 11:00:00.000000000,1578625200000000000,2380.0,2385.0,2377.0,2381.0,34282,291962,293016
2020-01-10 13:00:00.000000000,1578632400000000000,2380.0,2395.0,2374.0,2392.0,93495,293016,301132
2020-01-10 14:00:00.000000000,1578636000000000000,2392.0,2417.0,2386.0,2416.0,165276,301132,292531
2020-01-10 21:00:00.000000000,1578661200000000000,2422.0,2442.0,2407.0,2432.0,347539,292531,307640
2020-01-10 22:00:00.000000000,1578664800000000000,2432.0,2433.0,2409.0,2417.0,325781,307640,288846
2020-01-13 09:00:00.000000000,1578877200000000000,2408.0,2421.0,2366.0,2411.0,345784,288846,292512
2020-01-13 10:00:00.000000000,1578880800000000000,2411.0,2422.0,2406.0,2414.0,143652,292512,295774
2020-01-13 11:00:00.000000000,1578884400000000000,2414.0,2419.0,2403.0,2413.0,73338,295774,291529
2020-01-13 13:00:00.000000000,1578891600000000000,2412.0,2438.0,2412.0,2432.0,127916,291529,299798
2020-01-13 14:00:00.000000000,1578895200000000000,2432.0,2436.0,2409.0,2415.0,210120,299798,282821
2020-01-13 21:00:00.000000000,1578920400000000000,2410.0,2421.0,2391.0,2412.0,293781,282821,297676
2020-01-13 22:00:00.000000000,1578924000000000000,2412.0,2415.0,2388.0,2395.0,299925,297676,293421
2020-01-14 09:00:00.000000000,1578963600000000000,2383.0,2389.0,2345.0,2375.0,315563,293421,290615
2020-01-14 10:00:00.000000000,1578967200000000000,2375.0,2389.0,2374.0,2379.0,118768,290615,300800
2020-01-14 11:00:00.000000000,1578970800000000000,2379.0,2388.0,2376.0,2383.0,56192,300800,300244
2020-01-14 13:00:00.000000000,1578978000000000000,2382.0,2382.0,2359.0,2369.0,116349,300244,296879
2020-01-14 14:00:00.000000000,1578981600000000000,2369.0,2387.0,2367.0,2387.0,191766,296879,290917
2020-01-14 21:00:00.000000000,1579006800000000000,2393.0,2406.0,2377.0,2382.0,353566,290917,315912
2020-01-14 22:00:00.000000000,1579010400000000000,2382.0,2383.0,2333.0,2346.0,460222,315912,296503
2020-01-15 09:00:00.000000000,1579050000000000000,2347.0,2347.0,2279.0,2290.0,571917,296503,312521
2020-01-15 10:00:00.000000000,1579053600000000000,2290.0,2308.0,2284.0,2298.0,156560,312521,308250
2020-01-15 11:00:00.000000000,1579057200000000000,2298.0,2311.0,2297.0,2308.0,94753,308250,304626
2020-01-15 13:00:00.000000000,1579064400000000000,2307.0,2311.0,2281.0,2290.0,137269,304626,303321
2020-01-15 14:00:00.000000000,1579068000000000000,2290.0,2304.0,2288.0,2295.0,182349,303321,286377
2020-01-15 21:00:00.000000000,1579093200000000000,2295.0,2306.0,2285.0,2287.0,266392,286377,301249
2020-01-15 22:00:00.000000000,1579096800000000000,2287.0,2307.0,2275.0,2302.0,258825,301249,291149
2020-01-16 09:00:00.000000000,1579136400000000000,2302.0,2313.0,2287.0,2301.0,175187,291149,295082
2020-01-16 10:00:00.000000000,1579140000000000000,2301.0,2301.0,2290.0,2295.0,85642,295082,288240
2020-01-16 11:00:00.000000000,1579143600000000000,2295.0,2298.0,2290.0,2292.0,46467,288240,286808
2020-01-16 13:00:00.000000000,1579150800000000000,2292.0,2300.0,2285.0,2299.0,71302,286808,288323
2020-01-16 14:00:00.000000000,1579154400000000000,2299.0,2300.0,2285.0,2290.0,103802,288323,280794
2020-01-16 21:00:00.000000000,1579179600000000000,2271.0,2280.0,2249.0,2274.0,400813,280794,300493
2020-01-16 22:00:00.000000000,1579183200000000000,2274.0,2309.0,2271.0,2306.0,416987,300493,292368
2020-01-17 09:00:00.000000000,1579222800000000000,2310.0,2323.0,2302.0,2307.0,236050,292368,287250
2020-01-17 10:00:00.000000000,1579226400000000000,2307.0,2315.0,2307.0,2314.0,75981,287250,287267
2020-01-17 11:00:00.000000000,1579230000000000000,2314.0,2317.0,2310.0,2313.0,37722,287267,284646
2020-01-17 13:00:00.000000000,1579237200000000000,2312.0,2312.0,2297.0,2300.0,89585,284646,283785
2020-01-17 14:00:00.000000000,1579240800000000000,2300.0,2309.0,2292.0,2306.0,216267,283785,264840
2020-01-17 21:00:00.000000000,1579266000000000000,2311.0,2333.0,2311.0,2318.0,284589,264840,279978
2020-01-17 22:00:00.000000000,1579269600000000000,2318.0,2325.0,2296.0,2303.0,254374,279978,260833
2020-01-20 09:00:00.000000000,1579482000000000000,2328.0,2341.0,2318.0,2335.0,211462,260833,260110
2020-01-20 10:00:00.000000000,1579485600000000000,2335.0,2344.0,2328.0,2331.0,80612,260110,259028
2020-01-20 11:00:00.000000000,1579489200000000000,2331.0,2335.0,2328.0,2332.0,35043,259028,257367
2020-01-20 13:00:00.000000000,1579496400000000000,2333.0,2336.0,2319.0,2324.0,73335,257367,256291
2020-01-20 14:00:00.000000000,1579500000000000000,2324.0,2346.0,2321.0,2345.0,114046,256291,253021
2020-01-20 21:00:00.000000000,1579525200000000000,2336.0,2341.0,2329.0,2333.0,124064,253021,260678
2020-01-20 22:00:00.000000000,1579528800000000000,2333.0,2340.0,2329.0,2336.0,119931,260678,252668
2020-01-21 09:00:00.000000000,1579568400000000000,2330.0,2335.0,2300.0,2312.0,241206,252668,250325
2020-01-21 10:00:00.000000000,1579572000000000000,2312.0,2315.0,2298.0,2308.0,98311,250325,249335
2020-01-21 11:00:00.000000000,1579575600000000000,2308.0,2315.0,2308.0,2313.0,33860,249335,248852
2020-01-21 13:00:00.000000000,1579582800000000000,2312.0,2313.0,2284.0,2291.0,130897,248852,246157
2020-01-21 14:00:00.000000000,1579586400000000000,2291.0,2300.0,2284.0,2294.0,134772,246157,234762
2020-01-21 21:00:00.000000000,1579611600000000000,2280.0,2332.0,2270.0,2328.0,333619,234762,258472
2020-01-21 22:00:00.000000000,1579615200000000000,2328.0,2353.0,2324.0,2346.0,301615,258472,250527
2020-01-22 09:00:00.000000000,1579654800000000000,2340.0,2341.0,2299.0,2299.0,239381,250527,240531
2020-01-22 10:00:00.000000000,1579658400000000000,2299.0,2326.0,2291.0,2315.0,155905,240531,229488
2020-01-22 11:00:00.000000000,1579662000000000000,2315.0,2320.0,2304.0,2315.0,58942,229488,228239
2020-01-22 13:00:00.000000000,1579669200000000000,2314.0,2323.0,2304.0,2312.0,59819,228239,230754
2020-01-22 14:00:00.000000000,1579672800000000000,2312.0,2334.0,2306.0,2328.0,116789,230754,222392
2020-01-22 21:00:00.000000000,1579698000000000000,2324.0,2341.0,2314.0,2338.0,187878,222392,223524
2020-01-22 22:00:00.000000000,1579701600000000000,2338.0,2339.0,2310.0,2319.0,179893,223524,210955
2020-01-23 09:00:00.000000000,1579741200000000000,2290.0,2291.0,2241.0,2264.0,310843,210955,202498
2020-01-23 10:00:00.000000000,1579744800000000000,2264.0,2312.0,2261.0,2285.0,166900,202498,203334
2020-01-23 11:00:00.000000000,1579748400000000000,2285.0,2289.0,2267.0,2271.0,88974,203334,193316
2020-01-23 13:00:00.000000000,1579755600000000000,2260.0,2268.0,2252.0,2265.0,80784,193316,187773
2020-01-23 14:00:00.000000000,1579759200000000000,2265.0,2288.0,2256.0,2286.0,152078,187773,165439
2020-02-03 09:00:00.000000000,1580691600000000000,2073.0,2093.0,2059.0,2081.0,214363,165439,172148
2020-02-03 10:00:00.000000000,1580695200000000000,2081.0,2081.0,2059.0,2062.0,79317,172148,171030
2020-02-03 11:00:00.000000000,1580698800000000000,2062.0,2064.0,2059.0,2059.0,9830,171030,170250
2020-02-03 13:00:00.000000000,1580706000000000000,2063.0,2067.0,2059.0,2059.0,25341,170250,171105
2020-02-03 14:00:00.000000000,1580709600000000000,2059.0,2059.0,2059.0,2059.0,1681,171105,169921
2020-02-04 09:00:00.000000000,1580778000000000000,1968.0,2028.0,1935.0,2021.0,289234,169921,173792
2020-02-04 10:00:00.000000000,1580781600000000000,2021.0,2040.0,2007.0,2015.0,116229,173792,175687
2020-02-04 11:00:00.000000000,1580785200000000000,2015.0,2026.0,2007.0,2019.0,57977,175687,174211
2020-02-04 13:00:00.000000000,1580792400000000000,2020.0,2037.0,2020.0,2028.0,67906,174211,178052
2020-02-04 14:00:00.000000000,1580796000000000000,2028.0,2043.0,2027.0,2032.0,109302,178052,167491
2020-02-05 09:00:00.000000000,1580864400000000000,2025.0,2077.0,2015.0,2072.0,308076,167491,191464
2020-02-05 10:00:00.000000000,1580868000000000000,2072.0,2082.0,2064.0,2067.0,120819,191464,191754
2020-02-05 11:00:00.000000000,1580871600000000000,2067.0,2074.0,2060.0,2071.0,66232,191754,187901
2020-02-05 13:00:00.000000000,1580878800000000000,2069.0,2069.0,2053.0,2057.0,94365,187901,191314
2020-02-05 14:00:00.000000000,1580882400000000000,2057.0,2065.0,2055.0,2063.0,116726,191314,183801
2020-02-06 09:00:00.000000000,1580950800000000000,2092.0,2118.0,2083.0,2096.0,301194,183801,194468
2020-02-06 10:00:00.000000000,1580954400000000000,2096.0,2117.0,2092.0,2107.0,148616,194468,198548
2020-02-06 11:00:00.000000000,1580958000000000000,2107.0,2113.0,2106.0,2110.0,69864,198548,196161
2020-02-06 13:00:00.000000000,1580965200000000000,2117.0,2132.0,2113.0,2127.0,118400,196161,200951
2020-02-06 14:00:00.000000000,1580968800000000000,2127.0,2144.0,2122.0,2140.0,202752,200951,198001
2020-02-07 09:00:00.000000000,1581037200000000000,2126.0,2137.0,2107.0,2111.0,235382,198001,203470
2020-02-07 10:00:00.000000000,1581040800000000000,2111.0,2122.0,2104.0,2111.0,111142,203470,203202
2020-02-07 11:00:00.000000000,1581044400000000000,2111.0,2120.0,2110.0,2118.0,44813,203202,203688
2020-02-07 13:00:00.000000000,1581051600000000000,2110.0,2131.0,2109.0,2125.0,110283,203688,206196
2020-02-07 14:00:00.000000000,1581055200000000000,2125.0,2142.0,2125.0,2137.0,152121,206196,193339
2020-02-10 09:00:00.000000000,1581296400000000000,2105.0,2119.0,2093.0,2115.0,246362,193339,207981
2020-02-10 10:00:00.000000000,1581300000000000000,2115.0,2133.0,2113.0,2124.0,139645,207981,214395
2020-02-10 11:00:00.000000000,1581303600000000000,2124.0,2124.0,2105.0,2107.0,118027,214395,222896
2020-02-10 13:00:00.000000000,1581310800000000000,2108.0,2116.0,2106.0,2114.0,70020,222896,224004
2020-02-10 14:00:00.000000000,1581314400000000000,2114.0,2118.0,2109.0,2110.0,135703,224004,211616
2020-02-11 09:00:00.000000000,1581382800000000000,2106.0,2128.0,2096.0,2124.0,295676,211616,223585
2020-02-11 10:00:00.000000000,1581386400000000000,2124.0,2132.0,2119.0,2122.0,145687,223585,226309
2020-02-11 11:00:00.000000000,1581390000000000000,2122.0,2127.0,2120.0,2122.0,62973,226309,224775
2020-02-11 13:00:00.000000000,1581397200000000000,2124.0,2127.0,2122.0,2124.0,51870,224775,226179
2020-02-11 14:00:00.000000000,1581400800000000000,2124.0,2134.0,2120.0,2123.0,177475,226179,211880
2020-02-12 09:00:00.000000000,1581469200000000000,2132.0,2182.0,2126.0,2175.0,458062,211880,230251
2020-02-12 10:00:00.000000000,1581472800000000000,2175.0,2177.0,2165.0,2166.0,118986,230251,231898
2020-02-12 11:00:00.000000000,1581476400000000000,2166.0,2173.0,2158.0,2170.0,120658,231898,226153
2020-02-12 13:00:00.000000000,1581483600000000000,2170.0,2174.0,2162.0,2164.0,80437,226153,225244
2020-02-12 14:00:00.000000000,1581487200000000000,2164.0,2175.0,2135.0,2171.0,313365,225244,215227
2020-02-13 09:00:00.000000000,1581555600000000000,2197.0,2221.0,2177.0,2207.0,405852,215227,236049
2020-02-13 10:00:00.000000000,1581559200000000000,2207.0,2211.0,2198.0,2199.0,162088,236049,233486
2020-02-13 11:00:00.000000000,1581562800000000000,2199.0,2204.0,2191.0,2196.0,122012,233486,230393
2020-02-13 13:00:00.000000000,1581570000000000000,2193.0,2198.0,2185.0,2195.0,110133,230393,232077
2020-02-13 14:00:00.000000000,1581573600000000000,2195.0,2206.0,2192.0,2195.0,198050,232077,222849
2020-02-14 09:00:00.000000000,1581642000000000000,2217.0,2225.0,2182.0,2201.0,307405,222849,230959
2020-02-14 10:00:00.000000000,1581645600000000000,2201.0,2206.0,2186.0,2203.0,136071,230959,230303
2020-02-14 11:00:00.000000000,1581649200000000000,2203.0,2205.0,2195.0,2197.0,64414,230303,229757
2020-02-14 13:00:00.000000000,1581656400000000000,2199.0,2205.0,2193.0,2204.0,78673,229757,232204
2020-02-14 14:00:00.000000000,1581660000000000000,2204.0,2209.0,2197.0,2203.0,149263,232204,217713
2020-02-17 09:00:00.000000000,1581901200000000000,2224.0,2238.0,2204.0,2230.0,336727,217713,218493
2020-02-17 10:00:00.000000000,1581904800000000000,2230.0,2233.0,2224.0,2228.0,110860,218493,222156
2020-02-17 11:00:00.000000000,1581908400000000000,2228.0,2232.0,2226.0,2230.0,42116,222156,220682
2020-02-17 13:00:00.000000000,1581915600000000000,2231.0,2239.0,2226.0,2236.0,85699,220682,225866
2020-02-17 14:00:00.000000000,1581919200000000000,2236.0,2251.0,2231.0,2249.0,193356,225866,225873
2020-02-18 09:00:00.000000000,1581987600000000000,2239.0,2248.0,2214.0,2225.0,319591,225873,221343
2020-02-18 10:00:00.000000000,1581991200000000000,2225.0,2231.0,2216.0,2217.0,100426,221343,217262
2020-02-18 11:00:00.000000000,1581994800000000000,2217.0,2222.0,2209.0,2214.0,84561,217262,217997
2020-02-18 13:00:00.000000000,1582002000000000000,2214.0,2220.0,2207.0,2219.0,76300,217997,220738
2020-02-18 14:00:00.000000000,1582005600000000000,2219.0,2222.0,2212.0,2214.0,107263,220738,212013
2020-02-19 09:00:00.000000000,1582074000000000000,2228.0,2248.0,2221.0,2244.0,303117,212013,232541
2020-02-19 10:00:00.000000000,1582077600000000000,2244.0,2261.0,2239.0,2256.0,197728,232541,235983
2020-02-19 11:00:00.000000000,1582081200000000000,2256.0,2275.0,2252.0,2274.0,172700,235983,244804
2020-02-19 13:00:00.000000000,1582088400000000000,2274.0,2274.0,2264.0,2270.0,86117,244804,246152
2020-02-19 14:00:00.000000000,1582092000000000000,2270.0,2270.0,2261.0,2269.0,171511,246152,233002
2020-02-20 09:00:00.000000000,1582160400000000000,2310.0,2343.0,2300.0,2336.0,360282,233002,252550
2020-02-20 10:00:00.000000000,1582164000000000000,2336.0,2338.0,2313.0,2317.0,227640,252550,243496
2020-02-20 11:00:00.000000000,1582167600000000000,2317.0,2326.0,2309.0,2323.0,118488,243496,243702
2020-02-20 13:00:00.000000000,1582174800000000000,2325.0,2331.0,2322.0,2327.0,97091,243702,246808
2020-02-20 14:00:00.000000000,1582178400000000000,2327.0,2334.0,2322.0,2326.0,172494,246808,232814
2020-02-21 09:00:00.000000000,1582246800000000000,2317.0,2322.0,2289.0,2299.0,358178,232814,235439
2020-02-21 10:00:00.000000000,1582250400000000000,2299.0,2307.0,2292.0,2307.0,108123,235439,236551
2020-02-21 11:00:00.000000000,1582254000000000000,2307.0,2311.0,2303.0,2310.0,65867,236551,236226
2020-02-21 13:00:00.000000000,1582261200000000000,2307.0,2307.0,2294.0,2301.0,100783,236226,237652
2020-02-21 14:00:00.000000000,1582264800000000000,2301.0,2305.0,2288.0,2291.0,159083,237652,230632
2020-02-24 09:00:00.000000000,1582506000000000000,2237.0,2250.0,2186.0,2206.0,505593,230632,236429
2020-02-24 10:00:00.000000000,1582509600000000000,2206.0,2215.0,2200.0,2209.0,137282,236429,230429
2020-02-24 11:00:00.000000000,1582513200000000000,2209.0,2209.0,2201.0,2206.0,53906,230429,229358
2020-02-24 13:00:00.000000000,1582520400000000000,2210.0,2219.0,2209.0,2219.0,96873,229358,233015
2020-02-24 14:00:00.000000000,1582524000000000000,2219.0,2220.0,2169.0,2179.0,318677,233015,226242
2020-02-25 09:00:00.000000000,1582592400000000000,2154.0,2187.0,2145.0,2179.0,387993,226242,243557
2020-02-25 10:00:00.000000000,1582596000000000000,2179.0,2195.0,2178.0,2183.0,145837,243557,244826
2020-02-25 11:00:00.000000000,1582599600000000000,2183.0,2183.0,2170.0,2177.0,92684,244826,241761
2020-02-25 13:00:00.000000000,1582606800000000000,2178.0,2190.0,2171.0,2189.0,115866,241761,245715
2020-02-25 14:00:00.000000000,1582610400000000000,2189.0,2224.0,2181.0,2216.0,335986,245715,226430
2020-02-26 09:00:00.000000000,1582678800000000000,2145.0,2169.0,2130.0,2161.0,448450,226430,236087
2020-02-26 10:00:00.000000000,1582682400000000000,2161.0,2173.0,2156.0,2159.0,166399,236087,240628
2020-02-26 11:00:00.000000000,1582686000000000000,2159.0,2166.0,2157.0,2162.0,84386,240628,239567
2020-02-26 13:00:00.000000000,1582693200000000000,2162.0,2162.0,2126.0,2127.0,212709,239567,244064
2020-02-26 14:00:00.000000000,1582696800000000000,2127.0,2141.0,2088.0,2090.0,517514,244064,236029
2020-02-27 09:00:00.000000000,1582765200000000000,2048.0,2062.0,2027.0,2040.0,537710,236029,260740
2020-02-27 10:00:00.000000000,1582768800000000000,2040.0,2058.0,2037.0,2043.0,254933,260740,262685
2020-02-27 11:00:00.000000000,1582772400000000000,2043.0,2050.0,2031.0,2041.0,219485,262685,262481
2020-02-27 13:00:00.000000000,1582779600000000000,2037.0,2042.0,2018.0,2028.0,204073,262481,275371
2020-02-27 14:00:00.000000000,1582783200000000000,2028.0,2031.0,2007.0,2021.0,475768,275371,268115
2020-02-28 09:00:00.000000000,1582851600000000000,1973.0,2009.0,1960.0,2003.0,581950,268115,283547
2020-02-28 10:00:00.000000000,1582855200000000000,2003.0,2006.0,1987.0,1990.0,248963,283547,282364
2020-02-28 11:00:00.000000000,1582858800000000000,1990.0,1994.0,1946.0,1959.0,251951,282364,280037
2020-02-28 13:00:00.000000000,1582866000000000000,1954.0,1956.0,1933.0,1943.0,314869,280037,288584
2020-02-28 14:00:00.000000000,1582869600000000000,1943.0,1954.0,1926.0,1953.0,467036,288584,260352
2020-03-02 09:00:00.000000000,1583110800000000000,1968.0,2041.0,1945.0,2016.0,771517,260352,254208
2020-03-02 10:00:00.000000000,1583114400000000000,2016.0,2051.0,2014.0,2046.0,361440,254208,251514
2020-03-02 11:00:00.000000000,1583118000000000000,2046.0,2051.0,2031.0,2046.0,183515,251514,248336
2020-03-02 13:00:00.000000000,1583125200000000000,2043.0,2054.0,2036.0,2053.0,130168,248336,251678
2020-03-02 14:00:00.000000000,1583128800000000000,2053.0,2062.0,2040.0,2053.0,331556,251678,237870
2020-03-03 09:00:00.000000000,1583197200000000000,2140.0,2143.0,2093.0,2101.0,504392,237870,247140
2020-03-03 10:00:00.000000000,1583200800000000000,2101.0,2103.0,2085.0,2091.0,176004,247140,249731
2020-03-03 11:00:00.000000000,1583204400000000000,2091.0,2091.0,2066.0,2077.0,146702,249731,246771
2020-03-03 13:00:00.000000000,1583211600000000000,2072.0,2072.0,2052.0,2056.0,184278,246771,258654
2020-03-03 14:00:00.000000000,1583215200000000000,2056.0,2074.0,2037.0,2063.0,427516,258654,239048
2020-03-04 09:00:00.000000000,1583283600000000000,2061.0,2089.0,2051.0,2075.0,560028,239048,261782
2020-03-04 10:00:00.000000000,1583287200000000000,2075.0,2077.0,2065.0,2067.0,188031,261782,261349
2020-03-04 11:00:00.000000000,1583290800000000000,2067.0,2081.0,2066.0,2078.0,130327,261349,256705
2020-03-04 13:00:00.000000000,1583298000000000000,2074.0,2076.0,2062.0,2074.0,119447,256705,254872
2020-03-04 14:00:00.000000000,1583301600000000000,2074.0,2080.0,2067.0,2080.0,209353,254872,245705
2020-03-05 09:00:00.000000000,1583370000000000000,2092.0,2095.0,2062.0,2073.0,376382,245705,262267
2020-03-05 10:00:00.000000000,1583373600000000000,2073.0,2074.0,2056.0,2062.0,162474,262267,266565
2020-03-05 11:00:00.000000000,1583377200000000000,2062.0,2068.0,2061.0,2066.0,91020,266565,261649
2020-03-05 13:00:00.000000000,1583384400000000000,2066.0,2080.0,2066.0,2073.0,137912,261649,257855
2020-03-05 14:00:00.000000000,1583388000000000000,2073.0,2089.0,2072.0,2083.0,237882,257855,247944
2020-03-06 09:00:00.000000000,1583456400000000000,2050.0,2056.0,2011.0,2020.0,538112,247944,272806
2020-03-06 10:00:00.000000000,1583460000000000000,2020.0,2024.0,2002.0,2004.0,295810,272806,284296
2020-03-06 11:00:00.000000000,1583463600000000000,2004.0,2009.0,1996.0,2006.0,188160,284296,286600
2020-03-06 13:00:00.000000000,1583470800000000000,2001.0,2001.0,1987.0,1997.0,204787,286600,292581
2020-03-06 14:00:00.000000000,1583474400000000000,1997.0,2025.0,1997.0,2013.0,435837,292581,264965
2020-03-09 09:00:00.000000000,1583715600000000000,1851.0,1851.0,1851.0,1851.0,14155,264965,258329
2020-03-09 10:00:00.000000000,1583719200000000000,1851.0,1851.0,1851.0,1851.0,540,258329,258197
2020-03-09 11:00:00.000000000,1583722800000000000,1851.0,1851.0,1851.0,1851.0,926,258197,258138
2020-03-09 13:00:00.000000000,1583730000000000000,1851.0,1851.0,1851.0,1851.0,707,258138,257697
2020-03-09 14:00:00.000000000,1583733600000000000,1851.0,1851.0,1851.0,1851.0,709,257697,257505
2020-03-10 09:00:00.000000000,1583802000000000000,1647.0,1647.0,1647.0,1647.0,48805,257505,244003
2020-03-10 10:00:00.000000000,1583805600000000000,1647.0,1647.0,1647.0,1647.0,2025,244003,243643
2020-03-10 11:00:00.000000000,1583809200000000000,1647.0,1697.0,1647.0,1654.0,93857,243643,244451
2020-03-10 13:00:00.000000000,1583816400000000000,1670.0,1755.0,1670.0,1709.0,595218,244451,287751
2020-03-10 14:00:00.000000000,1583820000000000000,1709.0,1711.0,1647.0,1678.0,775558,287751,291057
2020-03-11 09:00:00.000000000,1583888400000000000,1737.0,1746.0,1708.0,1723.0,1071865,291057,335949
2020-03-11 10:00:00.000000000,1583892000000000000,1723.0,1723.0,1690.0,1695.0,499946,335949,351991
2020-03-11 11:00:00.000000000,1583895600000000000,1695.0,1714.0,1694.0,1702.0,272987,351991,348855
2020-03-11 13:00:00.000000000,1583902800000000000,1687.0,1687.0,1634.0,1671.0,679398,348855,370895
2020-03-11 14:00:00.000000000,1583906400000000000,1671.0,1676.0,1639.0,1652.0,731742,370895,348691
2020-03-12 09:00:00.000000000,1583974800000000000,1641.0,1664.0,1557.0,1557.0,1463563,348691,368259
2020-03-12 10:00:00.000000000,1583978400000000000,1557.0,1591.0,1557.0,1574.0,499849,368259,374497
2020-03-12 11:00:00.000000000,1583982000000000000,1574.0,1586.0,1568.0,1577.0,214864,374497,373972
2020-03-12 13:00:00.000000000,1583989200000000000,1582.0,1598.0,1574.0,1598.0,320787,373972,382382
2020-03-12 14:00:00.000000000,1583992800000000000,1598.0,1600.0,1566.0,1567.0,635538,382382,370930
2020-03-13 09:00:00.000000000,1584061200000000000,1544.0,1552.0,1485.0,1497.0,1150387,370930,402928
2020-03-13 10:00:00.000000000,1584064800000000000,1497.0,1532.0,1493.0,1527.0,414388,402928,395463
2020-03-13 11:00:00.000000000,1584068400000000000,1527.0,1529.0,1511.0,1513.0,166415,395463,385353
2020-03-13 13:00:00.000000000,1584075600000000000,1577.0,1601.0,1552.0,1561.0,601005,385353,386146
2020-03-13 14:00:00.000000000,1584079200000000000,1561.0,1600.0,1551.0,1584.0,694314,386146,352610
2020-03-16 09:00:00.000000000,1584320400000000000,1509.0,1561.0,1495.0,1558.0,1032029,352610,378359
2020-03-16 10:00:00.000000000,1584324000000000000,1558.0,1570.0,1544.0,1559.0,561195,378359,380171
2020-03-16 11:00:00.000000000,1584327600000000000,1559.0,1565.0,1549.0,1560.0,230602,380171,375150
2020-03-16 13:00:00.000000000,1584334800000000000,1554.0,1554.0,1527.0,1529.0,388031,375150,379837
2020-03-16 14:00:00.000000000,1584338400000000000,1529.0,1536.0,1507.0,1511.0,809633,379837,363118
2020-03-17 09:00:00.000000000,1584406800000000000,1525.0,1553.0,1511.0,1521.0,1074145,363118,381870
2020-03-17 10:00:00.000000000,1584410400000000000,1521.0,1529.0,1505.0,1519.0,522608,381870,378926
2020-03-17 11:00:00.000000000,1584414000000000000,1519.0,1541.0,1519.0,1538.0,268501,378926,377073
2020-03-17 13:00:00.000000000,1584421200000000000,1532.0,1533.0,1519.0,1532.0,239042,377073,378252
2020-03-17 14:00:00.000000000,1584424800000000000,1532.0,1534.0,1520.0,1530.0,358200,378252,351298
2020-03-18 09:00:00.000000000,1584493200000000000,1495.0,1521.0,1478.0,1510.0,747264,351298,376912
2020-03-18 10:00:00.000000000,1584496800000000000,1510.0,1520.0,1509.0,1519.0,171287,376912,377291
2020-03-18 11:00:00.000000000,1584500400000000000,1519.0,1525.0,1514.0,1521.0,154387,377291,372524
2020-03-18 13:00:00.000000000,1584507600000000000,1508.0,1508.0,1467.0,1476.0,409170,372524,383995
2020-03-18 14:00:00.000000000,1584511200000000000,1476.0,1489.0,1446.0,1451.0,621005,383995,358997
2020-03-19 09:00:00.000000000,1584579600000000000,1435.0,1442.0,1369.0,1372.0,1264554,358997,383140
2020-03-19 10:00:00.000000000,1584583200000000000,1372.0,1372.0,1343.0,1343.0,432168,383140,348863
2020-03-19 11:00:00.000000000,1584586800000000000,1343.0,1353.0,1343.0,1346.0,69188,348863,345857
2020-03-19 13:00:00.000000000,1584594000000000000,1375.0,1378.0,1351.0,1370.0,398810,345857,350622
2020-03-19 14:00:00.000000000,1584597600000000000,1370.0,1395.0,1360.0,1373.0,833650,350622,330501
2020-03-20 09:00:00.000000000,1584666000000000000,1451.0,1462.0,1424.0,1437.0,1001785,330501,337145
2020-03-20 10:00:00.000000000,1584669600000000000,1437.0,1465.0,1433.0,1461.0,552743,337145,338905
2020-03-20 11:00:00.000000000,1584673200000000000,1461.0,1465.0,1447.0,1449.0,453454,338905,332920
2020-03-20 13:00:00.000000000,1584680400000000000,1436.0,1436.0,1415.0,1425.0,464169,332920,330337
2020-03-20 14:00:00.000000000,1584684000000000000,1425.0,1486.0,1424.0,1469.0,996242,330337,304133
2020-03-23 09:00:00.000000000,1584925200000000000,1368.0,1410.0,1352.0,1391.0,1027610,304133,328536
2020-03-23 10:00:00.000000000,1584928800000000000,1391.0,1405.0,1381.0,1403.0,457847,328536,330902
2020-03-23 11:00:00.000000000,1584932400000000000,1403.0,1416.0,1396.0,1412.0,291432,330902,325865
2020-03-23 13:00:00.000000000,1584939600000000000,1398.0,1422.0,1394.0,1417.0,294523,325865,335644
2020-03-23 14:00:00.000000000,1584943200000000000,1417.0,1436.0,1415.0,1432.0,614023,335644,305530
2020-03-24 09:00:00.000000000,1585011600000000000,1475.0,1493.0,1464.0,1490.0,871639,305530,320670
2020-03-24 10:00:00.000000000,1585015200000000000,1490.0,1490.0,1470.0,1475.0,403366,320670,314590
2020-03-24 11:00:00.000000000,1585018800000000000,1475.0,1476.0,1453.0,1461.0,372819,314590,306994
2020-03-24 13:00:00.000000000,1585026000000000000,1461.0,1469.0,1447.0,1467.0,390403,306994,313635
2020-03-24 14:00:00.000000000,1585029600000000000,1467.0,1491.0,1465.0,1483.0,741717,313635,291586
2020-03-25 09:00:00.000000000,1585098000000000000,1495.0,1525.0,1488.0,1506.0,784028,291586,313998
2020-03-25 10:00:00.000000000,1585101600000000000,1506.0,1515.0,1493.0,1502.0,361461,313998,318674
2020-03-25 11:00:00.000000000,1585105200000000000,1502.0,1508.0,1490.0,1491.0,156756,318674,315113
2020-03-25 13:00:00.000000000,1585112400000000000,1495.0,1512.0,1491.0,1512.0,206551,315113,319583
2020-03-25 14:00:00.000000000,1585116000000000000,1512.0,1512.0,1497.0,1498.0,330344,319583,299179
2020-03-26 09:00:00.000000000,1585184400000000000,1496.0,1506.0,1469.0,1477.0,714117,299179,314917
2020-03-26 10:00:00.000000000,1585188000000000000,1477.0,1487.0,1475.0,1485.0,340451,314917,311076
2020-03-26 11:00:00.000000000,1585191600000000000,1485.0,1486.0,1475.0,1479.0,172298,311076,306450
2020-03-26 13:00:00.000000000,1585198800000000000,1479.0,1482.0,1465.0,1476.0,254861,306450,311623
2020-03-26 14:00:00.000000000,1585202400000000000,1476.0,1478.0,1435.0,1438.0,613839,311623,295692
2020-03-27 09:00:00.000000000,1585270800000000000,1454.0,1471.0,1443.0,1449.0,630302,295692,307968
2020-03-27 10:00:00.000000000,1585274400000000000,1449.0,1452.0,1429.0,1441.0,459436,307968,307712
2020-03-27 11:00:00.000000000,1585278000000000000,1441.0,1465.0,1441.0,1464.0,283253,307712,301599
2020-03-27 13:00:00.000000000,1585285200000000000,1459.0,1459.0,1444.0,1454.0,306335,301599,301824
2020-03-27 14:00:00.000000000,1585288800000000000,1454.0,1461.0,1443.0,1455.0,547385,301824,279185
2020-03-30 09:00:00.000000000,1585530000000000000,1417.0,1419.0,1374.0,1376.0,784911,279185,301393
2020-03-30 10:00:00.000000000,1585533600000000000,1376.0,1388.0,1375.0,1382.0,345437,301393,296078
2020-03-30 11:00:00.000000000,1585537200000000000,1382.0,1383.0,1368.0,1378.0,212769,296078,295808
2020-03-30 13:00:00.000000000,1585544400000000000,1385.0,1400.0,1384.0,1398.0,305940,295808,291477
2020-03-30 14:00:00.000000000,1585548000000000000,1398.0,1400.0,1381.0,1392.0,422805,291477,271498
2020-03-31 09:00:00.000000000,1585616400000000000,1412.0,1457.0,1409.0,1455.0,783788,271498,286416
2020-03-31 10:00:00.000000000,1585620000000000000,1455.0,1500.0,1454.0,1474.0,739168,286416,281387
2020-03-31 11:00:00.000000000,1585623600000000000,1474.0,1478.0,1461.0,1470.0,389758,281387,268410
2020-03-31 13:00:00.000000000,1585630800000000000,1470.0,1474.0,1458.0,1473.0,280672,268410,272816
2020-03-31 14:00:00.000000000,1585634400000000000,1473.0,1478.0,1456.0,1467.0,471424,272816,250672
2020-04-01 09:00:00.000000000,1585702800000000000,1457.0,1469.0,1445.0,1457.0,526959,250672,261205
2020-04-01 10:00:00.000000000,1585706400000000000,1457.0,1465.0,1446.0,1463.0,253730,261205,260472
2020-04-01 11:00:00.000000000,1585710000000000000,1463.0,1464.0,1453.0,1458.0,120798,260472,255310
2020-04-01 13:00:00.000000000,1585717200000000000,1459.0,1459.0,1437.0,1441.0,241283,255310,262146
2020-04-01 14:00:00.000000000,1585720800000000000,1441.0,1448.0,1435.0,1443.0,335746,262146,246254
2020-04-02 09:00:00.000000000,1585789200000000000,1463.0,1486.0,1458.0,1482.0,532110,246254,251633
2020-04-02 10:00:00.000000000,1585792800000000000,1482.0,1493.0,1474.0,1479.0,293277,251633,250258
2020-04-02 11:00:00.000000000,1585796400000000000,1479.0,1495.0,1479.0,1484.0,238135,250258,246430
2020-04-02 13:00:00.000000000,1585803600000000000,1495.0,1522.0,1494.0,1519.0,378364,246430,251323
2020-04-02 14:00:00.000000000,1585807200000000000,1519.0,1577.0,1516.0,1537.0,870502,251323,231551
2020-04-03 09:00:00.000000000,1585875600000000000,1562.0,1578.0,1514.0,1535.0,641260,231551,238491
2020-04-03 10:00:00.000000000,1585879200000000000,1535.0,1546.0,1529.0,1539.0,278672,238491,239393
2020-04-03 11:00:00.000000000,1585882800000000000,1539.0,1540.0,1526.0,1530.0,159801,239393,236229
2020-04-03 13:00:00.000000000,1585890000000000000,1515.0,1520.0,1497.0,1518.0,291580,236229,234809
2020-04-03 14:00:00.000000000,1585893600000000000,1518.0,1548.0,1503.0,1526.0,564965,234809,211292
2020-04-07 09:00:00.000000000,1586221200000000000,1713.0,1762.0,1709.0,1746.0,554879,211292,492714
2020-04-07 10:00:00.000000000,1586224800000000000,1746.0,1753.0,1735.0,1744.0,187369,492714,494781
2020-04-07 11:00:00.000000000,1586228400000000000,1744.0,1744.0,1731.0,1737.0,103697,494781,491796
2020-04-07 13:00:00.000000000,1586235600000000000,1740.0,1748.0,1738.0,1743.0,116012,491796,492801
2020-04-07 14:00:00.000000000,1586239200000000000,1743.0,1747.0,1724.0,1741.0,346322,492801,486841
2020-04-08 09:00:00.000000000,1586307600000000000,1706.0,1732.0,1700.0,1728.0,523380,486841,508174
2020-04-08 10:00:00.000000000,1586311200000000000,1728.0,1738.0,1727.0,1733.0,277651,508174,510372
2020-04-08 11:00:00.000000000,1586314800000000000,1733.0,1739.0,1731.0,1737.0,133166,510372,509638
2020-04-08 13:00:00.000000000,1586322000000000000,1744.0,1752.0,1741.0,1741.0,273510,509638,516596
2020-04-08 14:00:00.000000000,1586325600000000000,1741.0,1743.0,1720.0,1738.0,680759,516596,508688
2020-04-09 09:00:00.000000000,1586394000000000000,1775.0,1782.0,1762.0,1764.0,562638,508688,528279
2020-04-09 10:00:00.000000000,1586397600000000000,1764.0,1768.0,1754.0,1759.0,389423,528279,536135
2020-04-09 11:00:00.000000000,1586401200000000000,1759.0,1765.0,1758.0,1763.0,129029,536135,531911
2020-04-09 13:00:00.000000000,1586408400000000000,1759.0,1771.0,1755.0,1771.0,238063,531911,537349
2020-04-09 14:00:00.000000000,1586412000000000000,1771.0,1772.0,1764.0,1767.0,437173,537349,537178
2020-04-10 09:00:00.000000000,1586480400000000000,1702.0,1733.0,1695.0,1726.0,574482,537178,561472
2020-04-10 10:00:00.000000000,1586484000000000000,1726.0,1741.0,1725.0,1735.0,202523,561472,564172
2020-04-10 11:00:00.000000000,1586487600000000000,1735.0,1743.0,1733.0,1735.0,107944,564172,559555
2020-04-10 13:00:00.000000000,1586494800000000000,1734.0,1737.0,1727.0,1735.0,135670,559555,560511
2020-04-10 14:00:00.000000000,1586498400000000000,1735.0,1751.0,1732.0,1750.0,266191,560511,541837
2020-04-13 09:00:00.000000000,1586739600000000000,1791.0,1811.0,1762.0,1776.0,984031,541837,557655
2020-04-13 10:00:00.000000000,1586743200000000000,1776.0,1781.0,1769.0,1773.0,311082,557655,564592
2020-04-13 11:00:00.000000000,1586746800000000000,1773.0,1777.0,1770.0,1773.0,138362,564592,564313
2020-04-13 13:00:00.000000000,1586754000000000000,1759.0,1777.0,1756.0,1770.0,236006,564313,571071
2020-04-13 14:00:00.000000000,1586757600000000000,1770.0,1775.0,1727.0,1732.0,709886,571071,570929
2020-04-14 09:00:00.000000000,1586826000000000000,1739.0,1755.0,1725.0,1733.0,621393,570929,591806
2020-04-14 10:00:00.000000000,1586829600000000000,1733.0,1748.0,1732.0,1744.0,257959,591806,586620
2020-04-14 11:00:00.000000000,1586833200000000000,1744.0,1744.0,1715.0,1730.0,280140,586620,587747
2020-04-14 13:00:00.000000000,1586840400000000000,1721.0,1737.0,1719.0,1729.0,181812,587747,595261
2020-04-14 14:00:00.000000000,1586844000000000000,1729.0,1739.0,1725.0,1739.0,385798,595261,584091
2020-04-15 09:00:00.000000000,1586912400000000000,1694.0,1721.0,1683.0,1714.0,662879,584091,612491
2020-04-15 10:00:00.000000000,1586916000000000000,1714.0,1719.0,1711.0,1717.0,208397,612491,612869
2020-04-15 11:00:00.000000000,1586919600000000000,1717.0,1732.0,1717.0,1727.0,172700,612869,610532
2020-04-15 13:00:00.000000000,1586926800000000000,1723.0,1734.0,1720.0,1730.0,181710,610532,613490
2020-04-15 14:00:00.000000000,1586930400000000000,1730.0,1730.0,1709.0,1717.0,523222,613490,602542
2020-04-16 09:00:00.000000000,1586998800000000000,1724.0,1734.0,1703.0,1708.0,616038,602542,627811
2020-04-16 10:00:00.000000000,1587002400000000000,1708.0,1713.0,1684.0,1687.0,398892,627811,647983
2020-04-16 11:00:00.000000000,1587006000000000000,1687.0,1688.0,1663.0,1669.0,424924,647983,665180
2020-04-16 13:00:00.000000000,1587013200000000000,1659.0,1666.0,1649.0,1665.0,453968,665180,690126
2020-04-16 14:00:00.000000000,1587016800000000000,1665.0,1666.0,1634.0,1648.0,855043,690126,685814
2020-04-17 09:00:00.000000000,1587085200000000000,1678.0,1692.0,1666.0,1672.0,750880,685814,674509
2020-04-17 10:00:00.000000000,1587088800000000000,1672.0,1678.0,1634.0,1645.0,652965,674509,700661
2020-04-17 11:00:00.000000000,1587092400000000000,1645.0,1655.0,1640.0,1650.0,257494,700661,694583
2020-04-17 13:00:00.000000000,1587099600000000000,1646.0,1664.0,1643.0,1662.0,259662,694583,688724
2020-04-17 14:00:00.000000000,1587103200000000000,1662.0,1690.0,1662.0,1687.0,822259,688724,650522
2020-04-20 09:00:00.000000000,1587344400000000000,1633.0,1649.0,1611.0,1646.0,1139836,650522,688059
2020-04-20 10:00:00.000000000,1587348000000000000,1646.0,1657.0,1641.0,1655.0,360612,688059,683568
2020-04-20 11:00:00.000000000,1587351600000000000,1655.0,1661.0,1648.0,1655.0,231384,683568,678655
2020-04-20 13:00:00.000000000,1587358800000000000,1650.0,1652.0,1634.0,1635.0,298241,678655,683886
2020-04-20 14:00:00.000000000,1587362400000000000,1635.0,1653.0,1633.0,1645.0,525750,683886,678147
2020-04-21 09:00:00.000000000,1587430800000000000,1606.0,1636.0,1597.0,1620.0,1146924,678147,697223
2020-04-21 10:00:00.000000000,1587434400000000000,1620.0,1631.0,1620.0,1625.0,494003,697223,700530
2020-04-21 11:00:00.000000000,1587438000000000000,1625.0,1625.0,1558.0,1574.0,611434,700530,704470
2020-04-21 13:00:00.000000000,1587445200000000000,1576.0,1585.0,1549.0,1552.0,561168,704470,723566
2020-04-21 14:00:00.000000000,1587448800000000000,1552.0,1577.0,1546.0,1560.0,950364,723566,708762
2020-04-22 09:00:00.000000000,1587517200000000000,1483.0,1497.0,1435.0,1443.0,944984,708762,723982
2020-04-22 10:00:00.000000000,1587520800000000000,1443.0,1448.0,1438.0,1443.0,213585,723982,732879
2020-04-22 11:00:00.000000000,1587524400000000000,1443.0,1446.0,1435.0,1435.0,165537,732879,731692
2020-04-22 13:00:00.000000000,1587531600000000000,1435.0,1435.0,1435.0,1435.0,4213,731692,730717
2020-04-22 14:00:00.000000000,1587535200000000000,1435.0,1435.0,1435.0,1435.0,5697,730717,728370
2020-04-23 09:00:00.000000000,1587603600000000000,1458.0,1499.0,1452.0,1496.0,1373088,728370,735394
2020-04-23 10:00:00.000000000,1587607200000000000,1496.0,1507.0,1484.0,1490.0,568709,735394,729966
2020-04-23 11:00:00.000000000,1587610800000000000,1490.0,1509.0,1488.0,1501.0,336519,729966,732882
2020-04-23 13:00:00.000000000,1587618000000000000,1560.0,1570.0,1532.0,1541.0,681102,732882,737046
2020-04-23 14:00:00.000000000,1587621600000000000,1541.0,1550.0,1531.0,1535.0,724807,737046,711524
2020-04-24 09:00:00.000000000,1587690000000000000,1561.0,1576.0,1545.0,1568.0,1054891,711524,736935
2020-04-24 10:00:00.000000000,1587693600000000000,1568.0,1585.0,1565.0,1581.0,538810,736935,741043
2020-04-24 11:00:00.000000000,1587697200000000000,1581.0,1594.0,1578.0,1593.0,415101,741043,742417
2020-04-24 13:00:00.000000000,1587704400000000000,1578.0,1578.0,1546.0,1550.0,662294,742417,749560
2020-04-24 14:00:00.000000000,1587708000000000000,1550.0,1550.0,1523.0,1536.0,1224741,749560,728675
2020-04-27 09:00:00.000000000,1587949200000000000,1514.0,1517.0,1452.0,1472.0,1347355,728675,823606
2020-04-27 10:00:00.000000000,1587952800000000000,1472.0,1491.0,1471.0,1482.0,515646,823606,816747
2020-04-27 11:00:00.000000000,1587956400000000000,1482.0,1485.0,1456.0,1464.0,410933,816747,830168
2020-04-27 13:00:00.000000000,1587963600000000000,1455.0,1456.0,1423.0,1445.0,622163,830168,869450
2020-04-27 14:00:00.000000000,1587967200000000000,1445.0,1453.0,1413.0,1420.0,1055117,869450,880157
2020-04-28 09:00:00.000000000,1588035600000000000,1385.0,1407.0,1361.0,1379.0,1520237,880157,918362
2020-04-28 10:00:00.000000000,1588039200000000000,1379.0,1430.0,1377.0,1425.0,1087872,918362,909672
2020-04-28 11:00:00.000000000,1588042800000000000,1425.0,1447.0,1421.0,1437.0,723635,909672,884190
2020-04-28 13:00:00.000000000,1588050000000000000,1440.0,1448.0,1420.0,1447.0,650361,884190,891778
2020-04-28 14:00:00.000000000,1588053600000000000,1447.0,1450.0,1424.0,1443.0,1287610,891778,843514
2020-04-29 09:00:00.000000000,1588122000000000000,1484.0,1495.0,1464.0,1476.0,1276381,843514,846755
2020-04-29 10:00:00.000000000,1588125600000000000,1476.0,1494.0,1471.0,1476.0,831681,846755,830290
2020-04-29 11:00:00.000000000,1588129200000000000,1476.0,1480.0,1468.0,1472.0,362477,830290,820847
2020-04-29 13:00:00.000000000,1588136400000000000,1472.0,1474.0,1448.0,1457.0,603467,820847,828711
2020-04-29 14:00:00.000000000,1588140000000000000,1457.0,1469.0,1445.0,1467.0,1189153,828711,796639
2020-04-30 09:00:00.000000000,1588208400000000000,1526.0,1537.0,1506.0,1512.0,1055264,796639,797405
2020-04-30 10:00:00.000000000,1588212000000000000,1512.0,1521.0,1506.0,1512.0,553418,797405,798917
2020-04-30 11:00:00.000000000,1588215600000000000,1512.0,1514.0,1502.0,1512.0,303300,798917,793230
2020-04-30 13:00:00.000000000,1588222800000000000,1515.0,1524.0,1511.0,1520.0,319312,793230,789470
2020-04-30 14:00:00.000000000,1588226400000000000,1520.0,1521.0,1495.0,1512.0,1184408,789470,739551
2020-05-06 09:00:00.000000000,1588726800000000000,1606.0,1648.0,1578.0,1583.0,977244,739551,749093
2020-05-06 10:00:00.000000000,1588730400000000000,1583.0,1591.0,1580.0,1583.0,326783,749093,739567
2020-05-06 11:00:00.000000000,1588734000000000000,1583.0,1589.0,1581.0,1584.0,208877,739567,730997
2020-05-06 13:00:00.000000000,1588741200000000000,1585.0,1590.0,1564.0,1567.0,359087,730997,740533
2020-05-06 14:00:00.000000000,1588744800000000000,1567.0,1584.0,1567.0,1580.0,528312,740533,713023
2020-05-06 21:00:00.000000000,1588770000000000000,1542.0,1575.0,1538.0,1570.0,685049,713023,735985
2020-05-06 22:00:00.000000000,1588773600000000000,1570.0,1597.0,1567.0,1577.0,535159,735985,718825
2020-05-07 09:00:00.000000000,1588813200000000000,1586.0,1597.0,1580.0,1587.0,566423,718825,722838
2020-05-07 10:00:00.000000000,1588816800000000000,1587.0,1590.0,1579.0,1579.0,263998,722838,720096
2020-05-07 11:00:00.000000000,1588820400000000000,1579.0,1582.0,1575.0,1580.0,181524,720096,717740
2020-05-07 13:00:00.000000000,1588827600000000000,1581.0,1585.0,1573.0,1583.0,216700,717740,720178
2020-05-07 14:00:00.000000000,1588831200000000000,1583.0,1585.0,1572.0,1578.0,462345,720178,708983
2020-05-07 21:00:00.000000000,1588856400000000000,1619.0,1628.0,1596.0,1597.0,630140,708983,723341
2020-05-07 22:00:00.000000000,1588860000000000000,1597.0,1599.0,1579.0,1582.0,475561,723341,719788
2020-05-08 09:00:00.000000000,1588899600000000000,1561.0,1590.0,1552.0,1585.0,584929,719788,718016
2020-05-08 10:00:00.000000000,1588903200000000000,1585.0,1588.0,1581.0,1585.0,293152,718016,717112
2020-05-08 11:00:00.000000000,1588906800000000000,1585.0,1590.0,1585.0,1587.0,124613,717112,714744
2020-05-08 13:00:00.000000000,1588914000000000000,1590.0,1590.0,1582.0,1589.0,117902,714744,714565
2020-05-08 14:00:00.000000000,1588917600000000000,1589.0,1610.0,1589.0,1600.0,683640,714565,698934
2020-05-08 21:00:00.000000000,1588942800000000000,1598.0,1606.0,1588.0,1598.0,492317,698934,705683
2020-05-08 22:00:00.000000000,1588946400000000000,1598.0,1607.0,1588.0,1598.0,524325,705683,687167
2020-05-11 09:00:00.000000000,1589158800000000000,1596.0,1606.0,1582.0,1591.0,543614,687167,701878
2020-05-11 10:00:00.000000000,1589162400000000000,1591.0,1596.0,1586.0,1592.0,229126,701878,703259
2020-05-11 11:00:00.000000000,1589166000000000000,1592.0,1595.0,1580.0,1584.0,190143,703259,708785
2020-05-11 13:00:00.000000000,1589173200000000000,1584.0,1588.0,1562.0,1565.0,323480,708785,715735
2020-05-11 14:00:00.000000000,1589176800000000000,1565.0,1586.0,1564.0,1582.0,519658,715735,703214
2020-05-11 21:00:00.000000000,1589202000000000000,1587.0,1597.0,1584.0,1587.0,562604,703214,719829
2020-05-11 22:00:00.000000000,1589205600000000000,1587.0,1593.0,1583.0,1587.0,340196,719829,709976
2020-05-12 09:00:00.000000000,1589245200000000000,1578.0,1586.0,1572.0,1574.0,453785,709976,715158
2020-05-12 10:00:00.000000000,1589248800000000000,1574.0,1577.0,1561.0,1562.0,277019,715158,728004
2020-05-12 11:00:00.000000000,1589252400000000000,1562.0,1564.0,1549.0,1551.0,218202,728004,727867
2020-05-12 13:00:00.000000000,1589259600000000000,1553.0,1567.0,1552.0,1563.0,238046,727867,728452
2020-05-12 14:00:00.000000000,1589263200000000000,1563.0,1566.0,1556.0,1564.0,380769,728452,714351
2020-05-12 21:00:00.000000000,1589288400000000000,1571.0,1579.0,1564.0,1565.0,379696,714351,730351
2020-05-12 22:00:00.000000000,1589292000000000000,1565.0,1566.0,1549.0,1553.0,417102,730351,737081
2020-05-13 09:00:00.000000000,1589331600000000000,1548.0,1552.0,1513.0,1514.0,803992,737081,790204
2020-05-13 10:00:00.000000000,1589335200000000000,1514.0,1529.0,1503.0,1524.0,520842,790204,789695
2020-05-13 11:00:00.000000000,1589338800000000000,1524.0,1531.0,1523.0,1526.0,257047,789695,785594
2020-05-13 13:00:00.000000000,1589346000000000000,1526.0,1527.0,1509.0,1512.0,292227,785594,798102
2020-05-13 14:00:00.000000000,1589349600000000000,1512.0,1530.0,1509.0,1529.0,588162,798102,785473
2020-05-13 21:00:00.000000000,1589374800000000000,1536.0,1542.0,1525.0,1538.0,555066,785473,779946
2020-05-13 22:00:00.000000000,1589378400000000000,1538.0,1546.0,1530.0,1531.0,611171,779946,767362
2020-05-14 09:00:00.000000000,1589418000000000000,1526.0,1530.0,1502.0,1516.0,756010,767362,786426
2020-05-14 10:00:00.000000000,1589421600000000000,1516.0,1521.0,1509.0,1516.0,325206,786426,783061
2020-05-14 11:00:00.000000000,1589425200000000000,1516.0,1524.0,1512.0,1519.0,204167,783061,776038
2020-05-14 13:00:00.000000000,1589432400000000000,1520.0,1523.0,1516.0,1523.0,183627,776038,778178
2020-05-14 14:00:00.000000000,1589436000000000000,1523.0,1529.0,1515.0,1527.0,447808,778178,763523
2020-05-14 21:00:00.000000000,1589461200000000000,1529.0,1545.0,1524.0,1535.0,642762,763523,770345
2020-05-14 22:00:00.000000000,1589464800000000000,1535.0,1549.0,1533.0,1547.0,495320,770345,753272
2020-05-15 09:00:00.000000000,1589504400000000000,1561.0,1580.0,1557.0,1574.0,794389,753272,741366
2020-05-15 10:00:00.000000000,1589508000000000000,1574.0,1580.0,1571.0,1574.0,249440,741366,737456
2020-05-15 11:00:00.000000000,1589511600000000000,1574.0,1582.0,1571.0,1580.0,177294,737456,735873
2020-05-15 13:00:00.000000000,1589518800000000000,1589.0,1594.0,1586.0,1591.0,299598,735873,740476
2020-05-15 14:00:00.000000000,1589522400000000000,1591.0,1600.0,1585.0,1590.0,648733,740476,719988
2020-05-15 21:00:00.000000000,1589547600000000000,1593.0,1598.0,1572.0,1575.0,615048,719988,718957
2020-05-15 22:00:00.000000000,1589551200000000000,1575.0,1585.0,1573.0,1576.0,536479,718957,701560
2020-05-18 09:00:00.000000000,1589763600000000000,1622.0,1646.0,1606.0,1616.0,764580,701560,700082
2020-05-18 10:00:00.000000000,1589767200000000000,1616.0,1621.0,1610.0,1616.0,430990,700082,694483
2020-05-18 11:00:00.000000000,1589770800000000000,1616.0,1621.0,1613.0,1620.0,171905,694483,689800
2020-05-18 13:00:00.000000000,1589778000000000000,1619.0,1625.0,1616.0,1620.0,227883,689800,696574
2020-05-18 14:00:00.000000000,1589781600000000000,1620.0,1625.0,1617.0,1620.0,394982,696574,688372
2020-05-18 21:00:00.000000000,1589806800000000000,1635.0,1643.0,1629.0,1634.0,663834,688372,694479
2020-05-18 22:00:00.000000000,1589810400000000000,1634.0,1655.0,1633.0,1648.0,516488,694479,684832
2020-05-19 09:00:00.000000000,1589850000000000000,1651.0,1663.0,1622.0,1624.0,829806,684832,691047
2020-05-19 10:00:00.000000000,1589853600000000000,1624.0,1627.0,1598.0,1608.0,653159,691047,695024
2020-05-19 11:00:00.000000000,1589857200000000000,1608.0,1610.0,1594.0,1600.0,452064,695024,691344
2020-05-19 13:00:00.000000000,1589864400000000000,1609.0,1616.0,1602.0,1615.0,397566,691344,692253
2020-05-19 14:00:00.000000000,1589868000000000000,1615.0,1622.0,1611.0,1617.0,623722,692253,670623
2020-05-19 21:00:00.000000000,1589893200000000000,1620.0,1632.0,1614.0,1627.0,673086,670623,665066
2020-05-19 22:00:00.000000000,1589896800000000000,1627.0,1630.0,1613.0,1621.0,500455,665066,650870
2020-05-20 09:00:00.000000000,1589936400000000000,1618.0,1649.0,1615.0,1648.0,611879,650870,667199
2020-05-20 10:00:00.000000000,1589940000000000000,1648.0,1656.0,1638.0,1645.0,449359,667199,660556
2020-05-20 11:00:00.000000000,1589943600000000000,1645.0,1653.0,1642.0,1652.0,180383,660556,664414
2020-05-20 13:00:00.000000000,1589950800000000000,1655.0,1658.0,1639.0,1641.0,267880,664414,660596
2020-05-20 14:00:00.000000000,1589954400000000000,1641.0,1647.0,1637.0,1644.0,317854,660596,649014
2020-05-20 21:00:00.000000000,1589979600000000000,1655.0,1679.0,1654.0,1676.0,717382,649014,681692
2020-05-20 22:00:00.000000000,1589983200000000000,1676.0,1688.0,1672.0,1682.0,692524,681692,675363
2020-05-21 09:00:00.000000000,1590022800000000000,1686.0,1693.0,1665.0,1665.0,497303,675363,673797
2020-05-21 10:00:00.000000000,1590026400000000000,1665.0,1679.0,1664.0,1679.0,285162,673797,673368
2020-05-21 11:00:00.000000000,1590030000000000000,1679.0,1679.0,1672.0,1676.0,83840,673368,666739
2020-05-21 13:00:00.000000000,1590037200000000000,1688.0,1688.0,1670.0,1674.0,275285,666739,676459
2020-05-21 14:00:00.000000000,1590040800000000000,1674.0,1678.0,1668.0,1676.0,404456,676459,659850
2020-05-21 21:00:00.000000000,1590066000000000000,1678.0,1682.0,1668.0,1668.0,438382,659850,675324
2020-05-21 22:00:00.000000000,1590069600000000000,1668.0,1670.0,1628.0,1645.0,745631,675324,654253
2020-05-22 09:00:00.000000000,1590109200000000000,1645.0,1651.0,1612.0,1618.0,663900,654253,657598
2020-05-22 10:00:00.000000000,1590112800000000000,1618.0,1620.0,1597.0,1613.0,577170,657598,668171
2020-05-22 11:00:00.000000000,1590116400000000000,1613.0,1618.0,1599.0,1603.0,305458,668171,677231
2020-05-22 13:00:00.000000000,1590123600000000000,1595.0,1606.0,1584.0,1598.0,434526,677231,681431
2020-05-22 14:00:00.000000000,1590127200000000000,1598.0,1617.0,1597.0,1611.0,643337,681431,655110
2020-05-22 21:00:00.000000000,1590152400000000000,1621.0,1633.0,1612.0,1614.0,610124,655110,656313
2020-05-22 22:00:00.000000000,1590156000000000000,1614.0,1624.0,1607.0,1621.0,439033,656313,646433
2020-05-25 09:00:00.000000000,1590368400000000000,1628.0,1628.0,1596.0,1619.0,668554,646433,667129
2020-05-25 10:00:00.000000000,1590372000000000000,1619.0,1631.0,1615.0,1629.0,361257,667129,666348
2020-05-25 11:00:00.000000000,1590375600000000000,1629.0,1643.0,1629.0,1639.0,301803,666348,666640
2020-05-25 13:00:00.000000000,1590382800000000000,1639.0,1640.0,1622.0,1631.0,271719,666640,661993
2020-05-25 14:00:00.000000000,1590386400000000000,1631.0,1638.0,1628.0,1635.0,401729,661993,655630
2020-05-25 21:00:00.000000000,1590411600000000000,1634.0,1643.0,1626.0,1634.0,393779,655630,664341
2020-05-25 22:00:00.000000000,1590415200000000000,1634.0,1643.0,1629.0,1639.0,230277,664341,655751
2020-05-26 09:00:00.000000000,1590454800000000000,1646.0,1662.0,1643.0,1655.0,546832,655751,671593
2020-05-26 10:00:00.000000000,1590458400000000000,1655.0,1658.0,1647.0,1652.0,225631,671593,669043
2020-05-26 11:00:00.000000000,1590462000000000000,1652.0,1657.0,1650.0,1655.0,101784,669043,667216
2020-05-26 13:00:00.000000000,1590469200000000000,1659.0,1665.0,1658.0,1659.0,231578,667216,676909
2020-05-26 14:00:00.000000000,1590472800000000000,1659.0,1667.0,1655.0,1660.0,461183,676909,661357
2020-05-26 21:00:00.000000000,1590498000000000000,1663.0,1668.0,1632.0,1633.0,770162,661357,690394
2020-05-26 22:00:00.000000000,1590501600000000000,1633.0,1638.0,1622.0,1631.0,634093,690394,681707
2020-05-27 09:00:00.000000000,1590541200000000000,1630.0,1638.0,1622.0,1630.0,412756,681707,688650
2020-05-27 10:00:00.000000000,1590544800000000000,1630.0,1636.0,1625.0,1635.0,216062,688650,692256
2020-05-27 11:00:00.000000000,1590548400000000000,1635.0,1647.0,1635.0,1644.0,203129,692256,687632
2020-05-27 13:00:00.000000000,1590555600000000000,1644.0,1644.0,1633.0,1638.0,171912,687632,688968
2020-05-27 14:00:00.000000000,1590559200000000000,1638.0,1643.0,1624.0,1628.0,471924,688968,691877
2020-05-27 21:00:00.000000000,1590584400000000000,1620.0,1637.0,1613.0,1623.0,672883,691877,704446
2020-05-27 22:00:00.000000000,1590588000000000000,1623.0,1627.0,1610.0,1616.0,804999,704446,701164
2020-05-28 09:00:00.000000000,1590627600000000000,1608.0,1623.0,1604.0,1614.0,467753,701164,707162
2020-05-28 10:00:00.000000000,1590631200000000000,1614.0,1619.0,1612.0,1618.0,230856,707162,715377
2020-05-28 11:00:00.000000000,1590634800000000000,1618.0,1619.0,1611.0,1615.0,145679,715377,710874
2020-05-28 13:00:00.000000000,1590642000000000000,1618.0,1626.0,1617.0,1625.0,223825,710874,709860
2020-05-28 14:00:00.000000000,1590645600000000000,1625.0,1636.0,1621.0,1632.0,422259,709860,688422
2020-05-28 21:00:00.000000000,1590670800000000000,1640.0,1650.0,1633.0,1638.0,507961,688422,690316
2020-05-28 22:00:00.000000000,1590674400000000000,1638.0,1642.0,1633.0,1641.0,427560,690316,676158
2020-05-29 09:00:00.000000000,1590714000000000000,1648.0,1648.0,1623.0,1629.0,528882,676158,693346
2020-05-29 10:00:00.000000000,1590717600000000000,1629.0,1631.0,1617.0,1622.0,216858,693346,702450
2020-05-29 11:00:00.000000000,1590721200000000000,1622.0,1622.0,1615.0,1618.0,137905,702450,710282
2020-05-29 13:00:00.000000000,1590728400000000000,1617.0,1625.0,1616.0,1623.0,220705,710282,713396
2020-05-29 14:00:00.000000000,1590732000000000000,1623.0,1624.0,1613.0,1624.0,494286,713396,702478
2020-05-29 21:00:00.000000000,1590757200000000000,1619.0,1646.0,1616.0,1639.0,639152,702478,686679
2020-05-29 22:00:00.000000000,1590760800000000000,1639.0,1647.0,1638.0,1643.0,395483,686679,676234
2020-06-01 09:00:00.000000000,1590973200000000000,1670.0,1675.0,1649.0,1664.0,618348,676234,676671
2020-06-01 10:00:00.000000000,1590976800000000000,1664.0,1678.0,1661.0,1675.0,217784,676671,679417
2020-06-01 11:00:00.000000000,1590980400000000000,1675.0,1678.0,1668.0,1675.0,185035,679417,675647
2020-06-01 13:00:00.000000000,1590987600000000000,1670.0,1673.0,1663.0,1668.0,173413,675647,671008
2020-06-01 14:00:00.000000000,1590991200000000000,1668.0,1682.0,1666.0,1675.0,358087,671008,657191
2020-06-01 21:00:00.000000000,1591016400000000000,1673.0,1677.0,1646.0,1652.0,756851,657191,676246
2020-06-01 22:00:00.000000000,1591020000000000000,1652.0,1661.0,1651.0,1652.0,442815,676246,663279
2020-06-02 09:00:00.000000000,1591059600000000000,1662.0,1674.0,1660.0,1669.0,367913,663279,649956
2020-06-02 10:00:00.000000000,1591063200000000000,1669.0,1671.0,1664.0,1668.0,108006,649956,642200
2020-06-02 11:00:00.000000000,1591066800000000000,1668.0,1671.0,1665.0,1666.0,52434,642200,639413
2020-06-02 13:00:00.000000000,1591074000000000000,1670.0,1673.0,1666.0,1667.0,145491,639413,635903
2020-06-02 14:00:00.000000000,1591077600000000000,1667.0,1673.0,1661.0,1668.0,292147,635903,629409
2020-06-02 21:00:00.000000000,1591102800000000000,1674.0,1706.0,1666.0,1706.0,695670,629409,674178
2020-06-02 22:00:00.000000000,1591106400000000000,1706.0,1721.0,1703.0,1715.0,691411,674178,661039
2020-06-03 09:00:00.000000000,1591146000000000000,1736.0,1751.0,1734.0,1744.0,645790,661039,671681
2020-06-03 10:00:00.000000000,1591149600000000000,1744.0,1746.0,1726.0,1736.0,341900,671681,658785
2020-06-03 11:00:00.000000000,1591153200000000000,1736.0,1746.0,1734.0,1746.0,169098,658785,656556
2020-06-03 13:00:00.000000000,1591160400000000000,1745.0,1756.0,1742.0,1752.0,202037,656556,664603
2020-06-03 14:00:00.000000000,1591164000000000000,1752.0,1756.0,1744.0,1751.0,391674,664603,649985
2020-06-03 21:00:00.000000000,1591189200000000000,1726.0,1738.0,1716.0,1731.0,731089,649985,662859
2020-06-03 22:00:00.000000000,1591192800000000000,1731.0,1736.0,1719.0,1726.0,566181,662859,652635
2020-06-04 09:00:00.000000000,1591232400000000000,1717.0,1734.0,1715.0,1723.0,343784,652635,653614
2020-06-04 10:00:00.000000000,1591236000000000000,1723.0,1726.0,1717.0,1720.0,179606,653614,653018
2020-06-04 11:00:00.000000000,1591239600000000000,1720.0,1720.0,1687.0,1696.0,433202,653018,642154
2020-06-04 13:00:00.000000000,1591246800000000000,1697.0,1708.0,1696.0,1705.0,194411,642154,644580
2020-06-04 14:00:00.000000000,1591250400000000000,1705.0,1709.0,1699.0,1704.0,282774,644580,628544
2020-06-04 21:00:00.000000000,1591275600000000000,1709.0,1721.0,1704.0,1709.0,464629,628544,639849
2020-06-04 22:00:00.000000000,1591279200000000000,1709.0,1717.0,1703.0,1717.0,270645,639849,628076
2020-06-05 09:00:00.000000000,1591318800000000000,1725.0,1728.0,1710.0,1717.0,323956,628076,633144
2020-06-05 10:00:00.000000000,1591322400000000000,1717.0,1725.0,1716.0,1721.0,162745,633144,628995
2020-06-05 11:00:00.000000000,1591326000000000000,1721.0,1731.0,1717.0,1729.0,127751,628995,624875
2020-06-05 13:00:00.000000000,1591333200000000000,1730.0,1732.0,1721.0,1726.0,141908,624875,624408
2020-06-05 14:00:00.000000000,1591336800000000000,1726.0,1742.0,1726.0,1735.0,352139,624408,613781
2020-06-05 21:00:00.000000000,1591362000000000000,1773.0,1781.0,1746.0,1754.0,694655,613781,616609
2020-06-05 22:00:00.000000000,1591365600000000000,1754.0,1769.0,1753.0,1764.0,441582,616609,591377
2020-06-08 09:00:00.000000000,1591578000000000000,1780.0,1795.0,1766.0,1781.0,811046,591377,608318
2020-06-08 10:00:00.000000000,1591581600000000000,1781.0,1785.0,1775.0,1784.0,299667,608318,609060
2020-06-08 11:00:00.000000000,1591585200000000000,1784.0,1786.0,1780.0,1786.0,153181,609060,606207
2020-06-08 13:00:00.000000000,1591592400000000000,1790.0,1792.0,1774.0,1779.0,245199,606207,605635
2020-06-08 14:00:00.000000000,1591596000000000000,1779.0,1779.0,1768.0,1774.0,342366,605635,591278
2020-06-08 21:00:00.000000000,1591621200000000000,1757.0,1768.0,1750.0,1763.0,376699,591278,589931
2020-06-08 22:00:00.000000000,1591624800000000000,1763.0,1764.0,1728.0,1738.0,546448,589931,576722
2020-06-09 09:00:00.000000000,1591664400000000000,1746.0,1751.0,1727.0,1742.0,391535,576722,584580
2020-06-09 10:00:00.000000000,1591668000000000000,1742.0,1743.0,1733.0,1736.0,142325,584580,584703
2020-06-09 11:00:00.000000000,1591671600000000000,1736.0,1741.0,1725.0,1740.0,160505,584703,582845
2020-06-09 13:00:00.000000000,1591678800000000000,1737.0,1737.0,1726.0,1737.0,192237,582845,589009
2020-06-09 14:00:00.000000000,1591682400000000000,1737.0,1744.0,1731.0,1735.0,276940,589009,583481
2020-06-09 21:00:00.000000000,1591707600000000000,1726.0,1747.0,1717.0,1746.0,417338,583481,592177
2020-06-09 22:00:00.000000000,1591711200000000000,1746.0,1757.0,1738.0,1756.0,307313,592177,587665
2020-06-10 09:00:00.000000000,1591750800000000000,1760.0,1766.0,1744.0,1751.0,411084,587665,581574
2020-06-10 10:00:00.000000000,1591754400000000000,1751.0,1754.0,1744.0,1749.0,107786,581574,581034
2020-06-10 11:00:00.000000000,1591758000000000000,1749.0,1750.0,1743.0,1747.0,87258,581034,576715
2020-06-10 13:00:00.000000000,1591765200000000000,1747.0,1751.0,1739.0,1742.0,122253,576715,573005
2020-06-10 14:00:00.000000000,1591768800000000000,1742.0,1746.0,1736.0,1745.0,214020,573005,553652
2020-06-10 21:00:00.000000000,1591794000000000000,1748.0,1762.0,1736.0,1741.0,458225,553652,569102
2020-06-10 22:00:00.000000000,1591797600000000000,1741.0,1749.0,1737.0,1745.0,295361,569102,557794
2020-06-11 09:00:00.000000000,1591837200000000000,1747.0,1757.0,1742.0,1745.0,290687,557794,558772
2020-06-11 10:00:00.000000000,1591840800000000000,1745.0,1748.0,1733.0,1735.0,156291,558772,564545
2020-06-11 11:00:00.000000000,1591844400000000000,1735.0,1744.0,1734.0,1743.0,88228,564545,558617
2020-06-11 13:00:00.000000000,1591851600000000000,1737.0,1738.0,1718.0,1721.0,236717,558617,560518
2020-06-11 14:00:00.000000000,1591855200000000000,1721.0,1738.0,1711.0,1734.0,420117,560518,540228
2020-06-11 21:00:00.000000000,1591880400000000000,1707.0,1713.0,1671.0,1677.0,752309,540228,565003
2020-06-11 22:00:00.000000000,1591884000000000000,1677.0,1692.0,1675.0,1679.0,368122,565003,542338
2020-06-12 09:00:00.000000000,1591923600000000000,1643.0,1660.0,1620.0,1656.0,709234,542338,545847
2020-06-12 10:00:00.000000000,1591927200000000000,1656.0,1664.0,1643.0,1645.0,343025,545847,547092
2020-06-12 11:00:00.000000000,1591930800000000000,1645.0,1652.0,1642.0,1647.0,161223,547092,549306
2020-06-12 13:00:00.000000000,1591938000000000000,1653.0,1657.0,1649.0,1654.0,170713,549306,553105
2020-06-12 14:00:00.000000000,1591941600000000000,1654.0,1663.0,1650.0,1651.0,316272,553105,555272
2020-06-12 21:00:00.000000000,1591966800000000000,1674.0,1691.0,1669.0,1689.0,499270,555272,546716
2020-06-12 22:00:00.000000000,1591970400000000000,1689.0,1702.0,1673.0,1676.0,462260,546716,529371
2020-06-15 09:00:00.000000000,1592182800000000000,1661.0,1661.0,1635.0,1648.0,479988,529371,542832
2020-06-15 10:00:00.000000000,1592186400000000000,1648.0,1656.0,1644.0,1651.0,154383,542832,544692
2020-06-15 11:00:00.000000000,1592190000000000000,1651.0,1662.0,1649.0,1653.0,121085,544692,541934
2020-06-15 13:00:00.000000000,1592197200000000000,1642.0,1647.0,1635.0,1636.0,251082,541934,554335
2020-06-15 14:00:00.000000000,1592200800000000000,1636.0,1648.0,1636.0,1646.0,292364,554335,542405
2020-06-15 21:00:00.000000000,1592226000000000000,1647.0,1660.0,1643.0,1659.0,390963,542405,548391
2020-06-15 22:00:00.000000000,1592229600000000000,1659.0,1672.0,1656.0,1669.0,336889,548391,534389
2020-06-16 09:00:00.000000000,1592269200000000000,1691.0,1697.0,1670.0,1680.0,376469,534389,539128
2020-06-16 10:00:00.000000000,1592272800000000000,1680.0,1694.0,1679.0,1691.0,194962,539128,538883
2020-06-16 11:00:00.000000000,1592276400000000000,1691.0,1693.0,1684.0,1689.0,93239,538883,532558
2020-06-16 13:00:00.000000000,1592283600000000000,1693.0,1698.0,1687.0,1691.0,140352,532558,536252
2020-06-16 14:00:00.000000000,1592287200000000000,1691.0,1701.0,1687.0,1693.0,248333,536252,526266
2020-06-16 21:00:00.000000000,1592312400000000000,1715.0,1724.0,1707.0,1717.0,460613,526266,545540
2020-06-16 22:00:00.000000000,1592316000000000000,1717.0,1721.0,1687.0,1689.0,416686,545540,537910
2020-06-17 09:00:00.000000000,1592355600000000000,1681.0,1697.0,1677.0,1688.0,278915,537910,544375
2020-06-17 10:00:00.000000000,1592359200000000000,1688.0,1690.0,1676.0,1683.0,133267,544375,547438
2020-06-17 11:00:00.000000000,1592362800000000000,1683.0,1683.0,1672.0,1674.0,107264,547438,548465
2020-06-17 13:00:00.000000000,1592370000000000000,1675.0,1689.0,1674.0,1688.0,148311,548465,551156
2020-06-17 14:00:00.000000000,1592373600000000000,1688.0,1698.0,1685.0,1695.0,248186,551156,539927
2020-06-17 21:00:00.000000000,1592398800000000000,1694.0,1700.0,1679.0,1686.0,364755,539927,554111
2020-06-17 22:00:00.000000000,1592402400000000000,1686.0,1693.0,1676.0,1688.0,427843,554111,548551
2020-06-18 09:00:00.000000000,1592442000000000000,1672.0,1683.0,1667.0,1676.0,252848,548551,558831
2020-06-18 10:00:00.000000000,1592445600000000000,1676.0,1681.0,1672.0,1676.0,116183,558831,561459
2020-06-18 11:00:00.000000000,1592449200000000000,1676.0,1682.0,1674.0,1681.0,74664,561459,560891
2020-06-18 13:00:00.000000000,1592456400000000000,1683.0,1689.0,1683.0,1686.0,104331,560891,558987
2020-06-18 14:00:00.000000000,1592460000000000000,1686.0,1689.0,1680.0,1686.0,234517,558987,553598
2020-06-18 21:00:00.000000000,1592485200000000000,1690.0,1692.0,1677.0,1685.0,271390,553598,559659
2020-06-18 22:00:00.000000000,1592488800000000000,1685.0,1700.0,1684.0,1697.0,284094,559659,541193
2020-06-19 09:00:00.000000000,1592528400000000000,1704.0,1718.0,1698.0,1710.0,380636,541193,539531
2020-06-19 10:00:00.000000000,1592532000000000000,1710.0,1720.0,1709.0,1719.0,153872,539531,539689
2020-06-19 11:00:00.000000000,1592535600000000000,1719.0,1723.0,1715.0,1718.0,86035,539689,539151
2020-06-19 13:00:00.000000000,1592542800000000000,1718.0,1733.0,1717.0,1731.0,149914,539151,543739
2020-06-19 14:00:00.000000000,1592546400000000000,1731.0,1740.0,1730.0,1735.0,360241,543739,532860
2020-06-19 21:00:00.000000000,1592571600000000000,1741.0,1745.0,1730.0,1734.0,343906,532860,537075
2020-06-19 22:00:00.000000000,1592575200000000000,1734.0,1737.0,1727.0,1729.0,216947,537075,524976
2020-06-22 09:00:00.000000000,1592787600000000000,1727.0,1746.0,1720.0,1735.0,350191,524976,529577
2020-06-22 10:00:00.000000000,1592791200000000000,1735.0,1739.0,1726.0,1730.0,146701,529577,529605
2020-06-22 11:00:00.000000000,1592794800000000000,1730.0,1731.0,1719.0,1720.0,105810,529605,530366
2020-06-22 13:00:00.000000000,1592802000000000000,1719.0,1719.0,1705.0,1708.0,179891,530366,536950
2020-06-22 14:00:00.000000000,1592805600000000000,1708.0,1710.0,1698.0,1705.0,266416,536950,533324
2020-06-22 21:00:00.000000000,1592830800000000000,1704.0,1719.0,1699.0,1715.0,271213,533324,540596
2020-06-22 22:00:00.000000000,1592834400000000000,1715.0,1718.0,1710.0,1715.0,178779,540596,535306
2020-06-23 09:00:00.000000000,1592874000000000000,1728.0,1732.0,1707.0,1712.0,484187,535306,545187
2020-06-23 10:00:00.000000000,1592877600000000000,1712.0,1724.0,1711.0,1724.0,179926,545187,537439
2020-06-23 11:00:00.000000000,1592881200000000000,1724.0,1730.0,1721.0,1729.0,102317,537439,524526
2020-06-23 13:00:00.000000000,1592888400000000000,1728.0,1730.0,1720.0,1721.0,101108,524526,520169
2020-06-23 14:00:00.000000000,1592892000000000000,1721.0,1735.0,1721.0,1729.0,230628,520169,508159
2020-06-23 21:00:00.000000000,1592917200000000000,1737.0,1744.0,1728.0,1729.0,308507,508159,521157
2020-06-23 22:00:00.000000000,1592920800000000000,1729.0,1737.0,1728.0,1735.0,173501,521157,509977
2020-06-24 09:00:00.000000000,1592960400000000000,1726.0,1730.0,1721.0,1723.0,201904,509977,509721
2020-06-24 10:00:00.000000000,1592964000000000000,1723.0,1726.0,1713.0,1717.0,124814,509721,510434
2020-06-24 11:00:00.000000000,1592967600000000000,1717.0,1718.0,1710.0,1712.0,103277,510434,514167
2020-06-24 13:00:00.000000000,1592974800000000000,1716.0,1717.0,1713.0,1714.0,74392,514167,514579
2020-06-24 14:00:00.000000000,1592978400000000000,1714.0,1721.0,1713.0,1717.0,161072,514579,499955
2020-06-29 09:00:00.000000000,1593392400000000000,1682.0,1684.0,1646.0,1647.0,578184,499955,550482
2020-06-29 10:00:00.000000000,1593396000000000000,1647.0,1655.0,1641.0,1642.0,196983,550482,574114
2020-06-29 11:00:00.000000000,1593399600000000000,1642.0,1644.0,1638.0,1644.0,94685,574114,578807
2020-06-29 13:00:00.000000000,1593406800000000000,1644.0,1647.0,1627.0,1630.0,172016,578807,592800
2020-06-29 14:00:00.000000000,1593410400000000000,1630.0,1639.0,1625.0,1636.0,294628,592800,591789
2020-06-29 21:00:00.000000000,1593435600000000000,1651.0,1660.0,1646.0,1654.0,340817,591789,563850
2020-06-29 22:00:00.000000000,1593439200000000000,1654.0,1672.0,1653.0,1670.0,264886,563850,535576
2020-06-30 09:00:00.000000000,1593478800000000000,1675.0,1683.0,1668.0,1677.0,287143,535576,526457
2020-06-30 10:00:00.000000000,1593482400000000000,1677.0,1679.0,1674.0,1678.0,74435,526457,517869
2020-06-30 11:00:00.000000000,1593486000000000000,1678.0,1685.0,1676.0,1680.0,67175,517869,511629
2020-06-30 13:00:00.000000000,1593493200000000000,1682.0,1686.0,1677.0,1678.0,97615,511629,508860
2020-06-30 14:00:00.000000000,1593496800000000000,1678.0,1682.0,1668.0,1672.0,191835,508860,492736
2020-06-30 21:00:00.000000000,1593522000000000000,1666.0,1669.0,1655.0,1667.0,284434,492736,504293
2020-06-30 22:00:00.000000000,1593525600000000000,1667.0,1674.0,1665.0,1667.0,220998,504293,496370
2020-07-01 09:00:00.000000000,1593565200000000000,1672.0,1685.0,1671.0,1684.0,194063,496370,496609
2020-07-01 10:00:00.000000000,1593568800000000000,1684.0,1685.0,1676.0,1680.0,88947,496609,490461
2020-07-01 11:00:00.000000000,1593572400000000000,1680.0,1683.0,1679.0,1682.0,45167,490461,487808
2020-07-01 13:00:00.000000000,1593579600000000000,1682.0,1684.0,1666.0,1671.0,134150,487808,492814
2020-07-01 14:00:00.000000000,1593583200000000000,1671.0,1683.0,1669.0,1683.0,184212,492814,487594
2020-07-01 21:00:00.000000000,1593608400000000000,1676.0,1702.0,1671.0,1687.0,502842,487594,498042
2020-07-01 22:00:00.000000000,1593612000000000000,1687.0,1692.0,1669.0,1681.0,363173,498042,492758
2020-07-02 09:00:00.000000000,1593651600000000000,1678.0,1696.0,1675.0,1691.0,220506,492758,489553
2020-07-02 10:00:00.000000000,1593655200000000000,1691.0,1696.0,1687.0,1691.0,105625,489553,484739
2020-07-02 11:00:00.000000000,1593658800000000000,1691.0,1697.0,1687.0,1695.0,76868,484739,486718
2020-07-02 13:00:00.000000000,1593666000000000000,1694.0,1696.0,1685.0,1691.0,87374,486718,486613
2020-07-02 14:00:00.000000000,1593669600000000000,1691.0,1709.0,1689.0,1702.0,286285,486613,480523
2020-07-02 21:00:00.000000000,1593694800000000000,1708.0,1716.0,1698.0,1713.0,392654,480523,495837
2020-07-02 22:00:00.000000000,1593698400000000000,1713.0,1717.0,1695.0,1700.0,357808,495837,487856
2020-07-03 09:00:00.000000000,1593738000000000000,1706.0,1715.0,1700.0,1709.0,210004,487856,484635
2020-07-03 10:00:00.000000000,1593741600000000000,1709.0,1713.0,1705.0,1706.0,111224,484635,484107
2020-07-03 11:00:00.000000000,1593745200000000000,1706.0,1708.0,1702.0,1706.0,61382,484107,483340
2020-07-03 13:00:00.000000000,1593752400000000000,1703.0,1708.0,1700.0,1705.0,99879,483340,488907
2020-07-03 14:00:00.000000000,1593756000000000000,1705.0,1710.0,1704.0,1709.0,141044,488907,476156
2020-07-03 21:00:00.000000000,1593781200000000000,1706.0,1715.0,1698.0,1705.0,299318,476156,487385
2020-07-03 22:00:00.000000000,1593784800000000000,1705.0,1706.0,1697.0,1703.0,135082,487385,472330
2020-07-06 09:00:00.000000000,1593997200000000000,1707.0,1728.0,1706.0,1728.0,373153,472330,489576
2020-07-06 10:00:00.000000000,1594000800000000000,1728.0,1737.0,1724.0,1732.0,162272,489576,493794
2020-07-06 11:00:00.000000000,1594004400000000000,1732.0,1734.0,1726.0,1729.0,82674,493794,489113
2020-07-06 13:00:00.000000000,1594011600000000000,1732.0,1746.0,1732.0,1744.0,133138,489113,500198
2020-07-06 14:00:00.000000000,1594015200000000000,1744.0,1752.0,1738.0,1742.0,232192,500198,489748
2020-07-06 21:00:00.000000000,1594040400000000000,1739.0,1745.0,1727.0,1735.0,294610,489748,487491
2020-07-06 22:00:00.000000000,1594044000000000000,1735.0,1737.0,1727.0,1734.0,193552,487491,481897
2020-07-07 09:00:00.000000000,1594083600000000000,1735.0,1742.0,1711.0,1714.0,286203,481897,484897
2020-07-07 10:00:00.000000000,1594087200000000000,1714.0,1721.0,1713.0,1716.0,105591,484897,485494
2020-07-07 11:00:00.000000000,1594090800000000000,1716.0,1718.0,1709.0,1711.0,74357,485494,487486
2020-07-07 13:00:00.000000000,1594098000000000000,1709.0,1712.0,1702.0,1702.0,125491,487486,493325
2020-07-07 14:00:00.000000000,1594101600000000000,1702.0,1704.0,1689.0,1695.0,289230,493325,498394
2020-07-07 21:00:00.000000000,1594126800000000000,1700.0,1710.0,1695.0,1708.0,218389,498394,502792
2020-07-07 22:00:00.000000000,1594130400000000000,1708.0,1719.0,1708.0,1713.0,204211,502792,482510
2020-07-08 09:00:00.000000000,1594170000000000000,1711.0,1734.0,1707.0,1720.0,283877,482510,475106
2020-07-08 10:00:00.000000000,1594173600000000000,1720.0,1730.0,1716.0,1729.0,108455,475106,473635
2020-07-08 11:00:00.000000000,1594177200000000000,1729.0,1731.0,1726.0,1729.0,67623,473635,470359
2020-07-08 13:00:00.000000000,1594184400000000000,1726.0,1731.0,1723.0,1726.0,85885,470359,469364
2020-07-08 14:00:00.000000000,1594188000000000000,1726.0,1727.0,1720.0,1724.0,142985,469364,465722
2020-07-08 21:00:00.000000000,1594213200000000000,1730.0,1733.0,1721.0,1728.0,204486,465722,472371
2020-07-08 22:00:00.000000000,1594216800000000000,1728.0,1729.0,1713.0,1717.0,252575,472371,468942
2020-07-09 09:00:00.000000000,1594256400000000000,1722.0,1729.0,1714.0,1717.0,205934,468942,471904
2020-07-09 10:00:00.000000000,1594260000000000000,1717.0,1722.0,1714.0,1719.0,61836,471904,470923
2020-07-09 11:00:00.000000000,1594263600000000000,1719.0,1719.0,1714.0,1715.0,52557,470923,473161
2020-07-09 13:00:00.000000000,1594270800000000000,1717.0,1721.0,1714.0,1719.0,78018,473161,471323
2020-07-09 14:00:00.000000000,1594274400000000000,1719.0,1720.0,1708.0,1719.0,171028,471323,469552
2020-07-09 21:00:00.000000000,1594299600000000000,1719.0,1728.0,1712.0,1715.0,235695,469552,471107
2020-07-09 22:00:00.000000000,1594303200000000000,1715.0,1717.0,1659.0,1666.0,613010,471107,501819
2020-07-10 09:00:00.000000000,1594342800000000000,1673.0,1681.0,1669.0,1673.0,245305,501819,507159
2020-07-10 10:00:00.000000000,1594346400000000000,1673.0,1673.0,1663.0,1670.0,113614,507159,518850
2020-07-10 11:00:00.000000000,1594350000000000000,1670.0,1675.0,1666.0,1669.0,65479,518850,521189
2020-07-10 13:00:00.000000000,1594357200000000000,1663.0,1671.0,1647.0,1670.0,225112,521189,515724
2020-07-10 14:00:00.000000000,1594360800000000000,1670.0,1674.0,1665.0,1670.0,171864,515724,507215
2020-07-10 21:00:00.000000000,1594386000000000000,1680.0,1698.0,1678.0,1696.0,374758,507215,486968
2020-07-10 22:00:00.000000000,1594389600000000000,1696.0,1699.0,1692.0,1699.0,237660,486968,463979
2020-07-13 09:00:00.000000000,1594602000000000000,1697.0,1710.0,1691.0,1705.0,292956,463979,450975
2020-07-13 10:00:00.000000000,1594605600000000000,1705.0,1728.0,1704.0,1726.0,237999,450975,443587
2020-07-13 11:00:00.000000000,1594609200000000000,1726.0,1727.0,1720.0,1723.0,96622,443587,436372
2020-07-13 13:00:00.000000000,1594616400000000000,1724.0,1730.0,1722.0,1729.0,87027,436372,437039
2020-07-13 14:00:00.000000000,1594620000000000000,1729.0,1736.0,1720.0,1724.0,180343,437039,423829
2020-07-13 21:00:00.000000000,1594645200000000000,1721.0,1746.0,1716.0,1726.0,359915,423829,432348
2020-07-13 22:00:00.000000000,1594648800000000000,1726.0,1732.0,1721.0,1732.0,139483,432348,421482
2020-07-14 09:00:00.000000000,1594688400000000000,1712.0,1715.0,1678.0,1681.0,459607,421482,426822
2020-07-14 10:00:00.000000000,1594692000000000000,1681.0,1684.0,1671.0,1678.0,170624,426822,438360
2020-07-14 11:00:00.000000000,1594695600000000000,1678.0,1688.0,1677.0,1682.0,72158,438360,435406
2020-07-14 13:00:00.000000000,1594702800000000000,1684.0,1687.0,1677.0,1682.0,85727,435406,443526
2020-07-14 14:00:00.000000000,1594706400000000000,1682.0,1698.0,1680.0,1694.0,192393,443526,433143
2020-07-14 21:00:00.000000000,1594731600000000000,1684.0,1719.0,1683.0,1716.0,553778,433143,432691
2020-07-14 22:00:00.000000000,1594735200000000000,1716.0,1724.0,1712.0,1719.0,322891,432691,417972
2020-07-15 09:00:00.000000000,1594774800000000000,1720.0,1738.0,1719.0,1726.0,293118,417972,423914
2020-07-15 10:00:00.000000000,1594778400000000000,1726.0,1730.0,1720.0,1723.0,92251,423914,421800
2020-07-15 11:00:00.000000000,1594782000000000000,1723.0,1727.0,1716.0,1722.0,68623,421800,418618
2020-07-15 13:00:00.000000000,1594789200000000000,1722.0,1729.0,1722.0,1723.0,63803,418618,419964
2020-07-15 14:00:00.000000000,1594792800000000000,1723.0,1727.0,1720.0,1725.0,130428,419964,411914
2020-07-15 21:00:00.000000000,1594818000000000000,1740.0,1743.0,1712.0,1714.0,418870,411914,427315
2020-07-15 22:00:00.000000000,1594821600000000000,1714.0,1730.0,1702.0,1725.0,385822,427315,413252
2020-07-16 09:00:00.000000000,1594861200000000000,1728.0,1742.0,1724.0,1730.0,311226,413252,418649
2020-07-16 10:00:00.000000000,1594864800000000000,1730.0,1736.0,1711.0,1720.0,197880,418649,417604
2020-07-16 11:00:00.000000000,1594868400000000000,1720.0,1721.0,1714.0,1718.0,51950,417604,418325
2020-07-16 13:00:00.000000000,1594875600000000000,1715.0,1719.0,1702.0,1716.0,163506,418325,416092
2020-07-16 14:00:00.000000000,1594879200000000000,1716.0,1720.0,1707.0,1714.0,215429,416092,406238
2020-07-16 21:00:00.000000000,1594904400000000000,1715.0,1724.0,1703.0,1717.0,294628,406238,416996
2020-07-16 22:00:00.000000000,1594908000000000000,1717.0,1727.0,1714.0,1723.0,217117,416996,413228
2020-07-17 09:00:00.000000000,1594947600000000000,1717.0,1725.0,1709.0,1724.0,228644,413228,410492
2020-07-17 10:00:00.000000000,1594951200000000000,1724.0,1768.0,1722.0,1751.0,473845,410492,462650
2020-07-17 11:00:00.000000000,1594954800000000000,1751.0,1752.0,1724.0,1729.0,289569,462650,430130
2020-07-17 13:00:00.000000000,1594962000000000000,1728.0,1729.0,1720.0,1728.0,129800,430130,426011
2020-07-17 14:00:00.000000000,1594965600000000000,1728.0,1738.0,1727.0,1730.0,196378,426011,417209
2020-07-17 21:00:00.000000000,1594990800000000000,1724.0,1744.0,1722.0,1732.0,360507,417209,428782
2020-07-17 22:00:00.000000000,1594994400000000000,1732.0,1735.0,1696.0,1711.0,419270,428782,416365
2020-07-20 09:00:00.000000000,1595206800000000000,1711.0,1719.0,1692.0,1696.0,392199,416365,431065
2020-07-20 10:00:00.000000000,1595210400000000000,1696.0,1703.0,1693.0,1697.0,120048,431065,437406
2020-07-20 11:00:00.000000000,1595214000000000000,1697.0,1704.0,1693.0,1697.0,100417,437406,439165
2020-07-20 13:00:00.000000000,1595221200000000000,1698.0,1701.0,1693.0,1695.0,91064,439165,446159
2020-07-20 14:00:00.000000000,1595224800000000000,1695.0,1702.0,1690.0,1698.0,217731,446159,442516
2020-07-20 21:00:00.000000000,1595250000000000000,1702.0,1709.0,1684.0,1686.0,307950,442516,453610
2020-07-20 22:00:00.000000000,1595253600000000000,1686.0,1707.0,1682.0,1704.0,294821,453610,427753
2020-07-21 09:00:00.000000000,1595293200000000000,1712.0,1732.0,1712.0,1722.0,311251,427753,413955
2020-07-21 10:00:00.000000000,1595296800000000000,1722.0,1727.0,1716.0,1717.0,103516,413955,409607
2020-07-21 11:00:00.000000000,1595300400000000000,1717.0,1719.0,1709.0,1711.0,77760,409607,407432
2020-07-21 13:00:00.000000000,1595307600000000000,1715.0,1719.0,1714.0,1716.0,77005,407432,407918
2020-07-21 14:00:00.000000000,1595311200000000000,1716.0,1722.0,1715.0,1719.0,185693,407918,399786
2020-07-21 21:00:00.000000000,1595336400000000000,1742.0,1759.0,1733.0,1744.0,509059,399786,423595
2020-07-21 22:00:00.000000000,1595340000000000000,1744.0,1747.0,1735.0,1737.0,225265,423595,412760
2020-07-22 09:00:00.000000000,1595379600000000000,1728.0,1734.0,1722.0,1732.0,247553,412760,413624
2020-07-22 10:00:00.000000000,1595383200000000000,1732.0,1738.0,1728.0,1735.0,94153,413624,413422
2020-07-22 11:00:00.000000000,1595386800000000000,1735.0,1747.0,1733.0,1745.0,100043,413422,416479
2020-07-22 13:00:00.000000000,1595394000000000000,1741.0,1742.0,1732.0,1739.0,115351,416479,408635
2020-07-22 14:00:00.000000000,1595397600000000000,1739.0,1745.0,1730.0,1736.0,198383,408635,403638
2020-07-22 21:00:00.000000000,1595422800000000000,1724.0,1737.0,1714.0,1734.0,322733,403638,414116
2020-07-22 22:00:00.000000000,1595426400000000000,1734.0,1741.0,1726.0,1729.0,264886,414116,403239
2020-07-23 09:00:00.000000000,1595466000000000000,1739.0,1748.0,1731.0,1738.0,243370,403239,410786
2020-07-23 10:00:00.000000000,1595469600000000000,1738.0,1743.0,1723.0,1728.0,191569,410786,410346
2020-07-23 11:00:00.000000000,1595473200000000000,1728.0,1732.0,1724.0,1730.0,58988,410346,409988
2020-07-23 13:00:00.000000000,1595480400000000000,1734.0,1738.0,1730.0,1736.0,73618,409988,408898
2020-07-23 14:00:00.000000000,1595484000000000000,1736.0,1746.0,1735.0,1745.0,193681,408898,406436
2020-07-23 21:00:00.000000000,1595509200000000000,1728.0,1743.0,1723.0,1739.0,325323,406436,416980
2020-07-23 22:00:00.000000000,1595512800000000000,1739.0,1740.0,1727.0,1732.0,215930,416980,406886
2020-07-24 09:00:00.000000000,1595552400000000000,1724.0,1730.0,1707.0,1715.0,323646,406886,424647
2020-07-24 10:00:00.000000000,1595556000000000000,1715.0,1717.0,1711.0,1714.0,91317,424647,425005
2020-07-24 11:00:00.000000000,1595559600000000000,1714.0,1714.0,1705.0,1706.0,100531,425005,428177
2020-07-24 13:00:00.000000000,1595566800000000000,1705.0,1705.0,1688.0,1688.0,205210,428177,446408
2020-07-24 14:00:00.000000000,1595570400000000000,1688.0,1706.0,1680.0,1696.0,323492,446408,443319
2020-07-24 21:00:00.000000000,1595595600000000000,1706.0,1710.0,1692.0,1700.0,263199,443319,443489
2020-07-24 22:00:00.000000000,1595599200000000000,1700.0,1706.0,1697.0,1700.0,163908,443489,430532
2020-07-27 09:00:00.000000000,1595811600000000000,1703.0,1711.0,1696.0,1697.0,193214,430532,434164
2020-07-27 10:00:00.000000000,1595815200000000000,1697.0,1702.0,1693.0,1697.0,93057,434164,434033
2020-07-27 11:00:00.000000000,1595818800000000000,1697.0,1702.0,1694.0,1696.0,55576,434033,433376
2020-07-27 13:00:00.000000000,1595826000000000000,1698.0,1700.0,1688.0,1689.0,76238,433376,440556
2020-07-27 14:00:00.000000000,1595829600000000000,1689.0,1695.0,1682.0,1689.0,161922,440556,444040
2020-07-27 21:00:00.000000000,1595854800000000000,1697.0,1703.0,1671.0,1678.0,311672,444040,469974
2020-07-27 22:00:00.000000000,1595858400000000000,1678.0,1692.0,1671.0,1689.0,247733,469974,447579
2020-07-28 09:00:00.000000000,1595898000000000000,1708.0,1714.0,1697.0,1703.0,292230,447579,417062
2020-07-28 10:00:00.000000000,1595901600000000000,1703.0,1707.0,1695.0,1704.0,100306,417062,417853
2020-07-28 11:00:00.000000000,1595905200000000000,1704.0,1706.0,1691.0,1696.0,98136,417853,418316
2020-07-28 13:00:00.000000000,1595912400000000000,1694.0,1694.0,1678.0,1685.0,132134,418316,433642
2020-07-28 14:00:00.000000000,1595916000000000000,1685.0,1688.0,1678.0,1687.0,137426,433642,434689
2020-07-28 21:00:00.000000000,1595941200000000000,1684.0,1690.0,1676.0,1683.0,210221,434689,439024
2020-07-28 22:00:00.000000000,1595944800000000000,1683.0,1695.0,1681.0,1686.0,148437,439024,428615
2020-07-29 09:00:00.000000000,1595984400000000000,1689.0,1692.0,1680.0,1683.0,148407,428615,435933
2020-07-29 10:00:00.000000000,1595988000000000000,1683.0,1695.0,1683.0,1694.0,98326,435933,424721
2020-07-29 11:00:00.000000000,1595991600000000000,1694.0,1701.0,1694.0,1699.0,118708,424721,412334
2020-07-29 13:00:00.000000000,1595998800000000000,1697.0,1704.0,1694.0,1702.0,80970,412334,408051
2020-07-29 14:00:00.000000000,1596002400000000000,1702.0,1709.0,1698.0,1703.0,177596,408051,390751
2020-07-29 21:00:00.000000000,1596027600000000000,1706.0,1711.0,1700.0,1704.0,200074,390751,388428
2020-07-29 22:00:00.000000000,1596031200000000000,1704.0,1706.0,1696.0,1700.0,177157,388428,385086
2020-07-30 09:00:00.000000000,1596070800000000000,1701.0,1703.0,1684.0,1687.0,224812,385086,409153
2020-07-30 10:00:00.000000000,1596074400000000000,1687.0,1691.0,1685.0,1687.0,97410,409153,409065
2020-07-30 11:00:00.000000000,1596078000000000000,1687.0,1693.0,1686.0,1690.0,51930,409065,404460
2020-07-30 13:00:00.000000000,1596085200000000000,1689.0,1694.0,1687.0,1688.0,69212,404460,400008
2020-07-30 14:00:00.000000000,1596088800000000000,1688.0,1690.0,1675.0,1684.0,211121,400008,416393
2020-07-30 21:00:00.000000000,1596114000000000000,1672.0,1679.0,1660.0,1660.0,309380,416393,428015
2020-07-30 22:00:00.000000000,1596117600000000000,1660.0,1660.0,1623.0,1650.0,607034,428015,440056
2020-07-31 09:00:00.000000000,1596157200000000000,1667.0,1672.0,1658.0,1666.0,246412,440056,419797
2020-07-31 10:00:00.000000000,1596160800000000000,1666.0,1667.0,1654.0,1656.0,133788,419797,419904
2020-07-31 11:00:00.000000000,1596164400000000000,1656.0,1659.0,1651.0,1658.0,69136,419904,419995
2020-07-31 13:00:00.000000000,1596171600000000000,1657.0,1661.0,1655.0,1657.0,69121,419995,417748
2020-07-31 14:00:00.000000000,1596175200000000000,1657.0,1666.0,1649.0,1664.0,181721,417748,396457
2020-07-31 21:00:00.000000000,1596200400000000000,1665.0,1668.0,1652.0,1659.0,192046,396457,395244
2020-07-31 22:00:00.000000000,1596204000000000000,1659.0,1660.0,1650.0,1654.0,158044,395244,385567
2020-08-03 09:00:00.000000000,1596416400000000000,1654.0,1657.0,1627.0,1643.0,202508,385567,392432
2020-08-03 10:00:00.000000000,1596420000000000000,1643.0,1643.0,1634.0,1636.0,73859,392432,394612
2020-08-03 11:00:00.000000000,1596423600000000000,1636.0,1637.0,1628.0,1636.0,52745,394612,397479
2020-08-03 13:00:00.000000000,1596430800000000000,1636.0,1643.0,1636.0,1640.0,44846,397479,393203
2020-08-03 14:00:00.000000000,1596434400000000000,1640.0,1641.0,1631.0,1639.0,104519,393203,385531
2020-08-03 21:00:00.000000000,1596459600000000000,1648.0,1666.0,1647.0,1653.0,235600,385531,376225
2020-08-03 22:00:00.000000000,1596463200000000000,1653.0,1660.0,1652.0,1660.0,113609,376225,367486
2020-08-04 09:00:00.000000000,1596502800000000000,1654.0,1662.0,1653.0,1653.0,88376,367486,366622
2020-08-04 10:00:00.000000000,1596506400000000000,1653.0,1655.0,1651.0,1652.0,35989,366622,365969
2020-08-04 11:00:00.000000000,1596510000000000000,1652.0,1653.0,1642.0,1647.0,53147,365969,369408
2020-08-04 13:00:00.000000000,1596517200000000000,1648.0,1650.0,1643.0,1644.0,44150,369408,372102
2020-08-04 14:00:00.000000000,1596520800000000000,1644.0,1652.0,1642.0,1652.0,92835,372102,365710
2020-08-04 21:00:00.000000000,1596546000000000000,1641.0,1648.0,1633.0,1646.0,181459,365710,376736
2020-08-04 22:00:00.000000000,1596549600000000000,1646.0,1655.0,1645.0,1649.0,112743,376736,367016
2020-08-05 09:00:00.000000000,1596589200000000000,1654.0,1669.0,1650.0,1663.0,167341,367016,354316
2020-08-05 10:00:00.000000000,1596592800000000000,1663.0,1666.0,1655.0,1664.0,77064,354316,349337
2020-08-05 11:00:00.000000000,1596596400000000000,1664.0,1665.0,1661.0,1662.0,33445,349337,346266
2020-08-05 13:00:00.000000000,1596603600000000000,1660.0,1662.0,1652.0,1652.0,48448,346266,345387
2020-08-05 14:00:00.000000000,1596607200000000000,1652.0,1659.0,1650.0,1656.0,88459,345387,340372
2020-08-05 21:00:00.000000000,1596632400000000000,1680.0,1691.0,1676.0,1685.0,267993,340372,326389
2020-08-05 22:00:00.000000000,1596636000000000000,1685.0,1686.0,1669.0,1671.0,137323,326389,319371
2020-08-06 09:00:00.000000000,1596675600000000000,1659.0,1664.0,1648.0,1652.0,165795,319371,326179
2020-08-06 10:00:00.000000000,1596679200000000000,1652.0,1652.0,1639.0,1639.0,89735,326179,331838
2020-08-06 11:00:00.000000000,1596682800000000000,1639.0,1647.0,1638.0,1643.0,39559,331838,330762
2020-08-06 13:00:00.000000000,1596690000000000000,1645.0,1659.0,1644.0,1656.0,76836,330762,326811
2020-08-06 14:00:00.000000000,1596693600000000000,1656.0,1660.0,1649.0,1659.0,108058,326811,316296
2020-08-06 21:00:00.000000000,1596718800000000000,1660.0,1669.0,1658.0,1663.0,128651,316296,318209
2020-08-06 22:00:00.000000000,1596722400000000000,1663.0,1665.0,1656.0,1659.0,85222,318209,312300
2020-08-07 09:00:00.000000000,1596762000000000000,1660.0,1670.0,1659.0,1664.0,108882,312300,305235
2020-08-07 10:00:00.000000000,1596765600000000000,1664.0,1665.0,1651.0,1654.0,64710,305235,305191
2020-08-07 11:00:00.000000000,1596769200000000000,1654.0,1655.0,1648.0,1649.0,21673,305191,305053
2020-08-07 13:00:00.000000000,1596776400000000000,1644.0,1652.0,1636.0,1650.0,69691,305053,309964
2020-08-07 14:00:00.000000000,1596780000000000000,1650.0,1657.0,1644.0,1647.0,86877,309964,307052
2020-08-07 21:00:00.000000000,1596805200000000000,1652.0,1654.0,1627.0,1637.0,142920,307052,313864
2020-08-07 22:00:00.000000000,1596808800000000000,1637.0,1644.0,1632.0,1643.0,69395,313864,309697
2020-08-10 09:00:00.000000000,1597021200000000000,1649.0,1661.0,1645.0,1649.0,139136,309697,300518
2020-08-10 10:00:00.000000000,1597024800000000000,1649.0,1659.0,1643.0,1658.0,70575,300518,297011
2020-08-10 11:00:00.000000000,1597028400000000000,1658.0,1658.0,1655.0,1657.0,22902,297011,294125
2020-08-10 13:00:00.000000000,1597035600000000000,1658.0,1664.0,1658.0,1659.0,44474,294125,292276
2020-08-10 14:00:00.000000000,1597039200000000000,1659.0,1661.0,1656.0,1659.0,61724,292276,282285
2020-08-10 21:00:00.000000000,1597064400000000000,1901.0,1913.0,1898.0,1906.0,146745,282285,368129
2020-08-10 22:00:00.000000000,1597068000000000000,1906.0,1909.0,1900.0,1901.0,65642,368129,369352
2020-08-11 09:00:00.000000000,1597107600000000000,1906.0,1915.0,1896.0,1907.0,132689,369352,366768
2020-08-11 10:00:00.000000000,1597111200000000000,1907.0,1910.0,1892.0,1899.0,88822,366768,369096
2020-08-11 11:00:00.000000000,1597114800000000000,1899.0,1901.0,1896.0,1899.0,24498,369096,369183
2020-08-11 13:00:00.000000000,1597122000000000000,1899.0,1902.0,1892.0,1895.0,48247,369183,370750
2020-08-11 14:00:00.000000000,1597125600000000000,1895.0,1902.0,1881.0,1886.0,167814,370750,371396
2020-08-11 21:00:00.000000000,1597150800000000000,1898.0,1907.0,1889.0,1900.0,226233,371396,373112
2020-08-11 22:00:00.000000000,1597154400000000000,1900.0,1905.0,1891.0,1905.0,129161,373112,369716
2020-08-12 09:00:00.000000000,1597194000000000000,1889.0,1895.0,1876.0,1887.0,225700,369716,378852
2020-08-12 10:00:00.000000000,1597197600000000000,1887.0,1887.0,1854.0,1858.0,212610,378852,420147
2020-08-12 11:00:00.000000000,1597201200000000000,1858.0,1858.0,1830.0,1841.0,219038,420147,447964
2020-08-12 13:00:00.000000000,1597208400000000000,1843.0,1861.0,1835.0,1859.0,115747,447964,438458
2020-08-12 14:00:00.000000000,1597212000000000000,1859.0,1903.0,1858.0,1895.0,347478,438458,394470
2020-08-12 21:00:00.000000000,1597237200000000000,1903.0,1908.0,1886.0,1889.0,218309,394470,400913
2020-08-12 22:00:00.000000000,1597240800000000000,1889.0,1896.0,1887.0,1893.0,108353,400913,394135
2020-08-13 09:00:00.000000000,1597280400000000000,1891.0,1893.0,1881.0,1889.0,117102,394135,396109
2020-08-13 10:00:00.000000000,1597284000000000000,1889.0,1892.0,1884.0,1887.0,45124,396109,395638
2020-08-13 11:00:00.000000000,1597287600000000000,1887.0,1890.0,1884.0,1886.0,36544,395638,395185
2020-08-13 13:00:00.000000000,1597294800000000000,1886.0,1890.0,1880.0,1884.0,72873,395185,397371
2020-08-13 14:00:00.000000000,1597298400000000000,1884.0,1888.0,1877.0,1882.0,135363,397371,399075
2020-08-13 21:00:00.000000000,1597323600000000000,1883.0,1890.0,1868.0,1878.0,234251,399075,410279
2020-08-13 22:00:00.000000000,1597327200000000000,1878.0,1878.0,1862.0,1865.0,144292,410279,421021
2020-08-14 09:00:00.000000000,1597366800000000000,1865.0,1870.0,1853.0,1868.0,167616,421021,436602
2020-08-14 10:00:00.000000000,1597370400000000000,1868.0,1884.0,1867.0,1877.0,155805,436602,414278
2020-08-14 11:00:00.000000000,1597374000000000000,1877.0,1883.0,1874.0,1879.0,53327,414278,410648
2020-08-14 13:00:00.000000000,1597381200000000000,1881.0,1896.0,1878.0,1894.0,120041,410648,405633
2020-08-14 14:00:00.000000000,1597384800000000000,1894.0,1905.0,1892.0,1893.0,198632,405633,390595
2020-08-14 21:00:00.000000000,1597410000000000000,1895.0,1897.0,1880.0,1886.0,166536,390595,390531
2020-08-14 22:00:00.000000000,1597413600000000000,1886.0,1887.0,1879.0,1887.0,102931,390531,382282
2020-08-17 09:00:00.000000000,1597626000000000000,1889.0,1893.0,1871.0,1878.0,188567,382282,394604
2020-08-17 10:00:00.000000000,1597629600000000000,1878.0,1880.0,1871.0,1876.0,78051,394604,401169
2020-08-17 11:00:00.000000000,1597633200000000000,1876.0,1877.0,1870.0,1876.0,44865,401169,405881
2020-08-17 13:00:00.000000000,1597640400000000000,1878.0,1883.0,1875.0,1880.0,68910,405881,410307
2020-08-17 14:00:00.000000000,1597644000000000000,1880.0,1881.0,1870.0,1875.0,110335,410307,418684
2020-08-17 21:00:00.000000000,1597669200000000000,1865.0,1887.0,1860.0,1882.0,288383,418684,420812
2020-08-17 22:00:00.000000000,1597672800000000000,1882.0,1889.0,1882.0,1886.0,182909,420812,411003
2020-08-18 09:00:00.000000000,1597712400000000000,1890.0,1899.0,1888.0,1892.0,164638,411003,404647
2020-08-18 10:00:00.000000000,1597716000000000000,1892.0,1895.0,1883.0,1886.0,114219,404647,401082
2020-08-18 11:00:00.000000000,1597719600000000000,1886.0,1893.0,1886.0,1892.0,52900,401082,396249
2020-08-18 13:00:00.000000000,1597726800000000000,1893.0,1897.0,1891.0,1896.0,60772,396249,396550
2020-08-18 14:00:00.000000000,1597730400000000000,1896.0,1906.0,1888.0,1889.0,194270,396550,383696
2020-08-18 21:00:00.000000000,1597755600000000000,1893.0,1897.0,1880.0,1884.0,372024,383696,388680
2020-08-18 22:00:00.000000000,1597759200000000000,1884.0,1886.0,1872.0,1879.0,210038,388680,393978
2020-08-19 09:00:00.000000000,1597798800000000000,1881.0,1886.0,1874.0,1875.0,172894,393978,408859
2020-08-19 10:00:00.000000000,1597802400000000000,1875.0,1881.0,1874.0,1876.0,61519,408859,414470
2020-08-19 11:00:00.000000000,1597806000000000000,1876.0,1877.0,1874.0,1876.0,42202,414470,419739
2020-08-19 13:00:00.000000000,1597813200000000000,1875.0,1885.0,1873.0,1884.0,100394,419739,411796
2020-08-19 14:00:00.000000000,1597816800000000000,1884.0,1886.0,1880.0,1886.0,126409,411796,397238
2020-08-19 21:00:00.000000000,1597842000000000000,1885.0,1902.0,1881.0,1890.0,278237,397238,397730
2020-08-19 22:00:00.000000000,1597845600000000000,1890.0,1892.0,1880.0,1887.0,166737,397730,389896
2020-08-20 09:00:00.000000000,1597885200000000000,1886.0,1897.0,1872.0,1894.0,280072,389896,387569
2020-08-20 10:00:00.000000000,1597888800000000000,1894.0,1912.0,1891.0,1905.0,244867,387569,390082
2020-08-20 11:00:00.000000000,1597892400000000000,1905.0,1920.0,1904.0,1919.0,113802,390082,400909
2020-08-20 13:00:00.000000000,1597899600000000000,1918.0,1922.0,1908.0,1917.0,109930,400909,400158
2020-08-20 14:00:00.000000000,1597903200000000000,1917.0,1945.0,1912.0,1939.0,235623,400158,405185
2020-08-20 21:00:00.000000000,1597928400000000000,1937.0,1940.0,1911.0,1916.0,310653,405185,391046
2020-08-20 22:00:00.000000000,1597932000000000000,1916.0,1936.0,1914.0,1934.0,182000,391046,387912
2020-08-21 09:00:00.000000000,1597971600000000000,1935.0,1982.0,1935.0,1972.0,445260,387912,428660
2020-08-21 10:00:00.000000000,1597975200000000000,1972.0,1980.0,1965.0,1976.0,157537,428660,439950
2020-08-21 11:00:00.000000000,1597978800000000000,1976.0,1985.0,1970.0,1978.0,90044,439950,447688
2020-08-21 13:00:00.000000000,1597986000000000000,1978.0,1983.0,1972.0,1975.0,92250,447688,448494
2020-08-21 14:00:00.000000000,1597989600000000000,1975.0,1978.0,1964.0,1968.0,193168,448494,426828
2020-08-21 21:00:00.000000000,1598014800000000000,1959.0,1964.0,1934.0,1962.0,332015,426828,412010
2020-08-21 22:00:00.000000000,1598018400000000000,1962.0,2022.0,1958.0,2011.0,686672,412010,469165
2020-08-24 09:00:00.000000000,1598230800000000000,2016.0,2025.0,1964.0,1965.0,563912,469165,441729
2020-08-24 10:00:00.000000000,1598234400000000000,1965.0,1978.0,1959.0,1968.0,149808,441729,437550
2020-08-24 11:00:00.000000000,1598238000000000000,1968.0,1970.0,1955.0,1956.0,100829,437550,434740
2020-08-24 13:00:00.000000000,1598245200000000000,1956.0,1966.0,1945.0,1963.0,150785,434740,434591
2020-08-24 14:00:00.000000000,1598248800000000000,1963.0,1968.0,1955.0,1966.0,148732,434591,424142
2020-08-24 21:00:00.000000000,1598274000000000000,1971.0,1983.0,1962.0,1965.0,306424,424142,440837
2020-08-24 22:00:00.000000000,1598277600000000000,1965.0,1979.0,1964.0,1969.0,148278,440837,430606
2020-08-25 09:00:00.000000000,1598317200000000000,1971.0,1982.0,1969.0,1975.0,152445,430606,431073
2020-08-25 10:00:00.000000000,1598320800000000000,1975.0,1977.0,1968.0,1972.0,65006,431073,432893
2020-08-25 11:00:00.000000000,1598324400000000000,1972.0,1976.0,1971.0,1975.0,32894,432893,431201
2020-08-25 13:00:00.000000000,1598331600000000000,1974.0,1975.0,1964.0,1972.0,65264,431201,426557
2020-08-25 14:00:00.000000000,1598335200000000000,1972.0,2034.0,1972.0,2030.0,760106,426557,489183
2020-08-25 21:00:00.000000000,1598360400000000000,2028.0,2056.0,2023.0,2038.0,690970,489183,524543
2020-08-25 22:00:00.000000000,1598364000000000000,2038.0,2039.0,2011.0,2022.0,400408,524543,492933
2020-08-26 09:00:00.000000000,1598403600000000000,2025.0,2029.0,2014.0,2018.0,221329,492933,500699
2020-08-26 10:00:00.000000000,1598407200000000000,2018.0,2039.0,2013.0,2038.0,159212,500699,510203
2020-08-26 11:00:00.000000000,1598410800000000000,2038.0,2038.0,2019.0,2023.0,118613,510203,506978
2020-08-26 13:00:00.000000000,1598418000000000000,2023.0,2034.0,2017.0,2033.0,117362,506978,510735
2020-08-26 14:00:00.000000000,1598421600000000000,2033.0,2045.0,2029.0,2036.0,334493,510735,511389
2020-08-26 21:00:00.000000000,1598446800000000000,2028.0,2046.0,2023.0,2027.0,413771,511389,515744
2020-08-26 22:00:00.000000000,1598450400000000000,2027.0,2033.0,2018.0,2021.0,218296,515744,514815
2020-08-27 09:00:00.000000000,1598490000000000000,2020.0,2031.0,2013.0,2021.0,248349,514815,515626
2020-08-27 10:00:00.000000000,1598493600000000000,2021.0,2023.0,2009.0,2018.0,134879,515626,515847
2020-08-27 11:00:00.000000000,1598497200000000000,2018.0,2025.0,2018.0,2021.0,85936,515847,514941
2020-08-27 13:00:00.000000000,1598504400000000000,2023.0,2025.0,2012.0,2014.0,74188,514941,517795
2020-08-27 14:00:00.000000000,1598508000000000000,2014.0,2020.0,2008.0,2019.0,171372,517795,512381
2020-08-27 21:00:00.000000000,1598533200000000000,2019.0,2030.0,1985.0,1999.0,572003,512381,513212
2020-08-27 22:00:00.000000000,1598536800000000000,1999.0,2012.0,1991.0,2009.0,240335,513212,496309
2020-08-28 09:00:00.000000000,1598576400000000000,2010.0,2018.0,1998.0,2010.0,213962,496309,499976
2020-08-28 10:00:00.000000000,1598580000000000000,2010.0,2016.0,2008.0,2015.0,83616,499976,498546
2020-08-28 11:00:00.000000000,1598583600000000000,2015.0,2023.0,2014.0,2017.0,83340,498546,497915
2020-08-28 13:00:00.000000000,1598590800000000000,2018.0,2019.0,2001.0,2004.0,113039,497915,497132
2020-08-28 14:00:00.000000000,1598594400000000000,2004.0,2020.0,1999.0,2010.0,270071,497132,492845
2020-08-28 21:00:00.000000000,1598619600000000000,2013.0,2029.0,1998.0,2003.0,394088,492845,516400
2020-08-28 22:00:00.000000000,1598623200000000000,2003.0,2007.0,1995.0,2000.0,195168,516400,512518
2020-08-31 09:00:00.000000000,1598835600000000000,2004.0,2022.0,2004.0,2016.0,267112,512518,512906
2020-08-31 10:00:00.000000000,1598839200000000000,2016.0,2023.0,2015.0,2023.0,95968,512906,519523
2020-08-31 11:00:00.000000000,1598842800000000000,2023.0,2037.0,2015.0,2016.0,196994,519523,516062
2020-08-31 13:00:00.000000000,1598850000000000000,2016.0,2016.0,2005.0,2010.0,148343,516062,526967
2020-08-31 14:00:00.000000000,1598853600000000000,2010.0,2014.0,2003.0,2011.0,199040,526967,525278
2020-08-31 21:00:00.000000000,1598878800000000000,2009.0,2014.0,1996.0,2002.0,284296,525278,552931
2020-08-31 22:00:00.000000000,1598882400000000000,2002.0,2005.0,1999.0,2001.0,133519,552931,551433
2020-09-01 09:00:00.000000000,1598922000000000000,1997.0,2005.0,1972.0,2003.0,409497,551433,549658
2020-09-01 10:00:00.000000000,1598925600000000000,2003.0,2011.0,1998.0,2010.0,153142,549658,547443
2020-09-01 11:00:00.000000000,1598929200000000000,2010.0,2014.0,2006.0,2009.0,108183,547443,544677
2020-09-01 13:00:00.000000000,1598936400000000000,2011.0,2022.0,2007.0,2017.0,134199,544677,543130
2020-09-01 14:00:00.000000000,1598940000000000000,2017.0,2019.0,2005.0,2011.0,178868,543130,531170
2020-09-01 21:00:00.000000000,1598965200000000000,2014.0,2025.0,2007.0,2020.0,313518,531170,542855
2020-09-01 22:00:00.000000000,1598968800000000000,2020.0,2021.0,2014.0,2020.0,125941,542855,538097
2020-09-02 09:00:00.000000000,1599008400000000000,2019.0,2046.0,2018.0,2021.0,452118,538097,546928
2020-09-02 10:00:00.000000000,1599012000000000000,2021.0,2022.0,2009.0,2010.0,244355,546928,547736
2020-09-02 11:00:00.000000000,1599015600000000000,2010.0,2015.0,2008.0,2013.0,98356,547736,547756
2020-09-02 13:00:00.000000000,1599022800000000000,2014.0,2020.0,2012.0,2014.0,76751,547756,551305
2020-09-02 14:00:00.000000000,1599026400000000000,2014.0,2019.0,2005.0,2014.0,192984,551305,541873
2020-09-02 21:00:00.000000000,1599051600000000000,2013.0,2019.0,2006.0,2009.0,230828,541873,547464
2020-09-02 22:00:00.000000000,1599055200000000000,2009.0,2023.0,1996.0,2006.0,421877,547464,541162
2020-09-03 09:00:00.000000000,1599094800000000000,2001.0,2006.0,1988.0,1998.0,383926,541162,578737
2020-09-03 10:00:00.000000000,1599098400000000000,1998.0,1999.0,1981.0,1990.0,192093,578737,587535
2020-09-03 11:00:00.000000000,1599102000000000000,1990.0,1991.0,1979.0,1987.0,117854,587535,594527
2020-09-03 13:00:00.000000000,1599109200000000000,1985.0,1992.0,1981.0,1990.0,125886,594527,595365
2020-09-03 14:00:00.000000000,1599112800000000000,1990.0,1990.0,1964.0,1966.0,280057,595365,582777
2020-09-03 21:00:00.000000000,1599138000000000000,1955.0,1978.0,1946.0,1972.0,423265,582777,586698
2020-09-03 22:00:00.000000000,1599141600000000000,1972.0,1983.0,1960.0,1961.0,292502,586698,566413
2020-09-04 09:00:00.000000000,1599181200000000000,1967.0,1973.0,1940.0,1960.0,372305,566413,575132
2020-09-04 10:00:00.000000000,1599184800000000000,1960.0,1968.0,1958.0,1968.0,128114,575132,566011
2020-09-04 11:00:00.000000000,1599188400000000000,1968.0,1975.0,1963.0,1973.0,83595,566011,554387
2020-09-04 13:00:00.000000000,1599195600000000000,1974.0,1976.0,1965.0,1971.0,84207,554387,552013
2020-09-04 14:00:00.000000000,1599199200000000000,1971.0,1984.0,1967.0,1973.0,185030,552013,540392
2020-09-04 21:00:00.000000000,1599224400000000000,1979.0,1982.0,1961.0,1966.0,271789,540392,556640
2020-09-04 22:00:00.000000000,1599228000000000000,1966.0,1968.0,1943.0,1949.0,326634,556640,565560
2020-09-07 09:00:00.000000000,1599440400000000000,1928.0,1941.0,1910.0,1939.0,458372,565560,593174
2020-09-07 10:00:00.000000000,1599444000000000000,1939.0,1945.0,1931.0,1943.0,154304,593174,594049
2020-09-07 11:00:00.000000000,1599447600000000000,1943.0,1945.0,1927.0,1932.0,109421,594049,597416
2020-09-07 13:00:00.000000000,1599454800000000000,1932.0,1933.0,1923.0,1926.0,124930,597416,607013
2020-09-07 14:00:00.000000000,1599458400000000000,1926.0,1931.0,1916.0,1918.0,254747,607013,611318
2020-09-07 21:00:00.000000000,1599483600000000000,1921.0,1928.0,1916.0,1917.0,211208,611318,617264
2020-09-07 22:00:00.000000000,1599487200000000000,1917.0,1929.0,1906.0,1923.0,266874,617264,609501
2020-09-08 09:00:00.000000000,1599526800000000000,1921.0,1930.0,1918.0,1919.0,144730,609501,613935
2020-09-08 10:00:00.000000000,1599530400000000000,1919.0,1923.0,1915.0,1917.0,77220,613935,618167
2020-09-08 11:00:00.000000000,1599534000000000000,1917.0,1917.0,1910.0,1914.0,69752,618167,624909
2020-09-08 13:00:00.000000000,1599541200000000000,1914.0,1919.0,1913.0,1918.0,71239,624909,626418
2020-09-08 14:00:00.000000000,1599544800000000000,1918.0,1921.0,1903.0,1912.0,253767,626418,629207
2020-09-08 21:00:00.000000000,1599570000000000000,1867.0,1876.0,1785.0,1816.0,1144359,629207,659403
2020-09-08 22:00:00.000000000,1599573600000000000,1816.0,1838.0,1802.0,1822.0,616396,659403,638742
2020-09-09 09:00:00.000000000,1599613200000000000,1825.0,1831.0,1812.0,1823.0,295672,638742,638705
2020-09-09 10:00:00.000000000,1599616800000000000,1823.0,1824.0,1812.0,1820.0,119671,638705,641556
2020-09-09 11:00:00.000000000,1599620400000000000,1820.0,1820.0,1807.0,1808.0,104638,641556,644150
2020-09-09 13:00:00.000000000,1599627600000000000,1816.0,1824.0,1809.0,1810.0,124649,644150,640424
2020-09-09 14:00:00.000000000,1599631200000000000,1810.0,1817.0,1804.0,1808.0,236860,640424,635460
2020-09-09 21:00:00.000000000,1599656400000000000,1833.0,1837.0,1817.0,1823.0,536419,635460,645897
2020-09-09 22:00:00.000000000,1599660000000000000,1823.0,1825.0,1814.0,1822.0,259471,645897,641295
2020-09-10 09:00:00.000000000,1599699600000000000,1833.0,1834.0,1822.0,1824.0,224670,641295,635605
2020-09-10 10:00:00.000000000,1599703200000000000,1824.0,1831.0,1823.0,1829.0,96629,635605,631518
2020-09-10 11:00:00.000000000,1599706800000000000,1829.0,1832.0,1826.0,1830.0,89424,631518,623747
2020-09-10 13:00:00.000000000,1599714000000000000,1834.0,1842.0,1828.0,1836.0,180679,623747,624948
2020-09-10 14:00:00.000000000,1599717600000000000,1836.0,1836.0,1825.0,1825.0,231280,624948,621424
2020-09-10 21:00:00.000000000,1599742800000000000,1811.0,1835.0,1803.0,1828.0,448885,621424,622135
2020-09-10 22:00:00.000000000,1599746400000000000,1828.0,1834.0,1825.0,1830.0,231189,622135,604854
2020-09-11 09:00:00.000000000,1599786000000000000,1823.0,1837.0,1819.0,1831.0,302055,604854,608123
2020-09-11 10:00:00.000000000,1599789600000000000,1831.0,1831.0,1823.0,1827.0,101486,608123,614458
2020-09-11 11:00:00.000000000,1599793200000000000,1827.0,1829.0,1822.0,1822.0,64825,614458,615578
2020-09-11 13:00:00.000000000,1599800400000000000,1825.0,1835.0,1820.0,1833.0,138292,615578,612672
2020-09-11 14:00:00.000000000,1599804000000000000,1833.0,1834.0,1817.0,1826.0,271172,612672,615036
2020-09-11 21:00:00.000000000,1599829200000000000,1811.0,1828.0,1809.0,1822.0,284567,615036,627428
2020-09-11 22:00:00.000000000,1599832800000000000,1822.0,1830.0,1820.0,1827.0,196846,627428,616569
2020-09-14 09:00:00.000000000,1600045200000000000,1825.0,1838.0,1824.0,1835.0,198494,616569,614027
2020-09-14 10:00:00.000000000,1600048800000000000,1835.0,1847.0,1833.0,1840.0,143749,614027,611126
2020-09-14 11:00:00.000000000,1600052400000000000,1840.0,1849.0,1840.0,1849.0,69926,611126,610547
2020-09-14 13:00:00.000000000,1600059600000000000,1846.0,1849.0,1839.0,1842.0,101002,610547,600194
2020-09-14 14:00:00.000000000,1600063200000000000,1842.0,1852.0,1841.0,1849.0,182253,600194,593557
2020-09-14 21:00:00.000000000,1600088400000000000,1841.0,1854.0,1836.0,1853.0,319686,593557,608216
2020-09-14 22:00:00.000000000,1600092000000000000,1853.0,1857.0,1846.0,1846.0,186102,608216,603370
2020-09-15 09:00:00.000000000,1600131600000000000,1845.0,1846.0,1829.0,1834.0,217267,603370,628958
2020-09-15 10:00:00.000000000,1600135200000000000,1834.0,1841.0,1826.0,1830.0,129558,628958,635662
2020-09-15 11:00:00.000000000,1600138800000000000,1830.0,1837.0,1829.0,1835.0,64911,635662,632844
2020-09-15 13:00:00.000000000,1600146000000000000,1834.0,1837.0,1822.0,1825.0,96785,632844,639936
2020-09-15 14:00:00.000000000,1600149600000000000,1825.0,1832.0,1817.0,1826.0,203260,639936,635556
2020-09-15 21:00:00.000000000,1600174800000000000,1835.0,1843.0,1831.0,1836.0,273194,635556,632464
2020-09-15 22:00:00.000000000,1600178400000000000,1836.0,1836.0,1818.0,1824.0,257773,632464,643425
2020-09-16 09:00:00.000000000,1600218000000000000,1841.0,1864.0,1840.0,1860.0,455449,643425,632818
2020-09-16 10:00:00.000000000,1600221600000000000,1860.0,1873.0,1860.0,1865.0,207990,632818,626189
2020-09-16 11:00:00.000000000,1600225200000000000,1865.0,1871.0,1865.0,1868.0,85363,626189,622940
2020-09-16 13:00:00.000000000,1600232400000000000,1869.0,1872.0,1850.0,1854.0,194232,622940,618136
2020-09-16 14:00:00.000000000,1600236000000000000,1854.0,1868.0,1851.0,1862.0,218979,618136,607102
2020-09-16 21:00:00.000000000,1600261200000000000,1861.0,1873.0,1861.0,1864.0,309934,607102,618388
2020-09-16 22:00:00.000000000,1600264800000000000,1864.0,1876.0,1863.0,1867.0,263720,618388,609230
2020-09-17 09:00:00.000000000,1600304400000000000,1877.0,1884.0,1863.0,1863.0,317613,609230,612595
2020-09-17 10:00:00.000000000,1600308000000000000,1863.0,1864.0,1853.0,1857.0,218028,612595,620670
2020-09-17 11:00:00.000000000,1600311600000000000,1857.0,1857.0,1846.0,1851.0,145924,620670,621092
2020-09-17 13:00:00.000000000,1600318800000000000,1850.0,1857.0,1843.0,1851.0,102666,621092,621610
2020-09-17 14:00:00.000000000,1600322400000000000,1851.0,1852.0,1826.0,1835.0,381382,621610,647231
2020-09-17 21:00:00.000000000,1600347600000000000,1842.0,1846.0,1832.0,1845.0,309353,647231,647980
2020-09-17 22:00:00.000000000,1600351200000000000,1845.0,1864.0,1844.0,1858.0,402129,647980,617694
2020-09-18 09:00:00.000000000,1600390800000000000,1859.0,1876.0,1858.0,1873.0,276775,617694,606266
2020-09-18 10:00:00.000000000,1600394400000000000,1873.0,1879.0,1869.0,1874.0,157288,606266,597274
2020-09-18 11:00:00.000000000,1600398000000000000,1874.0,1880.0,1872.0,1876.0,69982,597274,593116
2020-09-18 13:00:00.000000000,1600405200000000000,1879.0,1884.0,1873.0,1879.0,130326,593116,588523
2020-09-18 14:00:00.000000000,1600408800000000000,1879.0,1899.0,1878.0,1890.0,317008,588523,577537
2020-09-18 21:00:00.000000000,1600434000000000000,1878.0,1888.0,1873.0,1880.0,388976,577537,576454
2020-09-18 22:00:00.000000000,1600437600000000000,1880.0,1882.0,1873.0,1880.0,189734,576454,562926
2020-09-21 09:00:00.000000000,1600650000000000000,1872.0,1879.0,1857.0,1869.0,330881,562926,569581
2020-09-21 10:00:00.000000000,1600653600000000000,1869.0,1879.0,1868.0,1875.0,107520,569581,566699
2020-09-21 11:00:00.000000000,1600657200000000000,1875.0,1876.0,1868.0,1872.0,57981,566699,566191
2020-09-21 13:00:00.000000000,1600664400000000000,1867.0,1871.0,1862.0,1862.0,78414,566191,569363
2020-09-21 14:00:00.000000000,1600668000000000000,1862.0,1865.0,1850.0,1861.0,233787,569363,581741
2020-09-21 21:00:00.000000000,1600693200000000000,1847.0,1856.0,1810.0,1816.0,598727,581741,617909
2020-09-21 22:00:00.000000000,1600696800000000000,1816.0,1817.0,1721.0,1786.0,841763,617909,617970
2020-09-22 09:00:00.000000000,1600736400000000000,1793.0,1814.0,1791.0,1810.0,369146,617970,608241
2020-09-22 10:00:00.000000000,1600740000000000000,1810.0,1815.0,1805.0,1807.0,114288,608241,610063
2020-09-22 11:00:00.000000000,1600743600000000000,1807.0,1813.0,1805.0,1811.0,60119,610063,610503
2020-09-22 13:00:00.000000000,1600750800000000000,1802.0,1812.0,1796.0,1809.0,134527,610503,614159
2020-09-22 14:00:00.000000000,1600754400000000000,1809.0,1818.0,1801.0,1808.0,218017,614159,597961
2020-09-22 21:00:00.000000000,1600779600000000000,1820.0,1825.0,1809.0,1810.0,398457,597961,600571
2020-09-22 22:00:00.000000000,1600783200000000000,1810.0,1815.0,1804.0,1807.0,245206,600571,592204
2020-09-23 09:00:00.000000000,1600822800000000000,1805.0,1808.0,1792.0,1793.0,258579,592204,607755
2020-09-23 10:00:00.000000000,1600826400000000000,1793.0,1798.0,1785.0,1796.0,163060,607755,611965
2020-09-23 11:00:00.000000000,1600830000000000000,1796.0,1796.0,1783.0,1787.0,98614,611965,618004
2020-09-23 13:00:00.000000000,1600837200000000000,1786.0,1792.0,1776.0,1786.0,147701,618004,625495
2020-09-23 14:00:00.000000000,1600840800000000000,1786.0,1800.0,1778.0,1797.0,259870,625495,602572
2020-09-23 21:00:00.000000000,1600866000000000000,1803.0,1808.0,1796.0,1801.0,249607,602572,606232
2020-09-23 22:00:00.000000000,1600869600000000000,1801.0,1813.0,1791.0,1810.0,312861,606232,598274
2020-09-24 09:00:00.000000000,1600909200000000000,1795.0,1800.0,1784.0,1789.0,256704,598274,603772
2020-09-24 10:00:00.000000000,1600912800000000000,1789.0,1793.0,1785.0,1789.0,97389,603772,601809
2020-09-24 11:00:00.000000000,1600916400000000000,1789.0,1795.0,1787.0,1789.0,61900,601809,598369
2020-09-24 13:00:00.000000000,1600923600000000000,1792.0,1807.0,1791.0,1803.0,118397,598369,587175
2020-09-24 14:00:00.000000000,1600927200000000000,1803.0,1806.0,1792.0,1797.0,208054,587175,583506
2020-09-24 21:00:00.000000000,1600952400000000000,1800.0,1805.0,1794.0,1802.0,259424,583506,585068
2020-09-24 22:00:00.000000000,1600956000000000000,1802.0,1822.0,1801.0,1807.0,327509,585068,570877
2020-09-25 09:00:00.000000000,1600995600000000000,1815.0,1829.0,1814.0,1822.0,274627,570877,554715
2020-09-25 10:00:00.000000000,1600999200000000000,1822.0,1827.0,1818.0,1827.0,99963,554715,550983
2020-09-25 11:00:00.000000000,1601002800000000000,1827.0,1835.0,1827.0,1831.0,103094,550983,543971
2020-09-25 13:00:00.000000000,1601010000000000000,1827.0,1830.0,1823.0,1825.0,82961,543971,536884
2020-09-25 14:00:00.000000000,1601013600000000000,1825.0,1828.0,1818.0,1825.0,182905,536884,530915
2020-09-25 21:00:00.000000000,1601038800000000000,1818.0,1828.0,1814.0,1825.0,231123,530915,536578
2020-09-25 22:00:00.000000000,1601042400000000000,1825.0,1833.0,1820.0,1829.0,182030,536578,526479
2020-09-28 09:00:00.000000000,1601254800000000000,1827.0,1830.0,1808.0,1812.0,229083,526479,538701
2020-09-28 10:00:00.000000000,1601258400000000000,1812.0,1813.0,1801.0,1806.0,94286,538701,547230
2020-09-28 11:00:00.000000000,1601262000000000000,1806.0,1809.0,1801.0,1802.0,40883,547230,547873
2020-09-28 13:00:00.000000000,1601269200000000000,1803.0,1804.0,1792.0,1801.0,112300,547873,555864
2020-09-28 14:00:00.000000000,1601272800000000000,1801.0,1827.0,1796.0,1819.0,229566,555864,518908
2020-09-28 21:00:00.000000000,1601298000000000000,1838.0,1860.0,1827.0,1832.0,457254,518908,487044
2020-09-28 22:00:00.000000000,1601301600000000000,1832.0,1840.0,1827.0,1832.0,148244,487044,484292
2020-09-29 09:00:00.000000000,1601341200000000000,1840.0,1845.0,1823.0,1826.0,162730,484292,480909
2020-09-29 10:00:00.000000000,1601344800000000000,1826.0,1840.0,1823.0,1836.0,80026,480909,474322
2020-09-29 11:00:00.000000000,1601348400000000000,1836.0,1839.0,1831.0,1836.0,33341,474322,472800
2020-09-29 13:00:00.000000000,1601355600000000000,1837.0,1837.0,1828.0,1833.0,45048,472800,473108
2020-09-29 14:00:00.000000000,1601359200000000000,1833.0,1839.0,1832.0,1835.0,90667,473108,465012
2020-09-29 21:00:00.000000000,1601384400000000000,1838.0,1840.0,1806.0,1812.0,316288,465012,478752
2020-09-29 22:00:00.000000000,1601388000000000000,1812.0,1816.0,1803.0,1806.0,249881,478752,473756
2020-09-30 09:00:00.000000000,1601427600000000000,1801.0,1811.0,1788.0,1804.0,243886,473756,471899
2020-09-30 10:00:00.000000000,1601431200000000000,1804.0,1810.0,1800.0,1800.0,92494,471899,471412
2020-09-30 11:00:00.000000000,1601434800000000000,1800.0,1802.0,1796.0,1800.0,55566,471412,465639
2020-09-30 13:00:00.000000000,1601442000000000000,1801.0,1807.0,1796.0,1802.0,76988,465639,463662
2020-09-30 14:00:00.000000000,1601445600000000000,1802.0,1805.0,1798.0,1798.0,118340,463662,448119
2020-10-09 09:00:00.000000000,1602205200000000000,1848.0,1890.0,1834.0,1877.0,406553,448119,423011
2020-10-09 10:00:00.000000000,1602208800000000000,1877.0,1883.0,1871.0,1875.0,89967,423011,424513
2020-10-09 11:00:00.000000000,1602212400000000000,1875.0,1878.0,1871.0,1877.0,30151,424513,422753
2020-10-09 13:00:00.000000000,1602219600000000000,1877.0,1880.0,1866.0,1875.0,71507,422753,421476
2020-10-09 14:00:00.000000000,1602223200000000000,1875.0,1883.0,1872.0,1878.0,118225,421476,420745
2020-10-09 21:00:00.000000000,1602248400000000000,1872.0,1892.0,1872.0,1884.0,216821,420745,435474
2020-10-09 22:00:00.000000000,1602252000000000000,1884.0,1888.0,1882.0,1885.0,110001,435474,432756
2020-10-12 09:00:00.000000000,1602464400000000000,1870.0,1882.0,1858.0,1879.0,302169,432756,437727
2020-10-12 10:00:00.000000000,1602468000000000000,1879.0,1880.0,1868.0,1872.0,103686,437727,438338
2020-10-12 11:00:00.000000000,1602471600000000000,1872.0,1874.0,1868.0,1873.0,40943,438338,437737
2020-10-12 13:00:00.000000000,1602478800000000000,1872.0,1874.0,1864.0,1867.0,74674,437737,444600
2020-10-12 14:00:00.000000000,1602482400000000000,1867.0,1871.0,1861.0,1868.0,142685,444600,443002
2020-10-12 21:00:00.000000000,1602507600000000000,1867.0,1874.0,1846.0,1852.0,331231,443002,458798
2020-10-12 22:00:00.000000000,1602511200000000000,1852.0,1859.0,1847.0,1857.0,193322,458798,456752
2020-10-13 09:00:00.000000000,1602550800000000000,1859.0,1866.0,1853.0,1861.0,185874,456752,461338
2020-10-13 10:00:00.000000000,1602554400000000000,1861.0,1866.0,1858.0,1864.0,84908,461338,458943
2020-10-13 11:00:00.000000000,1602558000000000000,1864.0,1867.0,1859.0,1861.0,55362,458943,457211
2020-10-13 13:00:00.000000000,1602565200000000000,1864.0,1881.0,1863.0,1880.0,152072,457211,463069
2020-10-13 14:00:00.000000000,1602568800000000000,1880.0,1880.0,1855.0,1865.0,244423,463069,462604
2020-10-13 21:00:00.000000000,1602594000000000000,1870.0,1873.0,1855.0,1866.0,250318,462604,472288
2020-10-13 22:00:00.000000000,1602597600000000000,1866.0,1868.0,1855.0,1860.0,167759,472288,472963
2020-10-14 09:00:00.000000000,1602637200000000000,1863.0,1866.0,1848.0,1860.0,244453,472963,478199
2020-10-14 10:00:00.000000000,1602640800000000000,1860.0,1862.0,1846.0,1849.0,120571,478199,482081
2020-10-14 11:00:00.000000000,1602644400000000000,1849.0,1856.0,1839.0,1856.0,150911,482081,481298
2020-10-14 13:00:00.000000000,1602651600000000000,1854.0,1863.0,1853.0,1858.0,113394,481298,473583
2020-10-14 14:00:00.000000000,1602655200000000000,1858.0,1868.0,1855.0,1867.0,161123,473583,463106
2020-10-14 21:00:00.000000000,1602680400000000000,1879.0,1922.0,1871.0,1917.0,671182,463106,502796
2020-10-14 22:00:00.000000000,1602684000000000000,1917.0,1923.0,1905.0,1914.0,312603,502796,485714
2020-10-15 09:00:00.000000000,1602723600000000000,1919.0,1930.0,1910.0,1929.0,365432,485714,496165
2020-10-15 10:00:00.000000000,1602727200000000000,1929.0,1938.0,1928.0,1928.0,166562,496165,506112
2020-10-15 11:00:00.000000000,1602730800000000000,1928.0,1939.0,1927.0,1937.0,69528,506112,509610
2020-10-15 13:00:00.000000000,1602738000000000000,1935.0,1943.0,1930.0,1930.0,101338,509610,505245
2020-10-15 14:00:00.000000000,1602741600000000000,1930.0,1937.0,1922.0,1933.0,203561,505245,490616
2020-10-15 21:00:00.000000000,1602766800000000000,1896.0,1924.0,1886.0,1920.0,553933,490616,492240
2020-10-15 22:00:00.000000000,1602770400000000000,1920.0,1934.0,1916.0,1928.0,310446,492240,487481
2020-10-16 09:00:00.000000000,1602810000000000000,1946.0,1966.0,1944.0,1948.0,379468,487481,488908
2020-10-16 10:00:00.000000000,1602813600000000000,1948.0,1954.0,1944.0,1949.0,133979,488908,488027
2020-10-16 11:00:00.000000000,1602817200000000000,1949.0,1951.0,1933.0,1936.0,123008,488027,482359
2020-10-16 13:00:00.000000000,1602824400000000000,1936.0,1948.0,1936.0,1944.0,82843,482359,480911
2020-10-16 14:00:00.000000000,1602828000000000000,1944.0,1946.0,1936.0,1944.0,158763,480911,477030
2020-10-16 21:00:00.000000000,1602853200000000000,1948.0,1954.0,1926.0,1933.0,297144,477030,475616
2020-10-16 22:00:00.000000000,1602856800000000000,1933.0,1947.0,1932.0,1942.0,202563,475616,471495
2020-10-19 09:00:00.000000000,1603069200000000000,1945.0,1955.0,1935.0,1935.0,198958,471495,473659
2020-10-19 10:00:00.000000000,1603072800000000000,1935.0,1942.0,1932.0,1942.0,108480,473659,471743
2020-10-19 11:00:00.000000000,1603076400000000000,1942.0,1942.0,1932.0,1935.0,80891,471743,471530
2020-10-19 13:00:00.000000000,1603083600000000000,1938.0,1948.0,1935.0,1944.0,123980,471530,469242
2020-10-19 14:00:00.000000000,1603087200000000000,1944.0,1962.0,1938.0,1959.0,224552,469242,477837
2020-10-19 21:00:00.000000000,1603112400000000000,1952.0,1957.0,1940.0,1941.0,355103,477837,483606
2020-10-19 22:00:00.000000000,1603116000000000000,1941.0,1942.0,1932.0,1938.0,240872,483606,487872
2020-10-20 09:00:00.000000000,1603155600000000000,1925.0,1930.0,1909.0,1923.0,332128,487872,487890
2020-10-20 10:00:00.000000000,1603159200000000000,1923.0,1924.0,1910.0,1911.0,172446,487890,492832
2020-10-20 11:00:00.000000000,1603162800000000000,1911.0,1918.0,1907.0,1916.0,87562,492832,493373
2020-10-20 13:00:00.000000000,1603170000000000000,1916.0,1921.0,1913.0,1917.0,72412,493373,495529
2020-10-20 14:00:00.000000000,1603173600000000000,1917.0,1926.0,1914.0,1921.0,164274,495529,492014
2020-10-20 21:00:00.000000000,1603198800000000000,1920.0,1930.0,1911.0,1923.0,328499,492014,498377
2020-10-20 22:00:00.000000000,1603202400000000000,1923.0,1924.0,1909.0,1912.0,257344,498377,511793
2020-10-21 09:00:00.000000000,1603242000000000000,1927.0,1930.0,1914.0,1921.0,281849,511793,509926
2020-10-21 10:00:00.000000000,1603245600000000000,1921.0,1931.0,1920.0,1928.0,138821,509926,503071
2020-10-21 11:00:00.000000000,1603249200000000000,1928.0,1943.0,1927.0,1936.0,175532,503071,507380
2020-10-21 13:00:00.000000000,1603256400000000000,1933.0,1934.0,1914.0,1915.0,196905,507380,515071
2020-10-21 14:00:00.000000000,1603260000000000000,1915.0,1921.0,1912.0,1919.0,174451,515071,518780
2020-10-21 21:00:00.000000000,1603285200000000000,1916.0,1925.0,1903.0,1921.0,338021,518780,524497
2020-10-21 22:00:00.000000000,1603288800000000000,1921.0,1927.0,1892.0,1899.0,330554,524497,520648
2020-10-22 09:00:00.000000000,1603328400000000000,1890.0,1890.0,1872.0,1885.0,344684,520648,545588
2020-10-22 10:00:00.000000000,1603332000000000000,1885.0,1887.0,1874.0,1880.0,145238,545588,557612
2020-10-22 11:00:00.000000000,1603335600000000000,1880.0,1883.0,1876.0,1880.0,53873,557612,555687
2020-10-22 13:00:00.000000000,1603342800000000000,1881.0,1887.0,1875.0,1882.0,81248,555687,554426
2020-10-22 14:00:00.000000000,1603346400000000000,1882.0,1892.0,1879.0,1888.0,207729,554426,544590
2020-10-22 21:00:00.000000000,1603371600000000000,1890.0,1911.0,1888.0,1909.0,380277,544590,524965
2020-10-22 22:00:00.000000000,1603375200000000000,1909.0,1924.0,1908.0,1924.0,362850,524965,512881
2020-10-23 09:00:00.000000000,1603414800000000000,1921.0,1935.0,1916.0,1927.0,303491,512881,521366
2020-10-23 10:00:00.000000000,1603418400000000000,1927.0,1940.0,1926.0,1936.0,143041,521366,526128
2020-10-23 11:00:00.000000000,1603422000000000000,1936.0,1945.0,1936.0,1943.0,118525,526128,526767
2020-10-23 13:00:00.000000000,1603429200000000000,1935.0,1938.0,1929.0,1930.0,145843,526767,523295
2020-10-23 14:00:00.000000000,1603432800000000000,1930.0,1938.0,1928.0,1932.0,253018,523295,507726
2020-10-23 21:00:00.000000000,1603458000000000000,1940.0,1956.0,1928.0,1930.0,399345,507726,513841
2020-10-23 22:00:00.000000000,1603461600000000000,1930.0,1935.0,1925.0,1929.0,207622,513841,496975
2020-10-26 09:00:00.000000000,1603674000000000000,1904.0,1906.0,1884.0,1887.0,481888,496975,513834
2020-10-26 10:00:00.000000000,1603677600000000000,1887.0,1892.0,1876.0,1881.0,204011,513834,520714
2020-10-26 11:00:00.000000000,1603681200000000000,1881.0,1882.0,1873.0,1880.0,125549,520714,526292
2020-10-26 13:00:00.000000000,1603688400000000000,1880.0,1881.0,1864.0,1864.0,140345,526292,531822
2020-10-26 14:00:00.000000000,1603692000000000000,1864.0,1869.0,1857.0,1865.0,263649,531822,537557
2020-10-26 21:00:00.000000000,1603717200000000000,1862.0,1875.0,1860.0,1871.0,258726,537557,537789
2020-10-26 22:00:00.000000000,1603720800000000000,1871.0,1875.0,1856.0,1869.0,284591,537789,531969
2020-10-27 09:00:00.000000000,1603760400000000000,1872.0,1872.0,1855.0,1861.0,175754,531969,533746
2020-10-27 10:00:00.000000000,1603764000000000000,1861.0,1868.0,1854.0,1865.0,97356,533746,532470
2020-10-27 11:00:00.000000000,1603767600000000000,1865.0,1866.0,1858.0,1861.0,60195,532470,534873
2020-10-27 13:00:00.000000000,1603774800000000000,1865.0,1871.0,1863.0,1867.0,110511,534873,535585
2020-10-27 14:00:00.000000000,1603778400000000000,1867.0,1870.0,1861.0,1866.0,134608,535585,534187
2020-10-27 21:00:00.000000000,1603803600000000000,1858.0,1862.0,1842.0,1859.0,367990,534187,551071
2020-10-27 22:00:00.000000000,1603807200000000000,1859.0,1865.0,1852.0,1855.0,197733,551071,542900
2020-10-28 09:00:00.000000000,1603846800000000000,1852.0,1852.0,1819.0,1821.0,422662,542900,576769
2020-10-28 10:00:00.000000000,1603850400000000000,1821.0,1821.0,1804.0,1816.0,265869,576769,589388
2020-10-28 11:00:00.000000000,1603854000000000000,1816.0,1822.0,1813.0,1818.0,77615,589388,589338
2020-10-28 13:00:00.000000000,1603861200000000000,1818.0,1831.0,1818.0,1825.0,136969,589338,584961
2020-10-28 14:00:00.000000000,1603864800000000000,1825.0,1833.0,1823.0,1824.0,177085,584961,576702
2020-10-28 21:00:00.000000000,1603890000000000000,1795.0,1799.0,1754.0,1764.0,649091,576702,609496
2020-10-28 22:00:00.000000000,1603893600000000000,1764.0,1773.0,1756.0,1768.0,350373,609496,601963
2020-10-29 09:00:00.000000000,1603933200000000000,1771.0,1786.0,1769.0,1785.0,270011,601963,595298
2020-10-29 10:00:00.000000000,1603936800000000000,1785.0,1786.0,1774.0,1777.0,117911,595298,592339
2020-10-29 11:00:00.000000000,1603940400000000000,1777.0,1778.0,1766.0,1773.0,142251,592339,595963
2020-10-29 13:00:00.000000000,1603947600000000000,1777.0,1784.0,1774.0,1780.0,119097,595963,590420
2020-10-29 14:00:00.000000000,1603951200000000000,1780.0,1789.0,1776.0,1777.0,197244,590420,580662
2020-10-29 21:00:00.000000000,1603976400000000000,1706.0,1712.0,1638.0,1691.0,1024885,580662,594878
2020-10-29 22:00:00.000000000,1603980000000000000,1691.0,1734.0,1688.0,1731.0,580745,594878,575906
2020-10-30 09:00:00.000000000,1604019600000000000,1731.0,1740.0,1713.0,1723.0,323312,575906,585334
2020-10-30 10:00:00.000000000,1604023200000000000,1723.0,1730.0,1714.0,1719.0,155434,585334,587358
2020-10-30 11:00:00.000000000,1604026800000000000,1719.0,1725.0,1708.0,1717.0,133305,587358,584385
2020-10-30 13:00:00.000000000,1604034000000000000,1705.0,1705.0,1673.0,1680.0,334749,584385,595729
2020-10-30 14:00:00.000000000,1604037600000000000,1680.0,1690.0,1668.0,1677.0,381474,595729,586792
2020-10-30 21:00:00.000000000,1604062800000000000,1686.0,1698.0,1678.0,1685.0,479564,586792,595974
2020-10-30 22:00:00.000000000,1604066400000000000,1685.0,1690.0,1676.0,1679.0,275237,595974,594777
2020-11-02 09:00:00.000000000,1604278800000000000,1629.0,1667.0,1598.0,1663.0,588750,594777,599055
2020-11-02 10:00:00.000000000,1604282400000000000,1663.0,1664.0,1643.0,1644.0,179127,599055,599942
2020-11-02 11:00:00.000000000,1604286000000000000,1644.0,1648.0,1633.0,1641.0,150029,599942,601181
2020-11-02 13:00:00.000000000,1604293200000000000,1645.0,1654.0,1641.0,1648.0,108815,601181,605250
2020-11-02 14:00:00.000000000,1604296800000000000,1648.0,1661.0,1646.0,1652.0,244087,605250,590961
2020-11-02 21:00:00.000000000,1604322000000000000,1672.0,1696.0,1663.0,1686.0,517375,590961,591141
2020-11-02 22:00:00.000000000,1604325600000000000,1686.0,1696.0,1678.0,1691.0,287178,591141,582831
2020-11-03 09:00:00.000000000,1604365200000000000,1716.0,1722.0,1696.0,1703.0,364418,582831,584671
2020-11-03 10:00:00.000000000,1604368800000000000,1703.0,1708.0,1698.0,1706.0,91225,584671,581604
2020-11-03 11:00:00.000000000,1604372400000000000,1706.0,1707.0,1701.0,1704.0,55862,581604,577999
2020-11-03 13:00:00.000000000,1604379600000000000,1705.0,1708.0,1695.0,1702.0,101643,577999,577097
2020-11-03 14:00:00.000000000,1604383200000000000,1702.0,1706.0,1695.0,1699.0,153810,577097,569486
2020-11-03 21:00:00.000000000,1604408400000000000,1735.0,1737.0,1711.0,1712.0,340137,569486,580076
2020-11-03 22:00:00.000000000,1604412000000000000,1712.0,1717.0,1711.0,1714.0,205697,580076,575172
2020-11-04 09:00:00.000000000,1604451600000000000,1712.0,1725.0,1706.0,1721.0,300997,575172,572939
2020-11-04 10:00:00.000000000,1604455200000000000,1721.0,1727.0,1701.0,1712.0,252432,572939,567598
2020-11-04 11:00:00.000000000,1604458800000000000,1712.0,1723.0,1711.0,1721.0,131090,567598,561965
2020-11-04 13:00:00.000000000,1604466000000000000,1724.0,1729.0,1718.0,1722.0,113907,561965,561123
2020-11-04 14:00:00.000000000,1604469600000000000,1722.0,1726.0,1715.0,1718.0,147466,561123,553696
2020-11-04 21:00:00.000000000,1604494800000000000,1732.0,1735.0,1718.0,1719.0,265145,553696,562720
2020-11-04 22:00:00.000000000,1604498400000000000,1719.0,1724.0,1703.0,1709.0,287780,562720,562434
2020-11-05 09:00:00.000000000,1604538000000000000,1724.0,1724.0,1711.0,1717.0,213470,562434,561136
2020-11-05 10:00:00.000000000,1604541600000000000,1717.0,1720.0,1708.0,1714.0,120234,561136,561173
2020-11-05 11:00:00.000000000,1604545200000000000,1714.0,1718.0,1711.0,1718.0,50778,561173,558327
2020-11-05 13:00:00.000000000,1604552400000000000,1713.0,1724.0,1710.0,1719.0,111825,558327,552493
2020-11-05 14:00:00.000000000,1604556000000000000,1719.0,1720.0,1708.0,1712.0,124636,552493,546028
2020-11-05 21:00:00.000000000,1604581200000000000,1720.0,1742.0,1715.0,1734.0,340256,546028,555222
2020-11-05 22:00:00.000000000,1604584800000000000,1734.0,1738.0,1723.0,1727.0,213650,555222,538092
2020-11-06 09:00:00.000000000,1604624400000000000,1715.0,1716.0,1691.0,1697.0,355976,538092,569985
2020-11-06 10:00:00.000000000,1604628000000000000,1697.0,1701.0,1695.0,1697.0,71810,569985,567954
2020-11-06 11:00:00.000000000,1604631600000000000,1697.0,1698.0,1679.0,1680.0,105422,567954,574603
2020-11-06 13:00:00.000000000,1604638800000000000,1675.0,1677.0,1667.0,1675.0,152149,574603,583297
2020-11-06 14:00:00.000000000,1604642400000000000,1675.0,1681.0,1670.0,1678.0,177236,583297,576547
2020-11-06 21:00:00.000000000,1604667600000000000,1677.0,1712.0,1665.0,1711.0,435014,576547,567586
2020-11-06 22:00:00.000000000,1604671200000000000,1711.0,1721.0,1702.0,1709.0,318792,567586,546323
2020-11-09 09:00:00.000000000,1604883600000000000,1713.0,1745.0,1713.0,1728.0,373869,546323,542249
2020-11-09 10:00:00.000000000,1604887200000000000,1728.0,1740.0,1727.0,1738.0,108095,542249,540383
2020-11-09 11:00:00.000000000,1604890800000000000,1738.0,1744.0,1734.0,1738.0,77104,540383,537673
2020-11-09 13:00:00.000000000,1604898000000000000,1737.0,1741.0,1733.0,1737.0,68917,537673,535458
2020-11-09 14:00:00.000000000,1604901600000000000,1737.0,1746.0,1734.0,1740.0,159249,535458,525536
2020-11-09 21:00:00.000000000,1604926800000000000,1818.0,1834.0,1789.0,1798.0,695637,525536,515704
2020-11-09 22:00:00.000000000,1604930400000000000,1798.0,1805.0,1794.0,1795.0,230337,515704,501095
2020-11-10 09:00:00.000000000,1604970000000000000,1765.0,1791.0,1755.0,1786.0,317277,501095,504528
2020-11-10 10:00:00.000000000,1604973600000000000,1786.0,1791.0,1782.0,1787.0,70584,504528,501040
2020-11-10 11:00:00.000000000,1604977200000000000,1787.0,1791.0,1785.0,1787.0,52362,501040,498314
2020-11-10 13:00:00.000000000,1604984400000000000,1789.0,1790.0,1770.0,1772.0,107210,498314,499040
2020-11-10 14:00:00.000000000,1604988000000000000,1772.0,1789.0,1770.0,1788.0,146445,499040,492692
2020-11-10 21:00:00.000000000,1605013200000000000,1802.0,1803.0,1788.0,1795.0,212991,492692,497708
2020-11-10 22:00:00.000000000,1605016800000000000,1795.0,1798.0,1792.0,1796.0,145487,497708,493789
2020-11-11 09:00:00.000000000,1605056400000000000,1808.0,1815.0,1802.0,1807.0,231844,493789,495711
2020-11-11 10:00:00.000000000,1605060000000000000,1807.0,1809.0,1801.0,1804.0,70104,495711,494157
2020-11-11 11:00:00.000000000,1605063600000000000,1804.0,1817.0,1803.0,1812.0,74713,494157,491687
2020-11-11 13:00:00.000000000,1605070800000000000,1809.0,1809.0,1801.0,1806.0,89682,491687,491778
2020-11-11 14:00:00.000000000,1605074400000000000,1806.0,1813.0,1805.0,1806.0,121525,491778,485765
2020-11-11 21:00:00.000000000,1605099600000000000,1816.0,1827.0,1807.0,1809.0,356366,485765,485316
2020-11-11 22:00:00.000000000,1605103200000000000,1809.0,1816.0,1807.0,1807.0,161064,485316,477342
2020-11-12 09:00:00.000000000,1605142800000000000,1790.0,1812.0,1783.0,1812.0,257501,477342,473876
2020-11-12 10:00:00.000000000,1605146400000000000,1812.0,1816.0,1806.0,1816.0,74972,473876,468341
2020-11-12 11:00:00.000000000,1605150000000000000,1816.0,1817.0,1812.0,1814.0,44746,468341,464335
2020-11-12 13:00:00.000000000,1605157200000000000,1811.0,1813.0,1805.0,1810.0,67217,464335,462655
2020-11-12 14:00:00.000000000,1605160800000000000,1810.0,1813.0,1800.0,1804.0,138468,462655,454937
2020-11-12 21:00:00.000000000,1605186000000000000,1803.0,1812.0,1797.0,1811.0,209946,454937,460203
2020-11-12 22:00:00.000000000,1605189600000000000,1811.0,1819.0,1810.0,1816.0,184644,460203,457030
2020-11-13 09:00:00.000000000,1605229200000000000,1792.0,1802.0,1781.0,1783.0,344904,457030,464130
2020-11-13 10:00:00.000000000,1605232800000000000,1783.0,1784.0,1769.0,1770.0,161655,464130,472643
2020-11-13 11:00:00.000000000,1605236400000000000,1770.0,1775.0,1769.0,1773.0,57243,472643,472202
2020-11-13 13:00:00.000000000,1605243600000000000,1775.0,1777.0,1766.0,1772.0,84453,472202,476807
2020-11-13 14:00:00.000000000,1605247200000000000,1772.0,1779.0,1771.0,1776.0,127497,476807,463674
2020-11-13 21:00:00.000000000,1605272400000000000,1774.0,1804.0,1772.0,1803.0,223210,463674,459313
2020-11-13 22:00:00.000000000,1605276000000000000,1803.0,1809.0,1796.0,1799.0,206823,459313,445654
2020-11-16 09:00:00.000000000,1605488400000000000,1801.0,1812.0,1800.0,1807.0,202990,445654,448737
2020-11-16 10:00:00.000000000,1605492000000000000,1807.0,1811.0,1803.0,1806.0,91377,448737,446264
2020-11-16 11:00:00.000000000,1605495600000000000,1806.0,1813.0,1804.0,1807.0,46768,446264,444855
2020-11-16 13:00:00.000000000,1605502800000000000,1808.0,1810.0,1802.0,1805.0,54962,444855,444846
2020-11-16 14:00:00.000000000,1605506400000000000,1805.0,1812.0,1803.0,1810.0,109638,444846,441753
2020-11-16 21:00:00.000000000,1605531600000000000,1833.0,1841.0,1825.0,1827.0,394388,441753,440608
2020-11-16 22:00:00.000000000,1605535200000000000,1827.0,1837.0,1823.0,1831.0,207973,440608,434584
2020-11-17 09:00:00.000000000,1605574800000000000,1830.0,1835.0,1821.0,1825.0,162641,434584,439056
2020-11-17 10:00:00.000000000,1605578400000000000,1825.0,1830.0,1824.0,1826.0,60771,439056,437251
2020-11-17 11:00:00.000000000,1605582000000000000,1826.0,1830.0,1823.0,1829.0,37234,437251,436899
2020-11-17 13:00:00.000000000,1605589200000000000,1832.0,1838.0,1826.0,1836.0,79776,436899,437616
2020-11-17 14:00:00.000000000,1605592800000000000,1836.0,1844.0,1832.0,1837.0,185585,437616,431448
2020-11-17 21:00:00.000000000,1605618000000000000,1837.0,1837.0,1795.0,1800.0,381116,431448,432425
2020-11-17 22:00:00.000000000,1605621600000000000,1800.0,1811.0,1792.0,1805.0,189435,432425,425044
2020-11-18 09:00:00.000000000,1605661200000000000,1810.0,1811.0,1799.0,1801.0,176028,425044,429324
2020-11-18 10:00:00.000000000,1605664800000000000,1801.0,1804.0,1797.0,1801.0,70229,429324,434346
2020-11-18 11:00:00.000000000,1605668400000000000,1801.0,1806.0,1799.0,1803.0,47941,434346,430876
2020-11-18 13:00:00.000000000,1605675600000000000,1804.0,1811.0,1803.0,1806.0,60390,430876,429229
2020-11-18 14:00:00.000000000,1605679200000000000,1806.0,1810.0,1800.0,1808.0,102769,429229,425482
2020-11-18 21:00:00.000000000,1605704400000000000,1829.0,1832.0,1812.0,1817.0,266043,425482,429666
2020-11-18 22:00:00.000000000,1605708000000000000,1817.0,1821.0,1811.0,1815.0,114060,429666,423786
2020-11-19 09:00:00.000000000,1605747600000000000,1806.0,1814.0,1794.0,1813.0,214633,423786,424612
2020-11-19 10:00:00.000000000,1605751200000000000,1813.0,1819.0,1811.0,1812.0,73574,424612,421873
2020-11-19 11:00:00.000000000,1605754800000000000,1812.0,1815.0,1809.0,1813.0,37068,421873,420620
2020-11-19 13:00:00.000000000,1605762000000000000,1814.0,1825.0,1811.0,1820.0,100911,420620,419983
2020-11-19 14:00:00.000000000,1605765600000000000,1820.0,1830.0,1815.0,1827.0,166387,419983,413072
2020-11-19 21:00:00.000000000,1605790800000000000,1833.0,1846.0,1824.0,1842.0,266002,413072,423512
2020-11-19 22:00:00.000000000,1605794400000000000,1842.0,1849.0,1837.0,1844.0,162941,423512,416153
2020-11-20 09:00:00.000000000,1605834000000000000,1845.0,1868.0,1844.0,1858.0,277434,416153,428769
2020-11-20 10:00:00.000000000,1605837600000000000,1858.0,1864.0,1854.0,1857.0,70091,428769,427524
2020-11-20 11:00:00.000000000,1605841200000000000,1857.0,1864.0,1857.0,1863.0,33819,427524,427073
2020-11-20 13:00:00.000000000,1605848400000000000,1861.0,1865.0,1853.0,1854.0,85230,427073,424153
2020-11-20 14:00:00.000000000,1605852000000000000,1854.0,1854.0,1837.0,1849.0,238980,424153,406852
2020-11-20 21:00:00.000000000,1605877200000000000,1852.0,1864.0,1847.0,1859.0,173395,406852,413265
2020-11-20 22:00:00.000000000,1605880800000000000,1859.0,1861.0,1851.0,1855.0,125796,413265,406344
2020-11-23 09:00:00.000000000,1606093200000000000,1867.0,1873.0,1841.0,1851.0,276678,406344,405272
2020-11-23 10:00:00.000000000,1606096800000000000,1851.0,1852.0,1840.0,1848.0,89550,405272,405678
2020-11-23 11:00:00.000000000,1606100400000000000,1848.0,1853.0,1845.0,1852.0,44363,405678,404338
2020-11-23 13:00:00.000000000,1606107600000000000,1854.0,1856.0,1846.0,1855.0,70324,404338,403406
2020-11-23 14:00:00.000000000,1606111200000000000,1855.0,1860.0,1851.0,1858.0,157364,403406,398370
2020-11-23 21:00:00.000000000,1606136400000000000,1865.0,1868.0,1855.0,1863.0,205877,398370,402189
2020-11-23 22:00:00.000000000,1606140000000000000,1863.0,1870.0,1856.0,1857.0,156321,402189,393823
2020-11-24 09:00:00.000000000,1606179600000000000,1864.0,1865.0,1840.0,1854.0,245962,393823,398679
2020-11-24 10:00:00.000000000,1606183200000000000,1854.0,1904.0,1854.0,1898.0,380058,398679,421855
2020-11-24 11:00:00.000000000,1606186800000000000,1898.0,1900.0,1888.0,1895.0,150350,421855,409232
2020-11-24 13:00:00.000000000,1606194000000000000,1897.0,1905.0,1886.0,1898.0,149879,409232,412615
2020-11-24 14:00:00.000000000,1606197600000000000,1898.0,1910.0,1892.0,1901.0,258999,412615,406461
2020-11-24 21:00:00.000000000,1606222800000000000,1905.0,1912.0,1894.0,1904.0,325894,406461,411473
2020-11-24 22:00:00.000000000,1606226400000000000,1904.0,1947.0,1902.0,1933.0,571509,411473,401354
2020-11-25 09:00:00.000000000,1606266000000000000,1936.0,1960.0,1931.0,1958.0,400648,401354,412355
2020-11-25 10:00:00.000000000,1606269600000000000,1958.0,1962.0,1940.0,1947.0,237194,412355,401921
2020-11-25 11:00:00.000000000,1606273200000000000,1947.0,1955.0,1947.0,1947.0,101256,401921,400056
2020-11-25 13:00:00.000000000,1606280400000000000,1942.0,1942.0,1917.0,1920.0,277239,400056,394147
2020-11-25 14:00:00.000000000,1606284000000000000,1920.0,1928.0,1914.0,1918.0,256010,394147,382653
2020-11-25 21:00:00.000000000,1606309200000000000,1916.0,1927.0,1913.0,1919.0,302483,382653,387176
2020-11-25 22:00:00.000000000,1606312800000000000,1919.0,1926.0,1913.0,1914.0,184080,387176,381933
2020-11-26 09:00:00.000000000,1606352400000000000,1927.0,1942.0,1923.0,1931.0,261423,381933,380463
2020-11-26 10:00:00.000000000,1606356000000000000,1931.0,1938.0,1929.0,1931.0,95152,380463,379291
2020-11-26 11:00:00.000000000,1606359600000000000,1931.0,1940.0,1931.0,1935.0,91790,379291,374324
2020-11-26 13:00:00.000000000,1606366800000000000,1935.0,1939.0,1926.0,1930.0,97789,374324,375010
2020-11-26 14:00:00.000000000,1606370400000000000,1930.0,1930.0,1915.0,1917.0,194280,375010,367933
2020-11-26 21:00:00.000000000,1606395600000000000,1897.0,1906.0,1887.0,1904.0,297184,367933,370288
2020-11-26 22:00:00.000000000,1606399200000000000,1904.0,1909.0,1899.0,1901.0,139803,370288,361872
2020-11-27 09:00:00.000000000,1606438800000000000,1896.0,1904.0,1882.0,1903.0,281650,361872,357724
2020-11-27 10:00:00.000000000,1606442400000000000,1903.0,1905.0,1894.0,1900.0,94220,357724,351934
2020-11-27 11:00:00.000000000,1606446000000000000,1900.0,1903.0,1895.0,1900.0,46855,351934,346996
2020-11-27 13:00:00.000000000,1606453200000000000,1895.0,1896.0,1887.0,1896.0,88717,346996,345539
2020-11-27 14:00:00.000000000,1606456800000000000,1896.0,1899.0,1888.0,1889.0,179192,345539,342356
2020-11-27 21:00:00.000000000,1606482000000000000,1896.0,1908.0,1894.0,1899.0,224573,342356,336845
2020-11-27 22:00:00.000000000,1606485600000000000,1899.0,1903.0,1883.0,1885.0,128567,336845,330441
2020-11-30 09:00:00.000000000,1606698000000000000,1885.0,1915.0,1861.0,1905.0,397451,330441,326867
2020-11-30 10:00:00.000000000,1606701600000000000,1905.0,1920.0,1905.0,1911.0,149469,326867,322358
2020-11-30 11:00:00.000000000,1606705200000000000,1911.0,1916.0,1907.0,1911.0,62540,322358,319083
2020-11-30 13:00:00.000000000,1606712400000000000,1906.0,1906.0,1884.0,1885.0,169182,319083,309555
2020-11-30 14:00:00.000000000,1606716000000000000,1885.0,1885.0,1863.0,1870.0,289330,309555,300093
2020-11-30 21:00:00.000000000,1606741200000000000,1881.0,1910.0,1878.0,1907.0,211546,300093,302026
2020-11-30 22:00:00.000000000,1606744800000000000,1907.0,1916.0,1889.0,1894.0,195012,302026,292148
2020-12-01 09:00:00.000000000,1606784400000000000,1892.0,1905.0,1872.0,1882.0,232083,292148,293801
2020-12-01 10:00:00.000000000,1606788000000000000,1882.0,1889.0,1877.0,1880.0,76212,293801,293961
2020-12-01 11:00:00.000000000,1606791600000000000,1880.0,1886.0,1877.0,1879.0,41039,293961,292639
2020-12-01 13:00:00.000000000,1606798800000000000,1880.0,1888.0,1877.0,1881.0,51250,292639,294601
2020-12-01 14:00:00.000000000,1606802400000000000,1881.0,1885.0,1873.0,1876.0,101551,294601,292867
2020-12-01 21:00:00.000000000,1606827600000000000,1879.0,1886.0,1864.0,1879.0,185536,292867,298404
2020-12-01 22:00:00.000000000,1606831200000000000,1879.0,1884.0,1870.0,1872.0,117845,298404,295890
2020-12-02 09:00:00.000000000,1606870800000000000,1855.0,1861.0,1835.0,1853.0,230971,295890,295684
2020-12-02 10:00:00.000000000,1606874400000000000,1853.0,1853.0,1839.0,1847.0,91965,295684,296018
2020-12-02 11:00:00.000000000,1606878000000000000,1847.0,1859.0,1846.0,1855.0,41902,296018,292773
2020-12-02 13:00:00.000000000,1606885200000000000,1855.0,1857.0,1849.0,1855.0,50930,292773,295308
2020-12-02 14:00:00.000000000,1606888800000000000,1855.0,1857.0,1850.0,1853.0,82441,295308,288018
2020-12-02 21:00:00.000000000,1606914000000000000,1858.0,1876.0,1846.0,1867.0,246766,288018,287330
2020-12-02 22:00:00.000000000,1606917600000000000,1867.0,1893.0,1865.0,1887.0,241123,287330,283310
2020-12-03 09:00:00.000000000,1606957200000000000,1888.0,1896.0,1880.0,1886.0,154777,283310,282612
2020-12-03 10:00:00.000000000,1606960800000000000,1886.0,1890.0,1882.0,1890.0,53337,282612,281493
2020-12-03 11:00:00.000000000,1606964400000000000,1890.0,1895.0,1884.0,1893.0,48099,281493,279703
2020-12-03 13:00:00.000000000,1606971600000000000,1888.0,1888.0,1872.0,1872.0,88874,279703,274190
2020-12-03 14:00:00.000000000,1606975200000000000,1872.0,1880.0,1868.0,1872.0,112244,274190,266241
2020-12-03 21:00:00.000000000,1607000400000000000,1862.0,1892.0,1855.0,1859.0,286852,266241,263329
2020-12-03 22:00:00.000000000,1607004000000000000,1859.0,1885.0,1854.0,1877.0,206803,263329,253950
2020-12-04 09:00:00.000000000,1607043600000000000,1888.0,1922.0,1888.0,1921.0,264862,253950,254015
2020-12-04 10:00:00.000000000,1607047200000000000,1921.0,1924.0,1911.0,1917.0,118428,254015,246593
2020-12-04 11:00:00.000000000,1607050800000000000,1917.0,1921.0,1913.0,1915.0,45148,246593,243871
2020-12-04 13:00:00.000000000,1607058000000000000,1917.0,1931.0,1912.0,1924.0,84066,243871,247688
2020-12-04 14:00:00.000000000,1607061600000000000,1924.0,1927.0,1913.0,1919.0,160321,247688,233882
2020-12-04 21:00:00.000000000,1607086800000000000,2113.0,2133.0,2104.0,2107.0,190366,233882,332805
2020-12-04 22:00:00.000000000,1607090400000000000,2107.0,2119.0,2097.0,2117.0,107367,332805,331683
2020-12-07 09:00:00.000000000,1607302800000000000,2116.0,2125.0,2100.0,2107.0,153161,331683,340268
2020-12-07 10:00:00.000000000,1607306400000000000,2107.0,2112.0,2101.0,2106.0,47860,340268,338305
2020-12-07 11:00:00.000000000,1607310000000000000,2106.0,2110.0,2102.0,2110.0,27234,338305,337150
2020-12-07 13:00:00.000000000,1607317200000000000,2110.0,2121.0,2109.0,2116.0,53223,337150,342236
2020-12-07 14:00:00.000000000,1607320800000000000,2116.0,2120.0,2108.0,2116.0,80397,342236,342924
2020-12-07 21:00:00.000000000,1607346000000000000,2107.0,2115.0,2098.0,2108.0,130660,342924,354474
2020-12-07 22:00:00.000000000,1607349600000000000,2108.0,2117.0,2077.0,2080.0,218405,354474,353632
2020-12-08 09:00:00.000000000,1607389200000000000,2075.0,2085.0,2067.0,2075.0,153880,353632,361026
2020-12-08 10:00:00.000000000,1607392800000000000,2075.0,2075.0,2040.0,2060.0,199276,361026,367977
2020-12-08 11:00:00.000000000,1607396400000000000,2060.0,2068.0,2056.0,2065.0,59471,367977,362185
2020-12-08 13:00:00.000000000,1607403600000000000,2066.0,2073.0,2064.0,2070.0,58972,362185,359209
2020-12-08 14:00:00.000000000,1607407200000000000,2070.0,2070.0,2026.0,2043.0,190214,359209,353597
2020-12-08 21:00:00.000000000,1607432400000000000,2048.0,2066.0,2043.0,2058.0,244746,353597,355148
2020-12-08 22:00:00.000000000,1607436000000000000,2058.0,2063.0,2046.0,2049.0,143555,355148,355296
2020-12-09 09:00:00.000000000,1607475600000000000,2055.0,2066.0,2039.0,2046.0,184015,355296,366676
2020-12-09 10:00:00.000000000,1607479200000000000,2046.0,2054.0,2043.0,2046.0,87224,366676,368183
2020-12-09 11:00:00.000000000,1607482800000000000,2046.0,2046.0,2031.0,2033.0,108800,368183,368725
2020-12-09 13:00:00.000000000,1607490000000000000,2035.0,2050.0,2023.0,2049.0,150312,368725,370441
2020-12-09 14:00:00.000000000,1607493600000000000,2049.0,2050.0,2007.0,2042.0,252210,370441,360194
2020-12-09 21:00:00.000000000,1607518800000000000,2049.0,2068.0,2046.0,2057.0,235712,360194,370780
2020-12-09 22:00:00.000000000,1607522400000000000,2057.0,2064.0,2052.0,2061.0,155049,370780,368083
2020-12-10 09:00:00.000000000,1607562000000000000,2051.0,2071.0,2034.0,2045.0,335766,368083,363883
2020-12-10 10:00:00.000000000,1607565600000000000,2045.0,2054.0,2040.0,2045.0,113967,363883,370312
2020-12-10 11:00:00.000000000,1607569200000000000,2045.0,2047.0,2033.0,2037.0,67987,370312,371621
2020-12-10 13:00:00.000000000,1607576400000000000,2036.0,2041.0,2022.0,2023.0,101598,371621,381278
2020-12-10 14:00:00.000000000,1607580000000000000,2023.0,2029.0,2012.0,2014.0,234884,381278,389336
2020-12-10 21:00:00.000000000,1607605200000000000,2029.0,2047.0,2025.0,2032.0,261129,389336,378454
2020-12-10 22:00:00.000000000,1607608800000000000,2032.0,2078.0,2031.0,2076.0,352836,378454,377317
2020-12-11 09:00:00.000000000,1607648400000000000,2077.0,2096.0,2070.0,2071.0,329851,377317,371715
2020-12-11 10:00:00.000000000,1607652000000000000,2071.0,2072.0,2043.0,2043.0,213303,371715,364090
2020-12-11 11:00:00.000000000,1607655600000000000,2043.0,2045.0,2029.0,2042.0,124584,364090,367553
2020-12-11 13:00:00.000000000,1607662800000000000,2042.0,2048.0,2038.0,2040.0,71146,367553,372712
2020-12-11 14:00:00.000000000,1607666400000000000,2040.0,2047.0,2030.0,2045.0,165394,372712,371409
2020-12-11 21:00:00.000000000,1607691600000000000,2045.0,2063.0,2035.0,2060.0,291111,371409,383572
2020-12-11 22:00:00.000000000,1607695200000000000,2060.0,2067.0,2047.0,2056.0,272294,383572,370958
2020-12-14 09:00:00.000000000,1607907600000000000,2053.0,2082.0,2053.0,2082.0,251037,370958,375706
2020-12-14 10:00:00.000000000,1607911200000000000,2082.0,2098.0,2078.0,2097.0,162123,375706,378928
2020-12-14 11:00:00.000000000,1607914800000000000,2097.0,2110.0,2083.0,2105.0,146119,378928,386779
2020-12-14 13:00:00.000000000,1607922000000000000,2112.0,2114.0,2091.0,2094.0,149855,386779,388962
2020-12-14 14:00:00.000000000,1607925600000000000,2094.0,2111.0,2085.0,2102.0,217883,388962,383063
2020-12-14 21:00:00.000000000,1607950800000000000,2100.0,2125.0,2096.0,2120.0,319736,383063,393376
2020-12-14 22:00:00.000000000,1607954400000000000,2120.0,2123.0,2078.0,2078.0,338738,393376,378843
2020-12-15 09:00:00.000000000,1607994000000000000,2090.0,2097.0,2082.0,2089.0,181377,378843,379003
2020-12-15 10:00:00.000000000,1607997600000000000,2089.0,2094.0,2079.0,2086.0,105285,379003,381217
2020-12-15 11:00:00.000000000,1608001200000000000,2086.0,2093.0,2083.0,2088.0,51462,381217,380583
2020-12-15 13:00:00.000000000,1608008400000000000,2084.0,2090.0,2072.0,2088.0,113578,380583,379600
2020-12-15 14:00:00.000000000,1608012000000000000,2088.0,2095.0,2083.0,2094.0,128077,379600,375702
2020-12-15 21:00:00.000000000,1608037200000000000,2104.0,2135.0,2099.0,2114.0,437480,375702,397537
2020-12-15 22:00:00.000000000,1608040800000000000,2114.0,2118.0,2092.0,2100.0,244263,397537,385754
2020-12-16 09:00:00.000000000,1608080400000000000,2105.0,2111.0,2093.0,2095.0,170204,385754,397908
2020-12-16 10:00:00.000000000,1608084000000000000,2095.0,2105.0,2094.0,2097.0,91349,397908,403103
2020-12-16 11:00:00.000000000,1608087600000000000,2097.0,2100.0,2091.0,2094.0,51759,403103,404725
2020-12-16 13:00:00.000000000,1608094800000000000,2095.0,2100.0,2086.0,2099.0,95545,404725,403838
2020-12-16 14:00:00.000000000,1608098400000000000,2099.0,2108.0,2092.0,2096.0,164764,403838,397909
2020-12-16 21:00:00.000000000,1608123600000000000,2101.0,2114.0,2088.0,2103.0,334256,397909,406103
2020-12-16 22:00:00.000000000,1608127200000000000,2103.0,2113.0,2100.0,2107.0,212471,406103,397343
2020-12-17 09:00:00.000000000,1608166800000000000,2122.0,2145.0,2122.0,2142.0,367498,397343,412435
2020-12-17 10:00:00.000000000,1608170400000000000,2142.0,2179.0,2142.0,2178.0,389082,412435,457564
2020-12-17 11:00:00.000000000,1608174000000000000,2178.0,2181.0,2163.0,2175.0,138145,457564,460058
2020-12-17 13:00:00.000000000,1608181200000000000,2174.0,2192.0,2170.0,2187.0,169470,460058,477053
2020-12-17 14:00:00.000000000,1608184800000000000,2187.0,2204.0,2180.0,2192.0,296019,477053,478414
2020-12-17 21:00:00.000000000,1608210000000000000,2180.0,2189.0,2165.0,2175.0,405790,478414,465773
2020-12-17 22:00:00.000000000,1608213600000000000,2175.0,2189.0,2170.0,2182.0,192247,465773,457696
2020-12-18 09:00:00.000000000,1608253200000000000,2184.0,2188.0,2168.0,2172.0,191201,457696,461334
2020-12-18 10:00:00.000000000,1608256800000000000,2172.0,2174.0,2161.0,2171.0,123745,461334,462587
2020-12-18 11:00:00.000000000,1608260400000000000,2171.0,2177.0,2169.0,2169.0,60603,462587,461882
2020-12-18 13:00:00.000000000,1608267600000000000,2166.0,2171.0,2151.0,2170.0,149162,461882,459748
2020-12-18 14:00:00.000000000,1608271200000000000,2170.0,2179.0,2167.0,2170.0,173218,459748,454580
2020-12-18 21:00:00.000000000,1608296400000000000,2171.0,2190.0,2165.0,2178.0,302815,454580,468154
2020-12-18 22:00:00.000000000,1608300000000000000,2178.0,2241.0,2177.0,2215.0,621189,468154,482050
2020-12-21 09:00:00.000000000,1608512400000000000,2198.0,2198.0,2115.0,2130.0,583764,482050,457440
2020-12-21 10:00:00.000000000,1608516000000000000,2130.0,2134.0,2103.0,2112.0,218212,457440,462061
2020-12-21 11:00:00.000000000,1608519600000000000,2112.0,2118.0,2105.0,2111.0,74140,462061,465651
2020-12-21 13:00:00.000000000,1608526800000000000,2113.0,2136.0,2113.0,2129.0,141743,465651,470921
2020-12-21 14:00:00.000000000,1608530400000000000,2129.0,2136.0,2123.0,2128.0,182403,470921,464676
2020-12-21 21:00:00.000000000,1608555600000000000,2115.0,2135.0,2090.0,2130.0,495659,464676,463159
2020-12-21 22:00:00.000000000,1608559200000000000,2130.0,2138.0,2117.0,2128.0,283252,463159,453381
2020-12-22 09:00:00.000000000,1608598800000000000,2133.0,2142.0,2126.0,2131.0,255096,453381,455231
2020-12-22 10:00:00.000000000,1608602400000000000,2131.0,2138.0,2126.0,2136.0,79899,455231,455401
2020-12-22 11:00:00.000000000,1608606000000000000,2136.0,2137.0,2122.0,2127.0,75346,455401,455885
2020-12-22 13:00:00.000000000,1608613200000000000,2119.0,2119.0,2056.0,2061.0,378394,455885,452870
2020-12-22 14:00:00.000000000,1608616800000000000,2061.0,2068.0,2021.0,2022.0,422163,452870,445515
2020-12-22 21:00:00.000000000,1608642000000000000,2053.0,2067.0,2042.0,2059.0,401465,445515,435500
2020-12-22 22:00:00.000000000,1608645600000000000,2059.0,2065.0,2046.0,2051.0,281024,435500,428336
2020-12-23 09:00:00.000000000,1608685200000000000,2036.0,2038.0,2002.0,2009.0,450125,428336,431206
2020-12-23 10:00:00.000000000,1608688800000000000,2009.0,2027.0,1993.0,2016.0,301439,431206,430848
2020-12-23 11:00:00.000000000,1608692400000000000,2016.0,2033.0,2012.0,2021.0,111306,430848,426230
2020-12-23 13:00:00.000000000,1608699600000000000,2019.0,2022.0,2008.0,2019.0,126159,426230,425815
2020-12-23 14:00:00.000000000,1608703200000000000,2019.0,2032.0,2015.0,2029.0,211044,425815,424496
2020-12-23 21:00:00.000000000,1608728400000000000,2053.0,2055.0,2030.0,2040.0,356592,424496,442489
2020-12-23 22:00:00.000000000,1608732000000000000,2040.0,2054.0,2034.0,2046.0,294592,442489,438694
2020-12-24 09:00:00.000000000,1608771600000000000,2059.0,2076.0,2055.0,2060.0,401279,438694,440991
2020-12-24 10:00:00.000000000,1608775200000000000,2060.0,2071.0,2055.0,2070.0,129219,440991,434670
2020-12-24 11:00:00.000000000,1608778800000000000,2070.0,2072.0,2061.0,2068.0,91682,434670,430552
2020-12-24 13:00:00.000000000,1608786000000000000,2072.0,2084.0,2070.0,2082.0,144392,430552,432234
2020-12-24 14:00:00.000000000,1608789600000000000,2082.0,2085.0,2065.0,2070.0,194962,432234,415613
2020-12-24 21:00:00.000000000,1608814800000000000,2049.0,2077.0,2038.0,2073.0,395900,415613,424987
2020-12-24 22:00:00.000000000,1608818400000000000,2073.0,2076.0,2067.0,2074.0,226898,424987,413378
2020-12-25 09:00:00.000000000,1608858000000000000,2083.0,2096.0,2068.0,2079.0,273902,413378,409004
2020-12-25 10:00:00.000000000,1608861600000000000,2079.0,2084.0,2075.0,2079.0,65750,409004,406962
2020-12-25 11:00:00.000000000,1608865200000000000,2079.0,2086.0,2074.0,2083.0,60061,406962,405495
2020-12-25 13:00:00.000000000,1608872400000000000,2085.0,2092.0,2082.0,2088.0,81299,405495,406984
2020-12-25 14:00:00.000000000,1608876000000000000,2088.0,2095.0,2082.0,2093.0,163174,406984,398801
2020-12-25 21:00:00.000000000,1608901200000000000,2100.0,2102.0,2076.0,2080.0,204768,398801,412080
2020-12-25 22:00:00.000000000,1608904800000000000,2080.0,2083.0,2066.0,2069.0,140289,412080,412352
2020-12-28 09:00:00.000000000,1609117200000000000,2070.0,2100.0,2043.0,2095.0,460679,412352,404765
2020-12-28 10:00:00.000000000,1609120800000000000,2095.0,2097.0,2075.0,2081.0,163779,404765,405185
2020-12-28 11:00:00.000000000,1609124400000000000,2081.0,2081.0,2068.0,2073.0,82683,405185,405835
2020-12-28 13:00:00.000000000,1609131600000000000,2076.0,2078.0,2051.0,2055.0,150444,405835,412767
2020-12-28 14:00:00.000000000,1609135200000000000,2055.0,2071.0,2042.0,2066.0,294807,412767,404666
2020-12-28 21:00:00.000000000,1609160400000000000,2090.0,2103.0,2076.0,2085.0,443438,404666,405492
2020-12-28 22:00:00.000000000,1609164000000000000,2085.0,2089.0,2067.0,2076.0,297417,405492,401412
2020-12-29 09:00:00.000000000,1609203600000000000,2063.0,2082.0,2055.0,2068.0,249260,401412,396887
2020-12-29 10:00:00.000000000,1609207200000000000,2068.0,2071.0,2049.0,2051.0,179539,396887,403743
2020-12-29 11:00:00.000000000,1609210800000000000,2051.0,2062.0,2045.0,2059.0,144659,403743,402850
2020-12-29 13:00:00.000000000,1609218000000000000,2063.0,2081.0,2060.0,2078.0,180523,402850,394526
2020-12-29 14:00:00.000000000,1609221600000000000,2078.0,2084.0,2070.0,2076.0,261148,394526,391927
2020-12-29 21:00:00.000000000,1609246800000000000,2084.0,2095.0,2069.0,2081.0,384784,391927,397191
2020-12-29 22:00:00.000000000,1609250400000000000,2081.0,2121.0,2079.0,2103.0,462020,397191,401910
2020-12-30 09:00:00.000000000,1609290000000000000,2101.0,2116.0,2087.0,2089.0,298111,401910,399932
2020-12-30 10:00:00.000000000,1609293600000000000,2089.0,2090.0,2058.0,2068.0,274982,399932,405556
2020-12-30 11:00:00.000000000,1609297200000000000,2068.0,2071.0,2063.0,2068.0,79112,405556,402900
2020-12-30 13:00:00.000000000,1609304400000000000,2067.0,2075.0,2059.0,2065.0,137348,402900,411640
2020-12-30 14:00:00.000000000,1609308000000000000,2065.0,2072.0,2062.0,2067.0,189786,411640,405189
2020-12-30 21:00:00.000000000,1609333200000000000,2075.0,2082.0,2054.0,2064.0,297578,405189,411918
2020-12-30 22:00:00.000000000,1609336800000000000,2064.0,2064.0,2036.0,2063.0,395137,411918,410243
2020-12-31 09:00:00.000000000,1609376400000000000,2064.0,2079.0,2061.0,2071.0,212892,410243,398234
2020-12-31 10:00:00.000000000,1609380000000000000,2071.0,2084.0,2068.0,2071.0,152456,398234,390338
2020-12-31 11:00:00.000000000,1609383600000000000,2071.0,2076.0,2065.0,2073.0,82371,390338,387982
2020-12-31 13:00:00.000000000,1609390800000000000,2076.0,2086.0,2075.0,2077.0,101789,387982,386174
2020-12-31 14:00:00.000000000,1609394400000000000,2077.0,2080.0,2056.0,2060.0,198925,386174,384076
2021-01-04 09:00:00.000000000,1609722000000000000,2068.0,2095.0,2021.0,2095.0,477444,384076,416301
2021-01-04 10:00:00.000000000,1609725600000000000,2095.0,2107.0,2087.0,2106.0,265316,416301,413568
2021-01-04 11:00:00.000000000,1609729200000000000,2106.0,2113.0,2101.0,2106.0,181754,413568,411999
2021-01-04 13:00:00.000000000,1609736400000000000,2104.0,2112.0,2097.0,2109.0,148379,411999,413402
2021-01-04 14:00:00.000000000,1609740000000000000,2109.0,2137.0,2109.0,2126.0,464214,413402,414765
2021-01-04 21:00:00.000000000,1609765200000000000,2095.0,2123.0,2089.0,2122.0,422342,414765,428737
2021-01-04 22:00:00.000000000,1609768800000000000,2122.0,2126.0,2105.0,2114.0,309862,428737,418868
2021-01-05 09:00:00.000000000,1609808400000000000,2086.0,2099.0,2081.0,2085.0,371213,418868,427166
2021-01-05 10:00:00.000000000,1609812000000000000,2085.0,2089.0,2064.0,2064.0,197476,427166,435124
2021-01-05 11:00:00.000000000,1609815600000000000,2064.0,2068.0,2059.0,2062.0,147539,435124,444167
2021-01-05 13:00:00.000000000,1609822800000000000,2056.0,2072.0,2054.0,2057.0,160493,444167,456177
2021-01-05 14:00:00.000000000,1609826400000000000,2057.0,2062.0,2052.0,2054.0,231329,456177,461620
2021-01-05 21:00:00.000000000,1609851600000000000,2075.0,2078.0,2059.0,2060.0,327750,461620,464035
2021-01-05 22:00:00.000000000,1609855200000000000,2060.0,2091.0,2060.0,2083.0,433766,464035,450392
2021-01-06 09:00:00.000000000,1609894800000000000,2102.0,2142.0,2102.0,2127.0,578909,450392,439237
2021-01-06 10:00:00.000000000,1609898400000000000,2127.0,2140.0,2125.0,2126.0,237838,439237,434639
2021-01-06 11:00:00.000000000,1609902000000000000,2126.0,2140.0,2125.0,2133.0,145855,434639,439475
2021-01-06 13:00:00.000000000,1609909200000000000,2131.0,2134.0,2126.0,2131.0,92266,439475,438201
2021-01-06 14:00:00.000000000,1609912800000000000,2131.0,2134.0,2124.0,2127.0,199941,438201,433053
2021-01-06 21:00:00.000000000,1609938000000000000,2114.0,2146.0,2110.0,2126.0,382506,433053,447999
2021-01-06 22:00:00.000000000,1609941600000000000,2126.0,2138.0,2116.0,2132.0,303570,447999,440292
2021-01-07 09:00:00.000000000,1609981200000000000,2143.0,2169.0,2143.0,2167.0,377163,440292,460354
2021-01-07 10:00:00.000000000,1609984800000000000,2167.0,2182.0,2162.0,2179.0,228466,460354,465205
2021-01-07 11:00:00.000000000,1609988400000000000,2179.0,2198.0,2176.0,2191.0,162222,465205,470530
2021-01-07 13:00:00.000000000,1609995600000000000,2189.0,2196.0,2177.0,2193.0,137383,470530,474543
2021-01-07 14:00:00.000000000,1609999200000000000,2193.0,2207.0,2189.0,2194.0,299184,474543,469451
2021-01-07 21:00:00.000000000,1610024400000000000,2187.0,2196.0,2170.0,2175.0,343158,469451,474971
2021-01-07 22:00:00.000000000,1610028000000000000,2175.0,2192.0,2174.0,2181.0,235297,474971,469532
2021-01-08 09:00:00.000000000,1610067600000000000,2190.0,2214.0,2183.0,2184.0,282971,469532,480660
2021-01-08 10:00:00.000000000,1610071200000000000,2184.0,2212.0,2182.0,2205.0,182365,480660,482219
2021-01-08 11:00:00.000000000,1610074800000000000,2205.0,2207.0,2189.0,2194.0,140757,482219,474604
2021-01-08 13:00:00.000000000,1610082000000000000,2196.0,2202.0,2178.0,2202.0,164789,474604,472755
2021-01-08 14:00:00.000000000,1610085600000000000,2202.0,2223.0,2197.0,2216.0,282779,472755,475245
2021-01-08 21:00:00.000000000,1610110800000000000,2231.0,2277.0,2224.0,2234.0,594470,475245,492166
2021-01-08 22:00:00.000000000,1610114400000000000,2234.0,2249.0,2200.0,2213.0,373938,492166,465230
2021-01-11 09:00:00.000000000,1610326800000000000,2236.0,2259.0,2211.0,2220.0,418661,465230,461686
2021-01-11 10:00:00.000000000,1610330400000000000,2220.0,2221.0,2194.0,2204.0,233257,461686,459307
2021-01-11 11:00:00.000000000,1610334000000000000,2204.0,2208.0,2176.0,2180.0,169593,459307,446702
2021-01-11 13:00:00.000000000,1610341200000000000,2182.0,2198.0,2172.0,2185.0,159263,446702,445948
2021-01-11 14:00:00.000000000,1610344800000000000,2185.0,2185.0,2158.0,2171.0,274202,445948,432667
2021-01-11 21:00:00.000000000,1610370000000000000,2179.0,2182.0,2154.0,2157.0,384458,432667,433987
2021-01-11 22:00:00.000000000,1610373600000000000,2157.0,2168.0,2142.0,2158.0,362618,433987,416869
2021-01-12 09:00:00.000000000,1610413200000000000,2185.0,2205.0,2182.0,2189.0,317645,416869,416344
2021-01-12 10:00:00.000000000,1610416800000000000,2189.0,2196.0,2186.0,2190.0,99183,416344,418046
2021-01-12 11:00:00.000000000,1610420400000000000,2190.0,2195.0,2182.0,2184.0,80682,418046,420506
2021-01-12 13:00:00.000000000,1610427600000000000,2183.0,2210.0,2177.0,2204.0,166161,420506,429655
2021-01-12 14:00:00.000000000,1610431200000000000,2204.0,2223.0,2198.0,2215.0,255063,429655,426549
2021-01-12 21:00:00.000000000,1610456400000000000,2239.0,2246.0,2217.0,2219.0,372123,426549,437954
2021-01-12 22:00:00.000000000,1610460000000000000,2219.0,2227.0,2211.0,2219.0,220577,437954,429988
2021-01-13 09:00:00.000000000,1610499600000000000,2243.0,2258.0,2236.0,2244.0,371152,429988,440761
2021-01-13 10:00:00.000000000,1610503200000000000,2244.0,2256.0,2241.0,2247.0,134681,440761,444101
2021-01-13 11:00:00.000000000,1610506800000000000,2247.0,2265.0,2244.0,2258.0,122092,444101,446070
2021-01-13 13:00:00.000000000,1610514000000000000,2256.0,2256.0,2240.0,2248.0,119120,446070,445004
2021-01-13 14:00:00.000000000,1610517600000000000,2248.0,2264.0,2244.0,2256.0,228025,445004,441661
2021-01-13 21:00:00.000000000,1610542800000000000,2245.0,2262.0,2231.0,2255.0,340645,441661,440286
2021-01-13 22:00:00.000000000,1610546400000000000,2255.0,2258.0,2207.0,2221.0,460381,440286,422362
2021-01-14 09:00:00.000000000,1610586000000000000,2224.0,2228.0,2202.0,2221.0,232281,422362,424082
2021-01-14 10:00:00.000000000,1610589600000000000,2221.0,2223.0,2208.0,2214.0,142777,424082,422589
2021-01-14 11:00:00.000000000,1610593200000000000,2214.0,2216.0,2207.0,2215.0,67255,422589,425173
2021-01-14 13:00:00.000000000,1610600400000000000,2214.0,2228.0,2210.0,2223.0,100300,425173,426925
2021-01-14 14:00:00.000000000,1610604000000000000,2223.0,2235.0,2219.0,2235.0,154003,426925,424460
2021-01-14 21:00:00.000000000,1610629200000000000,2227.0,2234.0,2205.0,2210.0,388634,424460,430620
2021-01-14 22:00:00.000000000,1610632800000000000,2210.0,2239.0,2208.0,2237.0,338170,430620,429365
2021-01-15 09:00:00.000000000,1610672400000000000,2260.0,2272.0,2248.0,2252.0,251253,429365,437141
2021-01-15 10:00:00.000000000,1610676000000000000,2252.0,2254.0,2225.0,2231.0,164308,437141,437640
2021-01-15 11:00:00.000000000,1610679600000000000,2231.0,2233.0,2214.0,2221.0,108907,437640,434432
2021-01-15 13:00:00.000000000,1610686800000000000,2212.0,2216.0,2192.0,2202.0,214403,434432,438234
2021-01-15 14:00:00.000000000,1610690400000000000,2202.0,2220.0,2196.0,2206.0,241749,438234,424136
2021-01-15 21:00:00.000000000,1610715600000000000,2201.0,2212.0,2186.0,2192.0,364564,424136,435192
2021-01-15 22:00:00.000000000,1610719200000000000,2192.0,2206.0,2184.0,2192.0,302000,435192,429686
2021-01-18 09:00:00.000000000,1610931600000000000,2174.0,2175.0,2145.0,2162.0,359189,429686,440132
2021-01-18 10:00:00.000000000,1610935200000000000,2162.0,2170.0,2156.0,2163.0,100447,440132,438130
2021-01-18 11:00:00.000000000,1610938800000000000,2163.0,2166.0,2158.0,2159.0,49614,438130,436031
2021-01-18 13:00:00.000000000,1610946000000000000,2159.0,2177.0,2156.0,2176.0,96496,436031,436613
2021-01-18 14:00:00.000000000,1610949600000000000,2176.0,2184.0,2172.0,2181.0,165422,436613,424157
2021-01-18 21:00:00.000000000,1610974800000000000,2181.0,2198.0,2176.0,2196.0,293804,424157,429194
2021-01-18 22:00:00.000000000,1610978400000000000,2196.0,2200.0,2187.0,2199.0,168632,429194,423307
2021-01-19 09:00:00.000000000,1611018000000000000,2200.0,2205.0,2188.0,2197.0,209634,423307,420960
2021-01-19 10:00:00.000000000,1611021600000000000,2197.0,2199.0,2185.0,2193.0,94519,420960,417571
2021-01-19 11:00:00.000000000,1611025200000000000,2193.0,2199.0,2192.0,2195.0,53782,417571,416530
2021-01-19 13:00:00.000000000,1611032400000000000,2194.0,2196.0,2180.0,2186.0,106374,416530,419948
2021-01-19 14:00:00.000000000,1611036000000000000,2186.0,2192.0,2183.0,2191.0,118605,419948,412952
2021-01-19 21:00:00.000000000,1611061200000000000,2199.0,2207.0,2193.0,2201.0,253034,412952,415311
2021-01-19 22:00:00.000000000,1611064800000000000,2201.0,2227.0,2201.0,2217.0,356699,415311,415047
2021-01-20 09:00:00.000000000,1611104400000000000,2236.0,2237.0,2214.0,2219.0,219517,415047,418595
2021-01-20 10:00:00.000000000,1611108000000000000,2219.0,2227.0,2216.0,2226.0,81891,418595,420644
2021-01-20 11:00:00.000000000,1611111600000000000,2226.0,2227.0,2217.0,2219.0,59737,420644,418399
2021-01-20 13:00:00.000000000,1611118800000000000,2219.0,2219.0,2201.0,2206.0,126003,418399,422237
2021-01-20 14:00:00.000000000,1611122400000000000,2206.0,2215.0,2202.0,2215.0,110462,422237,418181
2021-01-20 21:00:00.000000000,1611147600000000000,2212.0,2222.0,2204.0,2215.0,259732,418181,427647
2021-01-20 22:00:00.000000000,1611151200000000000,2215.0,2229.0,2210.0,2220.0,249122,427647,423768
2021-01-21 09:00:00.000000000,1611190800000000000,2209.0,2209.0,2183.0,2187.0,265093,423768,428529
2021-01-21 10:00:00.000000000,1611194400000000000,2187.0,2192.0,2181.0,2189.0,102415,428529,431242
2021-01-21 11:00:00.000000000,1611198000000000000,2189.0,2190.0,2181.0,2187.0,58429,431242,431056
2021-01-21 13:00:00.000000000,1611205200000000000,2189.0,2196.0,2188.0,2191.0,94232,431056,429590
2021-01-21 14:00:00.000000000,1611208800000000000,2191.0,2196.0,2180.0,2192.0,144274,429590,426163
2021-01-21 21:00:00.000000000,1611234000000000000,2189.0,2197.0,2170.0,2170.0,250765,426163,426840
2021-01-21 22:00:00.000000000,1611237600000000000,2170.0,2188.0,2163.0,2166.0,322799,426840,419450
2021-01-22 09:00:00.000000000,1611277200000000000,2171.0,2173.0,2151.0,2156.0,250593,419450,438136
2021-01-22 10:00:00.000000000,1611280800000000000,2156.0,2156.0,2124.0,2124.0,239979,438136,451065
2021-01-22 11:00:00.000000000,1611284400000000000,2124.0,2140.0,2121.0,2136.0,105759,451065,451107
2021-01-22 13:00:00.000000000,1611291600000000000,2138.0,2141.0,2119.0,2124.0,115039,451107,459840
2021-01-22 14:00:00.000000000,1611295200000000000,2124.0,2129.0,2116.0,2119.0,220366,459840,456498
2021-01-22 21:00:00.000000000,1611320400000000000,2097.0,2098.0,2074.0,2089.0,411589,456498,474333
2021-01-22 22:00:00.000000000,1611324000000000000,2089.0,2112.0,2081.0,2107.0,322540,474333,464719
2021-01-25 09:00:00.000000000,1611536400000000000,2109.0,2116.0,2092.0,2095.0,244951,464719,463957
2021-01-25 10:00:00.000000000,1611540000000000000,2095.0,2109.0,2092.0,2099.0,124338,463957,461328
2021-01-25 11:00:00.000000000,1611543600000000000,2099.0,2101.0,2092.0,2096.0,53266,461328,463347
2021-01-25 13:00:00.000000000,1611550800000000000,2103.0,2107.0,2094.0,2099.0,63353,463347,464020
2021-01-25 14:00:00.000000000,1611554400000000000,2099.0,2104.0,2091.0,2099.0,121010,464020,458576
2021-01-25 21:00:00.000000000,1611579600000000000,2092.0,2102.0,2076.0,2081.0,298362,458576,488124
2021-01-25 22:00:00.000000000,1611583200000000000,2081.0,2088.0,2068.0,2083.0,282762,488124,485005
2021-01-26 09:00:00.000000000,1611622800000000000,2096.0,2100.0,2082.0,2087.0,197705,485005,478965
2021-01-26 10:00:00.000000000,1611626400000000000,2087.0,2094.0,2081.0,2084.0,102737,478965,477889
2021-01-26 11:00:00.000000000,1611630000000000000,2084.0,2090.0,2082.0,2088.0,47342,477889,474973
2021-01-26 13:00:00.000000000,1611637200000000000,2084.0,2085.0,2075.0,2084.0,74087,474973,478979
2021-01-26 14:00:00.000000000,1611640800000000000,2084.0,2085.0,2063.0,2076.0,190606,478979,474277
2021-01-26 21:00:00.000000000,1611666000000000000,2100.0,2113.0,2094.0,2106.0,304023,474277,466543
2021-01-26 22:00:00.000000000,1611669600000000000,2106.0,2107.0,2091.0,2096.0,226556,466543,456730
2021-01-27 09:00:00.000000000,1611709200000000000,2093.0,2101.0,2088.0,2097.0,153594,456730,455972
2021-01-27 10:00:00.000000000,1611712800000000000,2097.0,2105.0,2096.0,2101.0,75985,455972,456324
2021-01-27 11:00:00.000000000,1611716400000000000,2101.0,2111.0,2098.0,2110.0,59341,456324,454666
2021-01-27 13:00:00.000000000,1611723600000000000,2113.0,2122.0,2113.0,2119.0,116677,454666,447326
2021-01-27 14:00:00.000000000,1611727200000000000,2119.0,2127.0,2119.0,2125.0,134615,447326,431057
2021-01-27 21:00:00.000000000,1611752400000000000,2111.0,2117.0,2105.0,2111.0,236249,431057,431838
2021-01-27 22:00:00.000000000,1611756000000000000,2111.0,2117.0,2095.0,2105.0,276746,431838,425835
2021-01-28 09:00:00.000000000,1611795600000000000,2108.0,2119.0,2096.0,2115.0,168176,425835,419418
2021-01-28 10:00:00.000000000,1611799200000000000,2115.0,2117.0,2110.0,2115.0,68950,419418,415056
2021-01-28 11:00:00.000000000,1611802800000000000,2115.0,2118.0,2111.0,2114.0,38773,415056,412517
2021-01-28 13:00:00.000000000,1611810000000000000,2116.0,2116.0,2100.0,2108.0,93419,412517,409307
2021-01-28 14:00:00.000000000,1611813600000000000,2108.0,2118.0,2105.0,2116.0,118674,409307,400737
2021-01-28 21:00:00.000000000,1611838800000000000,2121.0,2158.0,2116.0,2152.0,374813,400737,405005
2021-01-28 22:00:00.000000000,1611842400000000000,2152.0,2163.0,2149.0,2158.0,264711,405005,387315
2021-01-29 09:00:00.000000000,1611882000000000000,2132.0,2148.0,2123.0,2142.0,249345,387315,377483
2021-01-29 10:00:00.000000000,1611885600000000000,2142.0,2144.0,2133.0,2139.0,80717,377483,370971
2021-01-29 11:00:00.000000000,1611889200000000000,2139.0,2146.0,2139.0,2146.0,42534,370971,367573
2021-01-29 13:00:00.000000000,1611896400000000000,2139.0,2146.0,2134.0,2144.0,95616,367573,369985
2021-01-29 14:00:00.000000000,1611900000000000000,2144.0,2159.0,2133.0,2155.0,190638,369985,369232
2021-01-29 21:00:00.000000000,1611925200000000000,2165.0,2172.0,2151.0,2166.0,273453,369232,376941
2021-01-29 22:00:00.000000000,1611928800000000000,2166.0,2179.0,2160.0,2166.0,244131,376941,370942
2021-02-01 09:00:00.000000000,1612141200000000000,2141.0,2147.0,2125.0,2131.0,260044,370942,375087
2021-02-01 10:00:00.000000000,1612144800000000000,2131.0,2149.0,2131.0,2147.0,92408,375087,372407
2021-02-01 11:00:00.000000000,1612148400000000000,2147.0,2168.0,2146.0,2163.0,96725,372407,372428
2021-02-01 13:00:00.000000000,1612155600000000000,2163.0,2177.0,2163.0,2174.0,101885,372428,374718
2021-02-01 14:00:00.000000000,1612159200000000000,2174.0,2181.0,2171.0,2178.0,150638,374718,378594
2021-02-01 21:00:00.000000000,1612184400000000000,2185.0,2189.0,2170.0,2174.0,192287,378594,384423
2021-02-01 22:00:00.000000000,1612188000000000000,2174.0,2188.0,2170.0,2175.0,210746,384423,377417
2021-02-02 09:00:00.000000000,1612227600000000000,2207.0,2210.0,2188.0,2210.0,291110,377417,379952
2021-02-02 10:00:00.000000000,1612231200000000000,2210.0,2226.0,2210.0,2223.0,162709,379952,387115
2021-02-02 11:00:00.000000000,1612234800000000000,2223.0,2230.0,2210.0,2212.0,100625,387115,377484
2021-02-02 13:00:00.000000000,1612242000000000000,2212.0,2226.0,2210.0,2225.0,90015,377484,386816
2021-02-02 14:00:00.000000000,1612245600000000000,2225.0,2228.0,2216.0,2221.0,173602,386816,379893
2021-02-02 21:00:00.000000000,1612270800000000000,2243.0,2248.0,2221.0,2223.0,336551,379893,395440
2021-02-02 22:00:00.000000000,1612274400000000000,2223.0,2231.0,2216.0,2218.0,195973,395440,385893
2021-02-03 09:00:00.000000000,1612314000000000000,2226.0,2231.0,2214.0,2220.0,202780,385893,386047
2021-02-03 10:00:00.000000000,1612317600000000000,2220.0,2226.0,2214.0,2223.0,86144,386047,385992
2021-02-03 11:00:00.000000000,1612321200000000000,2223.0,2224.0,2216.0,2216.0,41610,385992,387628
2021-02-03 13:00:00.000000000,1612328400000000000,2217.0,2229.0,2206.0,2225.0,112901,387628,390141
2021-02-03 14:00:00.000000000,1612332000000000000,2225.0,2226.0,2214.0,2218.0,117679,390141,385139
2021-02-03 21:00:00.000000000,1612357200000000000,2224.0,2233.0,2222.0,2227.0,197078,385139,389660
2021-02-03 22:00:00.000000000,1612360800000000000,2227.0,2239.0,2213.0,2227.0,255731,389660,382518
2021-02-04 09:00:00.000000000,1612400400000000000,2233.0,2238.0,2215.0,2221.0,179428,382518,387104
2021-02-04 10:00:00.000000000,1612404000000000000,2221.0,2253.0,2219.0,2253.0,186918,387104,392964
2021-02-04 11:00:00.000000000,1612407600000000000,2253.0,2255.0,2231.0,2233.0,85055,392964,388390
2021-02-04 13:00:00.000000000,1612414800000000000,2229.0,2232.0,2217.0,2232.0,130877,388390,391895
2021-02-04 14:00:00.000000000,1612418400000000000,2232.0,2252.0,2227.0,2246.0,175577,391895,387110
2021-02-04 21:00:00.000000000,1612443600000000000,2252.0,2255.0,2236.0,2242.0,212576,387110,385128
2021-02-04 22:00:00.000000000,1612447200000000000,2242.0,2246.0,2225.0,2229.0,243385,385128,376126
2021-02-05 09:00:00.000000000,1612486800000000000,2247.0,2268.0,2244.0,2251.0,260466,376126,380156
2021-02-05 10:00:00.000000000,1612490400000000000,2251.0,2259.0,2248.0,2250.0,89898,380156,382037
2021-02-05 11:00:00.000000000,1612494000000000000,2250.0,2255.0,2247.0,2248.0,47838,382037,379961
2021-02-05 13:00:00.000000000,1612501200000000000,2253.0,2261.0,2250.0,2257.0,78989,379961,379478
2021-02-05 14:00:00.000000000,1612504800000000000,2257.0,2264.0,2255.0,2259.0,123450,379478,377380
2021-02-05 21:00:00.000000000,1612530000000000000,2268.0,2279.0,2249.0,2257.0,316361,377380,382378
2021-02-05 22:00:00.000000000,1612533600000000000,2257.0,2280.0,2257.0,2276.0,268126,382378,383423
2021-02-08 09:00:00.000000000,1612746000000000000,2288.0,2322.0,2288.0,2310.0,279592,383423,407709
2021-02-08 10:00:00.000000000,1612749600000000000,2310.0,2315.0,2303.0,2310.0,103602,407709,403217
2021-02-08 11:00:00.000000000,1612753200000000000,2310.0,2310.0,2296.0,2299.0,61672,403217,396168
2021-02-08 13:00:00.000000000,1612760400000000000,2305.0,2311.0,2295.0,2296.0,80733,396168,396782
2021-02-08 14:00:00.000000000,1612764000000000000,2296.0,2298.0,2285.0,2287.0,128211,396782,381196
2021-02-08 21:00:00.000000000,1612789200000000000,2289.0,2300.0,2275.0,2281.0,205629,381196,378614
2021-02-08 22:00:00.000000000,1612792800000000000,2281.0,2290.0,2277.0,2279.0,127022,378614,368792
2021-02-09 09:00:00.000000000,1612832400000000000,2302.0,2306.0,2289.0,2301.0,151259,368792,369320
2021-02-09 10:00:00.000000000,1612836000000000000,2301.0,2313.0,2294.0,2311.0,96712,369320,367343
2021-02-09 11:00:00.000000000,1612839600000000000,2311.0,2320.0,2309.0,2319.0,51368,367343,364333
2021-02-09 13:00:00.000000000,1612846800000000000,2317.0,2344.0,2314.0,2340.0,123351,364333,371832
2021-02-09 14:00:00.000000000,1612850400000000000,2340.0,2350.0,2333.0,2342.0,158517,371832,363085
2021-02-09 21:00:00.000000000,1612875600000000000,2334.0,2336.0,2291.0,2296.0,240713,363085,361153
2021-02-09 22:00:00.000000000,1612879200000000000,2296.0,2301.0,2263.0,2281.0,217571,361153,343156
2021-02-10 09:00:00.000000000,1612918800000000000,2297.0,2301.0,2287.0,2297.0,130261,343156,336663
2021-02-10 10:00:00.000000000,1612922400000000000,2297.0,2297.0,2280.0,2281.0,72301,336663,334607
2021-02-10 11:00:00.000000000,1612926000000000000,2281.0,2290.0,2279.0,2285.0,37577,334607,331832
2021-02-10 13:00:00.000000000,1612933200000000000,2284.0,2288.0,2278.0,2282.0,63560,331832,327987
2021-02-10 14:00:00.000000000,1612936800000000000,2282.0,2285.0,2057.0,2057.0,109253,327987,305953
2021-02-18 09:00:00.000000000,1613610000000000000,2407.0,2414.0,2365.0,2393.0,382881,305953,311931
2021-02-18 10:00:00.000000000,1613613600000000000,2393.0,2416.0,2393.0,2412.0,86927,311931,312632
2021-02-18 11:00:00.000000000,1613617200000000000,2412.0,2415.0,2398.0,2400.0,43663,312632,309017
2021-02-18 13:00:00.000000000,1613624400000000000,2405.0,2408.0,2398.0,2401.0,44770,309017,308205
2021-02-18 14:00:00.000000000,1613628000000000000,2401.0,2408.0,2392.0,2399.0,83939,308205,305682
2021-02-18 21:00:00.000000000,1613653200000000000,2400.0,2414.0,2392.0,2404.0,197481,305682,318469
2021-02-18 22:00:00.000000000,1613656800000000000,2404.0,2409.0,2396.0,2400.0,165771,318469,314145
2021-02-19 09:00:00.000000000,1613696400000000000,2360.0,2364.0,2325.0,2326.0,318096,314145,320351
2021-02-19 10:00:00.000000000,1613700000000000000,2326.0,2327.0,2305.0,2314.0,155835,320351,324409
2021-02-19 11:00:00.000000000,1613703600000000000,2314.0,2325.0,2311.0,2323.0,53035,324409,317765
2021-02-19 13:00:00.000000000,1613710800000000000,2329.0,2344.0,2329.0,2336.0,102122,317765,315678
2021-02-19 14:00:00.000000000,1613714400000000000,2336.0,2344.0,2332.0,2342.0,113268,315678,312271
2021-02-19 21:00:00.000000000,1613739600000000000,2339.0,2347.0,2333.0,2344.0,181483,312271,311337
2021-02-19 22:00:00.000000000,1613743200000000000,2344.0,2360.0,2342.0,2350.0,181885,311337,305243
2021-02-22 09:00:00.000000000,1613955600000000000,2351.0,2377.0,2343.0,2350.0,249971,305243,316862
2021-02-22 10:00:00.000000000,1613959200000000000,2350.0,2358.0,2344.0,2355.0,80281,316862,319661
2021-02-22 11:00:00.000000000,1613962800000000000,2355.0,2362.0,2352.0,2358.0,58628,319661,317953
2021-02-22 13:00:00.000000000,1613970000000000000,2365.0,2369.0,2354.0,2365.0,86908,317953,318361
2021-02-22 14:00:00.000000000,1613973600000000000,2365.0,2369.0,2357.0,2359.0,133076,318361,307547
2021-02-22 21:00:00.000000000,1613998800000000000,2351.0,2369.0,2341.0,2364.0,237664,307547,309742
2021-02-22 22:00:00.000000000,1614002400000000000,2364.0,2396.0,2361.0,2391.0,219856,309742,311118
2021-02-23 09:00:00.000000000,1614042000000000000,2415.0,2440.0,2406.0,2437.0,316108,311118,322163
2021-02-23 10:00:00.000000000,1614045600000000000,2437.0,2484.0,2437.0,2476.0,175108,322163,325113
2021-02-23 11:00:00.000000000,1614049200000000000,2476.0,2477.0,2432.0,2444.0,142922,325113,308731
2021-02-23 13:00:00.000000000,1614056400000000000,2451.0,2465.0,2451.0,2453.0,77622,308731,310584
2021-02-23 14:00:00.000000000,1614060000000000000,2453.0,2463.0,2443.0,2450.0,154011,310584,303722
2021-02-23 21:00:00.000000000,1614085200000000000,2443.0,2445.0,2424.0,2428.0,204925,303722,299937
2021-02-23 22:00:00.000000000,1614088800000000000,2428.0,2431.0,2398.0,2414.0,269030,299937,292530
2021-02-24 09:00:00.000000000,1614128400000000000,2414.0,2429.0,2405.0,2421.0,200684,292530,295142
2021-02-24 10:00:00.000000000,1614132000000000000,2421.0,2424.0,2411.0,2417.0,94228,295142,297035
2021-02-24 11:00:00.000000000,1614135600000000000,2417.0,2421.0,2411.0,2416.0,51682,297035,295885
2021-02-24 13:00:00.000000000,1614142800000000000,2414.0,2420.0,2402.0,2416.0,76767,295885,297148
2021-02-24 14:00:00.000000000,1614146400000000000,2416.0,2429.0,2407.0,2429.0,128072,297148,291604
2021-02-24 21:00:00.000000000,1614171600000000000,2452.0,2462.0,2429.0,2433.0,279347,291604,299318
2021-02-24 22:00:00.000000000,1614175200000000000,2433.0,2456.0,2431.0,2451.0,243862,299318,296974
2021-02-25 09:00:00.000000000,1614214800000000000,2473.0,2490.0,2457.0,2474.0,275710,296974,299424
2021-02-25 10:00:00.000000000,1614218400000000000,2474.0,2481.0,2464.0,2466.0,94230,299424,298044
2021-02-25 11:00:00.000000000,1614222000000000000,2466.0,2475.0,2465.0,2472.0,39442,298044,297084
2021-02-25 13:00:00.000000000,1614229200000000000,2469.0,2485.0,2464.0,2470.0,94680,297084,300899
2021-02-25 14:00:00.000000000,1614232800000000000,2470.0,2474.0,2461.0,2468.0,162411,300899,293074
2021-02-25 21:00:00.000000000,1614258000000000000,2468.0,2479.0,2451.0,2459.0,311265,293074,285591
2021-02-25 22:00:00.000000000,1614261600000000000,2459.0,2461.0,2422.0,2424.0,341559,285591,273716
2021-02-26 09:00:00.000000000,1614301200000000000,2431.0,2439.0,2405.0,2435.0,276961,273716,273098
2021-02-26 10:00:00.000000000,1614304800000000000,2435.0,2441.0,2426.0,2437.0,93864,273098,269879
2021-02-26 11:00:00.000000000,1614308400000000000,2437.0,2442.0,2430.0,2438.0,45879,269879,270353
2021-02-26 13:00:00.000000000,1614315600000000000,2427.0,2440.0,2408.0,2437.0,142321,270353,272562
2021-02-26 14:00:00.000000000,1614319200000000000,2437.0,2456.0,2424.0,2430.0,190568,272562,256988
2021-02-26 21:00:00.000000000,1614344400000000000,2421.0,2428.0,2387.0,2425.0,352531,256988,256229
2021-02-26 22:00:00.000000000,1614348000000000000,2425.0,2457.0,2424.0,2451.0,260542,256229,259116
2021-03-01 09:00:00.000000000,1614560400000000000,2451.0,2507.0,2451.0,2486.0,355504,259116,276105
2021-03-01 10:00:00.000000000,1614564000000000000,2486.0,2492.0,2472.0,2474.0,99023,276105,274962
2021-03-01 11:00:00.000000000,1614567600000000000,2474.0,2477.0,2457.0,2464.0,72828,274962,268223
2021-03-01 13:00:00.000000000,1614574800000000000,2463.0,2472.0,2434.0,2444.0,124998,268223,260896
2021-03-01 14:00:00.000000000,1614578400000000000,2444.0,2444.0,2431.0,2441.0,124739,260896,253479
2021-03-01 21:00:00.000000000,1614603600000000000,2432.0,2437.0,2413.0,2417.0,260191,253479,262009
2021-03-01 22:00:00.000000000,1614607200000000000,2417.0,2424.0,2400.0,2407.0,242732,262009,254229
2021-03-02 09:00:00.000000000,1614646800000000000,2367.0,2371.0,2326.0,2333.0,370844,254229,256449
2021-03-02 10:00:00.000000000,1614650400000000000,2333.0,2346.0,2318.0,2321.0,173354,256449,256645
2021-03-02 11:00:00.000000000,1614654000000000000,2321.0,2331.0,2311.0,2315.0,63840,256645,258255
2021-03-02 13:00:00.000000000,1614661200000000000,2315.0,2329.0,2314.0,2323.0,76406,258255,258781
2021-03-02 14:00:00.000000000,1614664800000000000,2323.0,2335.0,2318.0,2326.0,147148,258781,256111
2021-03-02 21:00:00.000000000,1614690000000000000,2351.0,2359.0,2336.0,2347.0,269896,256111,255329
2021-03-02 22:00:00.000000000,1614693600000000000,2347.0,2355.0,2328.0,2336.0,225234,255329,248214
2021-03-03 09:00:00.000000000,1614733200000000000,2306.0,2332.0,2294.0,2324.0,250558,248214,252080
2021-03-03 10:00:00.000000000,1614736800000000000,2324.0,2329.0,2318.0,2318.0,76956,252080,250654
2021-03-03 11:00:00.000000000,1614740400000000000,2318.0,2325.0,2310.0,2312.0,50751,250654,251429
2021-03-03 13:00:00.000000000,1614747600000000000,2314.0,2316.0,2305.0,2309.0,69824,251429,254869
2021-03-03 14:00:00.000000000,1614751200000000000,2309.0,2320.0,2291.0,2314.0,178668,254869,256766
2021-03-03 21:00:00.000000000,1614776400000000000,2332.0,2341.0,2314.0,2339.0,277273,256766,257338
2021-03-03 22:00:00.000000000,1614780000000000000,2339.0,2342.0,2318.0,2327.0,244985,257338,251286
2021-03-04 09:00:00.000000000,1614819600000000000,2342.0,2349.0,2328.0,2347.0,252909,251286,253778
2021-03-04 10:00:00.000000000,1614823200000000000,2347.0,2352.0,2336.0,2344.0,137707,253778,251405
2021-03-04 11:00:00.000000000,1614826800000000000,2344.0,2348.0,2338.0,2347.0,70762,251405,247902
2021-03-04 13:00:00.000000000,1614834000000000000,2350.0,2368.0,2348.0,2363.0,114241,247902,248251
2021-03-04 14:00:00.000000000,1614837600000000000,2363.0,2379.0,2360.0,2364.0,204755,248251,239609
2021-03-04 21:00:00.000000000,1614862800000000000,2363.0,2405.0,2345.0,2402.0,362862,239609,245224
2021-03-04 22:00:00.000000000,1614866400000000000,2402.0,2414.0,2371.0,2384.0,345972,245224,238923
2021-03-05 09:00:00.000000000,1614906000000000000,2446.0,2466.0,2431.0,2443.0,374982,238923,245577
2021-03-05 10:00:00.000000000,1614909600000000000,2443.0,2476.0,2443.0,2469.0,190762,245577,254601
2021-03-05 11:00:00.000000000,1614913200000000000,2469.0,2483.0,2468.0,2475.0,91930,254601,255984
2021-03-05 13:00:00.000000000,1614920400000000000,2473.0,2482.0,2464.0,2479.0,78547,255984,261331
2021-03-05 14:00:00.000000000,1614924000000000000,2479.0,2503.0,2474.0,2499.0,230926,261331,268361
2021-03-05 21:00:00.000000000,1614949200000000000,2515.0,2574.0,2511.0,2571.0,455795,268361,303134
2021-03-05 22:00:00.000000000,1614952800000000000,2571.0,2602.0,2558.0,2588.0,417634,303134,291486
2021-03-08 09:00:00.000000000,1615165200000000000,2624.0,2624.0,2615.0,2624.0,107759,291486,288272
2021-03-08 10:00:00.000000000,1615168800000000000,2624.0,2624.0,2624.0,2624.0,1767,288272,287422
2021-03-08 11:00:00.000000000,1615172400000000000,2624.0,2624.0,2624.0,2624.0,2195,287422,286345
2021-03-08 13:00:00.000000000,1615179600000000000,2624.0,2624.0,2624.0,2624.0,3890,286345,284277
2021-03-08 14:00:00.000000000,1615183200000000000,2624.0,2624.0,2624.0,2624.0,5386,284277,282643
2021-03-08 21:00:00.000000000,1615208400000000000,2607.0,2622.0,2574.0,2601.0,528553,282643,283566
2021-03-08 22:00:00.000000000,1615212000000000000,2601.0,2605.0,2576.0,2580.0,303808,283566,269412
2021-03-09 09:00:00.000000000,1615251600000000000,2561.0,2614.0,2554.0,2614.0,282645,269412,276162
2021-03-09 10:00:00.000000000,1615255200000000000,2614.0,2629.0,2586.0,2593.0,205134,276162,266452
2021-03-09 11:00:00.000000000,1615258800000000000,2593.0,2612.0,2589.0,2612.0,74342,266452,266001
2021-03-09 13:00:00.000000000,1615266000000000000,2612.0,2613.0,2590.0,2590.0,75197,266001,262997
2021-03-09 14:00:00.000000000,1615269600000000000,2590.0,2599.0,2570.0,2572.0,179420,262997,253610
2021-03-09 21:00:00.000000000,1615294800000000000,2598.0,2607.0,2551.0,2590.0,438806,253610,263409
2021-03-09 22:00:00.000000000,1615298400000000000,2590.0,2590.0,2552.0,2566.0,282456,263409,255688
2021-03-10 09:00:00.000000000,1615338000000000000,2555.0,2579.0,2536.0,2538.0,252648,255688,260313
2021-03-10 10:00:00.000000000,1615341600000000000,2538.0,2542.0,2506.0,2518.0,236759,260313,252447
2021-03-10 11:00:00.000000000,1615345200000000000,2518.0,2534.0,2516.0,2524.0,73016,252447,250686
2021-03-10 13:00:00.000000000,1615352400000000000,2516.0,2523.0,2504.0,2516.0,109203,250686,247607
2021-03-10 14:00:00.000000000,1615356000000000000,2516.0,2533.0,2504.0,2533.0,174068,247607,240236
2021-03-10 21:00:00.000000000,1615381200000000000,2557.0,2565.0,2534.0,2551.0,342870,240236,245510
2021-03-10 22:00:00.000000000,1615384800000000000,2551.0,2554.0,2519.0,2546.0,322282,245510,241571
2021-03-11 09:00:00.000000000,1615424400000000000,2556.0,2569.0,2536.0,2551.0,181452,241571,239222
2021-03-11 10:00:00.000000000,1615428000000000000,2551.0,2564.0,2544.0,2545.0,115276,239222,240207
2021-03-11 11:00:00.000000000,1615431600000000000,2545.0,2555.0,2541.0,2554.0,80248,240207,237889
2021-03-11 13:00:00.000000000,1615438800000000000,2549.0,2565.0,2543.0,2552.0,94773,237889,235526
2021-03-11 14:00:00.000000000,1615442400000000000,2552.0,2559.0,2546.0,2556.0,134508,235526,229979
2021-03-11 21:00:00.000000000,1615467600000000000,2566.0,2625.0,2564.0,2586.0,399765,229979,259829
2021-03-11 22:00:00.000000000,1615471200000000000,2586.0,2590.0,2546.0,2572.0,323500,259829,240026
2021-03-12 09:00:00.000000000,1615510800000000000,2595.0,2600.0,2562.0,2566.0,210957,240026,243149
2021-03-12 10:00:00.000000000,1615514400000000000,2566.0,2580.0,2564.0,2573.0,83556,243149,242529
2021-03-12 11:00:00.000000000,1615518000000000000,2573.0,2586.0,2569.0,2583.0,47095,242529,239668
2021-03-12 13:00:00.000000000,1615525200000000000,2579.0,2582.0,2570.0,2576.0,53838,239668,241398
2021-03-12 14:00:00.000000000,1615528800000000000,2576.0,2583.0,2542.0,2555.0,142940,241398,235473
2021-03-12 21:00:00.000000000,1615554000000000000,2560.0,2573.0,2544.0,2565.0,192293,235473,235622
2021-03-12 22:00:00.000000000,1615557600000000000,2565.0,2605.0,2560.0,2568.0,276441,235622,228773
2021-03-15 09:00:00.000000000,1615770000000000000,2571.0,2652.0,2571.0,2646.0,328206,228773,269891
2021-03-15 10:00:00.000000000,1615773600000000000,2646.0,2657.0,2627.0,2646.0,106726,269891,273436
2021-03-15 11:00:00.000000000,1615777200000000000,2646.0,2653.0,2632.0,2634.0,63746,273436,275050
2021-03-15 13:00:00.000000000,1615784400000000000,2630.0,2630.0,2604.0,2611.0,103187,275050,262144
2021-03-15 14:00:00.000000000,1615788000000000000,2611.0,2626.0,2600.0,2624.0,121858,262144,249415
2021-03-15 21:00:00.000000000,1615813200000000000,2594.0,2596.0,2533.0,2544.0,382840,249415,240671
2021-03-15 22:00:00.000000000,1615816800000000000,2544.0,2552.0,2535.0,2543.0,157235,240671,235949
2021-03-16 09:00:00.000000000,1615856400000000000,2558.0,2560.0,2535.0,2551.0,145684,235949,235294
2021-03-16 10:00:00.000000000,1615860000000000000,2551.0,2551.0,2527.0,2539.0,84417,235294,235461
2021-03-16 11:00:00.000000000,1615863600000000000,2539.0,2548.0,2537.0,2543.0,34188,235461,232640
2021-03-16 13:00:00.000000000,1615870800000000000,2547.0,2551.0,2538.0,2542.0,42960,232640,233398
2021-03-16 14:00:00.000000000,1615874400000000000,2542.0,2545.0,2530.0,2535.0,84602,233398,230851
2021-03-16 21:00:00.000000000,1615899600000000000,2535.0,2557.0,2512.0,2541.0,346039,230851,237664
2021-03-16 22:00:00.000000000,1615903200000000000,2541.0,2550.0,2532.0,2550.0,154791,237664,232450
2021-03-17 09:00:00.000000000,1615942800000000000,2564.0,2569.0,2540.0,2558.0,181536,232450,233137
2021-03-17 10:00:00.000000000,1615946400000000000,2558.0,2563.0,2551.0,2557.0,81333,233137,233774
2021-03-17 11:00:00.000000000,1615950000000000000,2557.0,2560.0,2548.0,2559.0,51071,233774,230732
2021-03-17 13:00:00.000000000,1615957200000000000,2565.0,2584.0,2562.0,2581.0,131580,230732,232880
2021-03-17 14:00:00.000000000,1615960800000000000,2581.0,2597.0,2577.0,2583.0,183147,232880,231958
2021-03-17 21:00:00.000000000,1615986000000000000,2542.0,2552.0,2522.0,2546.0,357717,231958,226570
2021-03-17 22:00:00.000000000,1615989600000000000,2546.0,2555.0,2532.0,2539.0,204228,226570,219567
2021-03-18 09:00:00.000000000,1616029200000000000,2553.0,2555.0,2519.0,2532.0,194546,219567,223533
2021-03-18 10:00:00.000000000,1616032800000000000,2532.0,2533.0,2495.0,2528.0,199240,223533,223080
2021-03-18 11:00:00.000000000,1616036400000000000,2528.0,2528.0,2503.0,2503.0,84568,223080,228176
2021-03-18 13:00:00.000000000,1616043600000000000,2512.0,2522.0,2506.0,2510.0,81222,228176,230566
2021-03-18 14:00:00.000000000,1616047200000000000,2510.0,2531.0,2509.0,2520.0,145620,230566,220224
2021-03-18 21:00:00.000000000,1616072400000000000,2500.0,2510.0,2484.0,2499.0,417034,220224,233247
2021-03-18 22:00:00.000000000,1616076000000000000,2499.0,2502.0,2460.0,2466.0,397752,233247,235352
2021-03-19 09:00:00.000000000,1616115600000000000,2406.0,2437.0,2372.0,2426.0,387510,235352,240286
2021-03-19 10:00:00.000000000,1616119200000000000,2426.0,2426.0,2386.0,2388.0,163339,240286,244586
2021-03-19 11:00:00.000000000,1616122800000000000,2388.0,2401.0,2386.0,2392.0,77422,244586,241290
2021-03-19 13:00:00.000000000,1616130000000000000,2393.0,2399.0,2383.0,2385.0,95389,241290,242682
2021-03-19 14:00:00.000000000,1616133600000000000,2385.0,2388.0,2335.0,2354.0,361144,242682,235421
2021-03-19 21:00:00.000000000,1616158800000000000,2350.0,2384.0,2347.0,2371.0,465491,235421,237233
2021-03-19 22:00:00.000000000,1616162400000000000,2371.0,2400.0,2358.0,2393.0,295242,237233,225063
2021-03-22 09:00:00.000000000,1616374800000000000,2391.0,2410.0,2373.0,2405.0,235556,225063,223836
2021-03-22 10:00:00.000000000,1616378400000000000,2405.0,2414.0,2396.0,2411.0,116014,223836,222368
2021-03-22 11:00:00.000000000,1616382000000000000,2411.0,2417.0,2406.0,2410.0,65244,222368,219816
2021-03-22 13:00:00.000000000,1616389200000000000,2410.0,2421.0,2403.0,2411.0,71914,219816,219491
2021-03-22 14:00:00.000000000,1616392800000000000,2411.0,2418.0,2401.0,2406.0,112982,219491,214465
2021-03-22 21:00:00.000000000,1616418000000000000,2405.0,2417.0,2391.0,2395.0,202253,214465,224718
2021-03-22 22:00:00.000000000,1616421600000000000,2395.0,2421.0,2395.0,2416.0,122525,224718,214270
2021-03-23 09:00:00.000000000,1616461200000000000,2391.0,2418.0,2390.0,2405.0,154729,214270,213387
2021-03-23 10:00:00.000000000,1616464800000000000,2405.0,2406.0,2388.0,2396.0,112182,213387,217292
2021-03-23 11:00:00.000000000,1616468400000000000,2396.0,2398.0,2386.0,2390.0,54283,217292,217583
2021-03-23 13:00:00.000000000,1616475600000000000,2388.0,2397.0,2374.0,2378.0,82555,217583,223352
2021-03-23 14:00:00.000000000,1616479200000000000,2378.0,2399.0,2375.0,2398.0,123191,223352,212100
2021-03-23 21:00:00.000000000,1616504400000000000,2328.0,2365.0,2318.0,2359.0,362616,212100,229854
2021-03-23 22:00:00.000000000,1616508000000000000,2359.0,2376.0,2349.0,2351.0,161051,229854,220061
2021-03-24 09:00:00.000000000,1616547600000000000,2328.0,2343.0,2309.0,2310.0,301398,220061,236304
2021-03-24 10:00:00.000000000,1616551200000000000,2310.0,2328.0,2301.0,2314.0,141790,236304,235645
2021-03-24 11:00:00.000000000,1616554800000000000,2314.0,2320.0,2308.0,2311.0,54750,235645,237302
2021-03-24 13:00:00.000000000,1616562000000000000,2309.0,2322.0,2305.0,2308.0,66470,237302,242938
2021-03-24 14:00:00.000000000,1616565600000000000,2308.0,2334.0,2303.0,2331.0,200111,242938,231846
2021-03-24 21:00:00.000000000,1616590800000000000,2352.0,2356.0,2343.0,2350.0,235353,231846,236327
2021-03-24 22:00:00.000000000,1616594400000000000,2350.0,2366.0,2344.0,2360.0,188194,236327,229835
2021-03-25 09:00:00.000000000,1616634000000000000,2375.0,2384.0,2351.0,2357.0,264174,229835,225591
2021-03-25 10:00:00.000000000,1616637600000000000,2357.0,2364.0,2354.0,2361.0,98015,225591,226452
2021-03-25 11:00:00.000000000,1616641200000000000,2361.0,2364.0,2352.0,2355.0,52350,226452,222665
2021-03-25 13:00:00.000000000,1616648400000000000,2357.0,2360.0,2333.0,2337.0,131167,222665,228349
2021-03-25 14:00:00.000000000,1616652000000000000,2337.0,2357.0,2334.0,2347.0,189081,228349,220997
2021-03-25 21:00:00.000000000,1616677200000000000,2322.0,2344.0,2318.0,2333.0,233777,220997,225316
2021-03-25 22:00:00.000000000,1616680800000000000,2333.0,2342.0,2297.0,2298.0,213083,225316,227857
2021-03-26 09:00:00.000000000,1616720400000000000,2332.0,2353.0,2331.0,2353.0,231336,227857,219860
2021-03-26 10:00:00.000000000,1616724000000000000,2353.0,2360.0,2348.0,2351.0,122210,219860,216430
2021-03-26 11:00:00.000000000,1616727600000000000,2351.0,2369.0,2351.0,2360.0,63984,216430,215490
2021-03-26 13:00:00.000000000,1616734800000000000,2361.0,2378.0,2361.0,2373.0,79893,215490,216021
2021-03-26 14:00:00.000000000,1616738400000000000,2373.0,2382.0,2364.0,2373.0,176875,216021,205486
2021-03-26 21:00:00.000000000,1616763600000000000,2384.0,2403.0,2378.0,2394.0,316174,205486,206020
2021-03-26 22:00:00.000000000,1616767200000000000,2394.0,2423.0,2394.0,2418.0,258039,206020,200749
2021-03-29 09:00:00.000000000,1616979600000000000,2422.0,2433.0,2401.0,2411.0,201109,200749,199045
2021-03-29 10:00:00.000000000,1616983200000000000,2411.0,2429.0,2407.0,2412.0,110672,199045,200127
2021-03-29 11:00:00.000000000,1616986800000000000,2412.0,2413.0,2386.0,2392.0,128292,200127,196931
2021-03-29 13:00:00.000000000,1616994000000000000,2378.0,2378.0,2345.0,2349.0,180922,196931,200562
2021-03-29 14:00:00.000000000,1616997600000000000,2349.0,2367.0,2346.0,2359.0,194534,200562,195160
2021-03-29 21:00:00.000000000,1617022800000000000,2398.0,2403.0,2373.0,2385.0,368833,195160,195801
2021-03-29 22:00:00.000000000,1617026400000000000,2385.0,2405.0,2383.0,2390.0,247879,195801,184470
2021-03-30 09:00:00.000000000,1617066000000000000,2419.0,2425.0,2404.0,2424.0,202128,184470,183638
2021-03-30 10:00:00.000000000,1617069600000000000,2424.0,2449.0,2424.0,2432.0,147176,183638,181573
2021-03-30 11:00:00.000000000,1617073200000000000,2432.0,2445.0,2432.0,2441.0,64215,181573,181589
2021-03-30 13:00:00.000000000,1617080400000000000,2435.0,2435.0,2416.0,2424.0,103393,181589,178234
2021-03-30 14:00:00.000000000,1617084000000000000,2424.0,2439.0,2422.0,2424.0,152167,178234,175184
2021-03-30 21:00:00.000000000,1617109200000000000,2396.0,2412.0,2390.0,2409.0,278086,175184,171711
2021-03-30 22:00:00.000000000,1617112800000000000,2409.0,2416.0,2405.0,2413.0,166280,171711,164325
2021-03-31 09:00:00.000000000,1617152400000000000,2417.0,2422.0,2404.0,2411.0,131211,164325,165184
2021-03-31 10:00:00.000000000,1617156000000000000,2411.0,2417.0,2392.0,2395.0,86038,165184,164863
2021-03-31 11:00:00.000000000,1617159600000000000,2395.0,2404.0,2393.0,2400.0,46459,164863,164415
2021-03-31 13:00:00.000000000,1617166800000000000,2402.0,2415.0,2401.0,2405.0,69672,164415,163564
2021-03-31 14:00:00.000000000,1617170400000000000,2405.0,2416.0,2397.0,2408.0,151764,163564,161649
2021-03-31 21:00:00.000000000,1617195600000000000,2390.0,2397.0,2355.0,2379.0,262187,161649,170093
2021-03-31 22:00:00.000000000,1617199200000000000,2379.0,2403.0,2376.0,2401.0,177056,170093,162757
2021-04-01 09:00:00.000000000,1617238800000000000,2363.0,2371.0,2350.0,2365.0,198829,162757,165904
2021-04-01 10:00:00.000000000,1617242400000000000,2365.0,2370.0,2342.0,2348.0,117937,165904,174256
2021-04-01 11:00:00.000000000,1617246000000000000,2348.0,2354.0,2340.0,2343.0,60775,174256,176793
2021-04-01 13:00:00.000000000,1617253200000000000,2349.0,2354.0,2341.0,2346.0,67368,176793,180225
2021-04-01 14:00:00.000000000,1617256800000000000,2346.0,2367.0,2340.0,2357.0,154123,180225,172769
2021-04-01 21:00:00.000000000,1617282000000000000,2364.0,2393.0,2358.0,2385.0,260682,172769,170761
2021-04-01 22:00:00.000000000,1617285600000000000,2385.0,2389.0,2322.0,2325.0,327420,170761,179039
2021-04-02 09:00:00.000000000,1617325200000000000,2383.0,2417.0,2369.0,2416.0,210002,179039,163348
2021-04-02 10:00:00.000000000,1617328800000000000,2416.0,2419.0,2407.0,2418.0,75532,163348,161878
2021-04-02 11:00:00.000000000,1617332400000000000,2418.0,2429.0,2416.0,2425.0,51946,161878,159858
2021-04-02 13:00:00.000000000,1617339600000000000,2425.0,2426.0,2415.0,2425.0,44631,159858,158376
2021-04-02 14:00:00.000000000,1617343200000000000,2425.0,2445.0,2425.0,2444.0,103363,158376,151741
2021-04-06 09:00:00.000000000,1617670800000000000,2358.0,2371.0,2350.0,2356.0,279081,151741,147743
2021-04-06 10:00:00.000000000,1617674400000000000,2356.0,2357.0,2341.0,2346.0,79064,147743,149781
2021-04-06 11:00:00.000000000,1617678000000000000,2346.0,2352.0,2338.0,2344.0,54939,149781,150093
2021-04-06 13:00:00.000000000,1617685200000000000,2340.0,2348.0,2334.0,2345.0,61205,150093,152377
2021-04-06 14:00:00.000000000,1617688800000000000,2345.0,2353.0,2342.0,2352.0,119151,152377,146066
2021-04-06 21:00:00.000000000,1617714000000000000,2355.0,2363.0,2350.0,2362.0,166718,146066,148652
2021-04-06 22:00:00.000000000,1617717600000000000,2362.0,2378.0,2360.0,2367.0,131262,148652,144240
2021-04-07 09:00:00.000000000,1617757200000000000,2331.0,2351.0,2323.0,2337.0,134456,144240,147721
2021-04-07 10:00:00.000000000,1617760800000000000,2337.0,2339.0,2310.0,2330.0,90393,147721,152857
2021-04-07 11:00:00.000000000,1617764400000000000,2330.0,2334.0,2324.0,2330.0,28457,152857,151915
2021-04-07 13:00:00.000000000,1617771600000000000,2334.0,2334.0,2322.0,2326.0,36289,151915,154771
2021-04-07 14:00:00.000000000,1617775200000000000,2326.0,2328.0,2309.0,2328.0,118480,154771,151336
2021-04-07 21:00:00.000000000,1617800400000000000,2330.0,2337.0,2288.0,2303.0,258957,151336,167386
2021-04-07 22:00:00.000000000,1617804000000000000,2303.0,2304.0,2287.0,2293.0,177209,167386,166864
2021-04-08 09:00:00.000000000,1617843600000000000,2305.0,2309.0,2281.0,2289.0,112064,166864,168563
2021-04-08 10:00:00.000000000,1617847200000000000,2289.0,2303.0,2284.0,2298.0,67858,168563,165764
2021-04-08 11:00:00.000000000,1617850800000000000,2298.0,2324.0,2298.0,2319.0,65177,165764,157236
2021-04-08 13:00:00.000000000,1617858000000000000,2317.0,2317.0,2305.0,2308.0,44394,157236,154930
2021-04-08 14:00:00.000000000,1617861600000000000,2308.0,2313.0,2290.0,2294.0,85169,154930,150686
2021-04-08 21:00:00.000000000,1617886800000000000,2302.0,2310.0,2271.0,2304.0,213393,150686,155062
2021-04-08 22:00:00.000000000,1617890400000000000,2304.0,2309.0,2289.0,2293.0,130855,155062,150336
2021-04-09 09:00:00.000000000,1617930000000000000,2311.0,2314.0,2298.0,2306.0,89088,150336,148916
2021-04-09 10:00:00.000000000,1617933600000000000,2306.0,2306.0,2290.0,2294.0,49277,148916,149818
2021-04-09 11:00:00.000000000,1617937200000000000,2294.0,2295.0,2283.0,2290.0,35770,149818,150788
2021-04-09 13:00:00.000000000,1617944400000000000,2287.0,2288.0,2266.0,2288.0,69859,150788,155523
2021-04-09 14:00:00.000000000,1617948000000000000,2288.0,2308.0,2286.0,2305.0,113976,155523,142605
2021-04-09 21:00:00.000000000,1617973200000000000,2294.0,2315.0,2293.0,2305.0,135452,142605,144392
2021-04-09 22:00:00.000000000,1617976800000000000,2305.0,2310.0,2291.0,2299.0,109688,144392,139069
2021-04-12 09:00:00.000000000,1618189200000000000,2299.0,2330.0,2298.0,2309.0,157598,139069,138360
2021-04-12 10:00:00.000000000,1618192800000000000,2309.0,2315.0,2298.0,2300.0,64036,138360,137677
2021-04-12 11:00:00.000000000,1618196400000000000,2300.0,2305.0,2287.0,2292.0,42598,137677,138996
2021-04-12 13:00:00.000000000,1618203600000000000,2292.0,2293.0,2273.0,2275.0,58827,138996,142626
2021-04-12 14:00:00.000000000,1618207200000000000,2275.0,2285.0,2263.0,2284.0,117551,142626,139576
2021-04-12 21:00:00.000000000,1618232400000000000,2306.0,2336.0,2302.0,2328.0,215117,139576,136195
2021-04-12 22:00:00.000000000,1618236000000000000,2328.0,2334.0,2319.0,2327.0,113261,136195,130350
2021-04-13 09:00:00.000000000,1618275600000000000,2317.0,2323.0,2313.0,2316.0,69789,130350,127157
2021-04-13 10:00:00.000000000,1618279200000000000,2316.0,2339.0,2316.0,2336.0,53807,127157,127914
2021-04-13 11:00:00.000000000,1618282800000000000,2336.0,2344.0,2334.0,2340.0,33263,127914,126900
2021-04-13 13:00:00.000000000,1618290000000000000,2332.0,2341.0,2326.0,2335.0,47215,126900,123043
2021-04-13 14:00:00.000000000,1618293600000000000,2335.0,2338.0,2329.0,2333.0,50840,123043,116451
2021-04-13 21:00:00.000000000,1618318800000000000,2359.0,2376.0,2352.0,2359.0,328332,116451,260392
2021-04-13 22:00:00.000000000,1618322400000000000,2359.0,2369.0,2359.0,2364.0,156884,260392,256785
2021-04-14 09:00:00.000000000,1618362000000000000,2372.0,2387.0,2364.0,2385.0,169327,256785,256326
2021-04-14 10:00:00.000000000,1618365600000000000,2385.0,2397.0,2384.0,2394.0,101341,256326,253006
2021-04-14 11:00:00.000000000,1618369200000000000,2394.0,2403.0,2392.0,2402.0,66432,253006,252611
2021-04-14 13:00:00.000000000,1618376400000000000,2401.0,2416.0,2401.0,2414.0,91908,252611,254676
2021-04-14 14:00:00.000000000,1618380000000000000,2414.0,2423.0,2411.0,2420.0,154821,254676,251754
2021-04-14 21:00:00.000000000,1618405200000000000,2420.0,2451.0,2419.0,2429.0,281558,251754,260711
2021-04-14 22:00:00.000000000,1618408800000000000,2429.0,2478.0,2427.0,2473.0,309314,260711,263240
2021-04-15 09:00:00.000000000,1618448400000000000,2475.0,2505.0,2462.0,2497.0,260792,263240,286377
2021-04-15 10:00:00.000000000,1618452000000000000,2497.0,2516.0,2497.0,2514.0,127839,286377,294379
2021-04-15 11:00:00.000000000,1618455600000000000,2514.0,2527.0,2511.0,2522.0,97768,294379,295301
2021-04-15 13:00:00.000000000,1618462800000000000,2518.0,2521.0,2505.0,2517.0,100379,295301,295453
2021-04-15 14:00:00.000000000,1618466400000000000,2517.0,2529.0,2514.0,2520.0,231122,295453,306845
2021-04-15 21:00:00.000000000,1618491600000000000,2516.0,2517.0,2495.0,2508.0,333027,306845,309723
2021-04-15 22:00:00.000000000,1618495200000000000,2508.0,2544.0,2507.0,2526.0,345113,309723,310976
2021-04-16 09:00:00.000000000,1618534800000000000,2527.0,2540.0,2519.0,2529.0,194833,310976,316932
2021-04-16 10:00:00.000000000,1618538400000000000,2529.0,2539.0,2523.0,2538.0,91549,316932,320688
2021-04-16 11:00:00.000000000,1618542000000000000,2538.0,2542.0,2535.0,2540.0,48055,320688,326397
2021-04-16 13:00:00.000000000,1618549200000000000,2542.0,2560.0,2537.0,2549.0,133004,326397,327937
2021-04-16 14:00:00.000000000,1618552800000000000,2549.0,2563.0,2545.0,2555.0,188229,327937,332585
2021-04-16 21:00:00.000000000,1618578000000000000,2562.0,2566.0,2532.0,2537.0,368537,332585,340765
2021-04-16 22:00:00.000000000,1618581600000000000,2537.0,2549.0,2527.0,2546.0,214210,340765,338009
2021-04-19 09:00:00.000000000,1618794000000000000,2541.0,2549.0,2522.0,2536.0,226918,338009,341356
2021-04-19 10:00:00.000000000,1618797600000000000,2536.0,2540.0,2530.0,2535.0,89135,341356,342708
2021-04-19 11:00:00.000000000,1618801200000000000,2535.0,2548.0,2532.0,2541.0,61706,342708,338932
2021-04-19 13:00:00.000000000,1618808400000000000,2542.0,2560.0,2542.0,2552.0,88095,338932,347433
2021-04-19 14:00:00.000000000,1618812000000000000,2552.0,2564.0,2547.0,2556.0,123500,347433,353528
2021-04-19 21:00:00.000000000,1618837200000000000,2564.0,2578.0,2550.0,2555.0,280506,353528,360927
2021-04-19 22:00:00.000000000,1618840800000000000,2555.0,2557.0,2532.0,2536.0,195415,360927,351407
2021-04-20 09:00:00.000000000,1618880400000000000,2546.0,2557.0,2537.0,2556.0,194107,351407,353755
2021-04-20 10:00:00.000000000,1618884000000000000,2556.0,2560.0,2547.0,2548.0,83870,353755,353338
2021-04-20 11:00:00.000000000,1618887600000000000,2548.0,2560.0,2545.0,2556.0,55430,353338,351153
2021-04-20 13:00:00.000000000,1618894800000000000,2560.0,2584.0,2559.0,2584.0,104947,351153,368734
2021-04-20 14:00:00.000000000,1618898400000000000,2584.0,2589.0,2547.0,2561.0,251721,368734,354014
2021-04-20 21:00:00.000000000,1618923600000000000,2557.0,2562.0,2542.0,2547.0,306933,354014,361382
2021-04-20 22:00:00.000000000,1618927200000000000,2547.0,2551.0,2499.0,2501.0,397533,361382,346861
2021-04-21 09:00:00.000000000,1618966800000000000,2515.0,2517.0,2497.0,2500.0,212882,346861,351028
2021-04-21 10:00:00.000000000,1618970400000000000,2500.0,2506.0,2492.0,2499.0,137932,351028,350825
2021-04-21 11:00:00.000000000,1618974000000000000,2499.0,2518.0,2499.0,2504.0,59461,350825,346823
2021-04-21 13:00:00.000000000,1618981200000000000,2507.0,2511.0,2501.0,2503.0,50319,346823,349093
2021-04-21 14:00:00.000000000,1618984800000000000,2503.0,2525.0,2503.0,2523.0,139754,349093,347605
2021-04-21 21:00:00.000000000,1619010000000000000,2489.0,2504.0,2463.0,2496.0,498379,347605,348035
2021-04-21 22:00:00.000000000,1619013600000000000,2496.0,2534.0,2495.0,2525.0,348402,348035,352998
2021-04-22 09:00:00.000000000,1619053200000000000,2498.0,2503.0,2469.0,2471.0,301087,352998,348515
2021-04-22 10:00:00.000000000,1619056800000000000,2471.0,2478.0,2454.0,2468.0,177968,348515,349417
2021-04-22 11:00:00.000000000,1619060400000000000,2468.0,2477.0,2462.0,2467.0,87771,349417,346552
2021-04-22 13:00:00.000000000,1619067600000000000,2470.0,2472.0,2458.0,2462.0,64796,346552,348209
2021-04-22 14:00:00.000000000,1619071200000000000,2462.0,2472.0,2441.0,2469.0,223162,348209,336907
2021-04-22 21:00:00.000000000,1619096400000000000,2481.0,2488.0,2465.0,2472.0,307309,336907,341474
2021-04-22 22:00:00.000000000,1619100000000000000,2472.0,2474.0,2453.0,2462.0,239817,341474,337516
2021-04-23 09:00:00.000000000,1619139600000000000,2465.0,2473.0,2459.0,2463.0,165983,337516,340248
2021-04-23 10:00:00.000000000,1619143200000000000,2463.0,2465.0,2453.0,2459.0,95856,340248,340084
2021-04-23 11:00:00.000000000,1619146800000000000,2459.0,2465.0,2456.0,2461.0,36704,340084,338821
2021-04-23 13:00:00.000000000,1619154000000000000,2464.0,2475.0,2463.0,2463.0,53805,338821,338684
2021-04-23 14:00:00.000000000,1619157600000000000,2463.0,2477.0,2450.0,2473.0,188070,338684,334823
2021-04-23 21:00:00.000000000,1619182800000000000,2463.0,2480.0,2458.0,2469.0,277128,334823,355268
2021-04-23 22:00:00.000000000,1619186400000000000,2469.0,2507.0,2467.0,2493.0,312052,355268,359157
2021-04-26 09:00:00.000000000,1619398800000000000,2499.0,2502.0,2475.0,2485.0,257219,359157,359237
2021-04-26 10:00:00.000000000,1619402400000000000,2485.0,2487.0,2458.0,2458.0,128831,359237,363483
2021-04-26 11:00:00.000000000,1619406000000000000,2458.0,2459.0,2437.0,2450.0,162122,363483,359336
2021-04-26 13:00:00.000000000,1619413200000000000,2441.0,2457.0,2413.0,2415.0,212110,359336,361651
2021-04-26 14:00:00.000000000,1619416800000000000,2415.0,2428.0,2405.0,2421.0,211342,361651,343422
2021-04-26 21:00:00.000000000,1619442000000000000,2402.0,2426.0,2399.0,2412.0,366658,343422,357228
2021-04-26 22:00:00.000000000,1619445600000000000,2412.0,2423.0,2406.0,2419.0,190973,357228,349799
2021-04-27 09:00:00.000000000,1619485200000000000,2427.0,2449.0,2422.0,2446.0,201302,349799,346423
2021-04-27 10:00:00.000000000,1619488800000000000,2446.0,2467.0,2446.0,2466.0,159425,346423,348276
2021-04-27 11:00:00.000000000,1619492400000000000,2466.0,2470.0,2457.0,2464.0,77401,348276,345446
2021-04-27 13:00:00.000000000,1619499600000000000,2468.0,2484.0,2464.0,2481.0,119382,345446,346975
2021-04-27 14:00:00.000000000,1619503200000000000,2481.0,2483.0,2468.0,2470.0,146435,346975,338094
2021-04-27 21:00:00.000000000,1619528400000000000,2471.0,2486.0,2454.0,2470.0,371248,338094,344772
2021-04-27 22:00:00.000000000,1619532000000000000,2470.0,2473.0,2446.0,2450.0,229208,344772,331847
2021-04-28 09:00:00.000000000,1619571600000000000,2465.0,2469.0,2449.0,2451.0,215714,331847,333520
2021-04-28 10:00:00.000000000,1619575200000000000,2451.0,2469.0,2444.0,2465.0,138569,333520,331066
2021-04-28 11:00:00.000000000,1619578800000000000,2465.0,2473.0,2463.0,2471.0,61423,331066,328475
2021-04-28 13:00:00.000000000,1619586000000000000,2471.0,2489.0,2470.0,2481.0,117563,328475,328792
2021-04-28 14:00:00.000000000,1619589600000000000,2481.0,2492.0,2478.0,2486.0,151083,328792,326666
2021-04-28 21:00:00.000000000,1619614800000000000,2497.0,2502.0,2482.0,2491.0,262604,326666,324912
2021-04-28 22:00:00.000000000,1619618400000000000,2491.0,2501.0,2484.0,2496.0,216904,324912,316499
2021-04-29 09:00:00.000000000,1619658000000000000,2500.0,2531.0,2492.0,2527.0,205157,316499,329220
2021-04-29 10:00:00.000000000,1619661600000000000,2527.0,2536.0,2523.0,2529.0,98253,329220,328702
2021-04-29 11:00:00.000000000,1619665200000000000,2529.0,2533.0,2520.0,2523.0,55394,328702,324643
2021-04-29 13:00:00.000000000,1619672400000000000,2518.0,2529.0,2512.0,2527.0,67352,324643,323335
2021-04-29 14:00:00.000000000,1619676000000000000,2527.0,2533.0,2522.0,2525.0,127809,323335,319926
2021-04-29 21:00:00.000000000,1619701200000000000,2557.0,2563.0,2535.0,2537.0,302968,319926,318141
2021-04-29 22:00:00.000000000,1619704800000000000,2537.0,2542.0,2507.0,2522.0,306114,318141,307365
2021-04-30 09:00:00.000000000,1619744400000000000,2516.0,2527.0,2512.0,2518.0,115991,307365,306831
2021-04-30 10:00:00.000000000,1619748000000000000,2518.0,2523.0,2515.0,2518.0,49717,306831,303049
2021-04-30 11:00:00.000000000,1619751600000000000,2518.0,2527.0,2505.0,2519.0,69202,303049,299878
2021-04-30 13:00:00.000000000,1619758800000000000,2509.0,2522.0,2489.0,2521.0,137751,299878,295522
2021-04-30 14:00:00.000000000,1619762400000000000,2521.0,2539.0,2519.0,2537.0,152532,295522,289913
2021-05-06 09:00:00.000000000,1620262800000000000,2551.0,2598.0,2548.0,2592.0,285682,289913,319717
2021-05-06 10:00:00.000000000,1620266400000000000,2592.0,2602.0,2589.0,2595.0,111256,319717,328775
2021-05-06 11:00:00.000000000,1620270000000000000,2595.0,2604.0,2589.0,2596.0,49884,328775,329220
2021-05-06 13:00:00.000000000,1620277200000000000,2596.0,2610.0,2594.0,2600.0,68933,329220,336944
2021-05-06 14:00:00.000000000,1620280800000000000,2600.0,2600.0,2576.0,2585.0,145179,336944,325871
2021-05-06 21:00:00.000000000,1620306000000000000,2584.0,2586.0,2566.0,2567.0,280796,325871,338812
2021-05-06 22:00:00.000000000,1620309600000000000,2567.0,2572.0,2553.0,2565.0,253820,338812,339211
2021-05-07 09:00:00.000000000,1620349200000000000,2560.0,2563.0,2541.0,2555.0,175306,339211,343356
2021-05-07 10:00:00.000000000,1620352800000000000,2555.0,2559.0,2545.0,2558.0,79335,343356,349779
2021-05-07 11:00:00.000000000,1620356400000000000,2558.0,2565.0,2555.0,2560.0,59028,349779,350113
2021-05-07 13:00:00.000000000,1620363600000000000,2563.0,2580.0,2550.0,2557.0,133911,350113,353544
2021-05-07 14:00:00.000000000,1620367200000000000,2557.0,2568.0,2547.0,2567.0,136084,353544,347165
2021-05-07 21:00:00.000000000,1620392400000000000,2529.0,2556.0,2515.0,2549.0,450667,347165,352121
2021-05-07 22:00:00.000000000,1620396000000000000,2549.0,2554.0,2522.0,2524.0,261665,352121,346938
2021-05-10 09:00:00.000000000,1620608400000000000,2550.0,2594.0,2550.0,2577.0,294744,346938,357895
2021-05-10 10:00:00.000000000,1620612000000000000,2577.0,2579.0,2553.0,2554.0,194188,357895,362072
2021-05-10 11:00:00.000000000,1620615600000000000,2554.0,2554.0,2523.0,2524.0,158603,362072,365510
2021-05-10 13:00:00.000000000,1620622800000000000,2525.0,2541.0,2525.0,2534.0,95776,365510,368968
2021-05-10 14:00:00.000000000,1620626400000000000,2534.0,2548.0,2533.0,2546.0,160936,368968,358002
2021-05-10 21:00:00.000000000,1620651600000000000,2545.0,2553.0,2495.0,2496.0,410614,358002,372310
2021-05-10 22:00:00.000000000,1620655200000000000,2496.0,2496.0,2453.0,2470.0,439830,372310,365440
2021-05-11 09:00:00.000000000,1620694800000000000,2473.0,2487.0,2459.0,2472.0,213712,365440,362147
2021-05-11 10:00:00.000000000,1620698400000000000,2472.0,2475.0,2463.0,2466.0,85965,362147,363886
2021-05-11 11:00:00.000000000,1620702000000000000,2466.0,2470.0,2461.0,2467.0,39848,363886,363666
2021-05-11 13:00:00.000000000,1620709200000000000,2466.0,2484.0,2464.0,2480.0,79037,363666,363715
2021-05-11 14:00:00.000000000,1620712800000000000,2480.0,2493.0,2473.0,2478.0,155775,363715,351070
2021-05-11 21:00:00.000000000,1620738000000000000,2468.0,2502.0,2462.0,2501.0,317061,351070,363096
2021-05-11 22:00:00.000000000,1620741600000000000,2501.0,2517.0,2490.0,2497.0,341242,363096,356194
2021-05-12 09:00:00.000000000,1620781200000000000,2520.0,2530.0,2508.0,2522.0,231035,356194,354394
2021-05-12 10:00:00.000000000,1620784800000000000,2522.0,2530.0,2519.0,2521.0,90531,354394,354802
2021-05-12 11:00:00.000000000,1620788400000000000,2521.0,2530.0,2518.0,2525.0,70410,354802,352929
2021-05-12 13:00:00.000000000,1620795600000000000,2531.0,2550.0,2530.0,2544.0,112874,352929,354198
2021-05-12 14:00:00.000000000,1620799200000000000,2544.0,2562.0,2536.0,2562.0,158927,354198,359103
2021-05-12 21:00:00.000000000,1620824400000000000,2565.0,2597.0,2550.0,2597.0,392478,359103,365725
2021-05-12 22:00:00.000000000,1620828000000000000,2597.0,2619.0,2573.0,2584.0,433923,365725,369919
2021-05-13 09:00:00.000000000,1620867600000000000,2563.0,2563.0,2526.0,2551.0,288441,369919,360260
2021-05-13 10:00:00.000000000,1620871200000000000,2551.0,2552.0,2523.0,2526.0,143252,360260,354710
2021-05-13 11:00:00.000000000,1620874800000000000,2526.0,2533.0,2508.0,2519.0,99576,354710,350536
2021-05-13 13:00:00.000000000,1620882000000000000,2519.0,2525.0,2496.0,2502.0,122986,350536,343564
2021-05-13 14:00:00.000000000,1620885600000000000,2502.0,2520.0,2499.0,2515.0,190804,343564,334257
2021-05-13 21:00:00.000000000,1620910800000000000,2482.0,2496.0,2471.0,2494.0,359531,334257,344482
2021-05-13 22:00:00.000000000,1620914400000000000,2494.0,2502.0,2476.0,2478.0,216329,344482,336463
2021-05-14 09:00:00.000000000,1620954000000000000,2467.0,2475.0,2421.0,2430.0,316718,336463,359596
2021-05-14 10:00:00.000000000,1620957600000000000,2430.0,2432.0,2415.0,2429.0,162728,359596,373853
2021-05-14 11:00:00.000000000,1620961200000000000,2429.0,2431.0,2392.0,2412.0,129432,373853,371390
2021-05-14 13:00:00.000000000,1620968400000000000,2422.0,2432.0,2408.0,2413.0,167043,371390,363946
2021-05-14 14:00:00.000000000,1620972000000000000,2413.0,2426.0,2384.0,2412.0,247035,363946,359626
2021-05-14 21:00:00.000000000,1620997200000000000,2435.0,2496.0,2430.0,2485.0,425936,359626,368870
2021-05-14 22:00:00.000000000,1621000800000000000,2485.0,2492.0,2464.0,2469.0,296142,368870,349413
2021-05-17 09:00:00.000000000,1621213200000000000,2480.0,2483.0,2459.0,2477.0,267124,349413,349849
2021-05-17 10:00:00.000000000,1621216800000000000,2477.0,2508.0,2475.0,2505.0,182678,349849,350424
2021-05-17 11:00:00.000000000,1621220400000000000,2505.0,2507.0,2498.0,2502.0,74926,350424,347973
2021-05-17 13:00:00.000000000,1621227600000000000,2492.0,2495.0,2467.0,2468.0,126036,347973,341485
2021-05-17 14:00:00.000000000,1621231200000000000,2468.0,2483.0,2467.0,2475.0,146810,341485,335564
2021-05-17 21:00:00.000000000,1621256400000000000,2462.0,2482.0,2446.0,2481.0,324063,335564,351078
2021-05-17 22:00:00.000000000,1621260000000000000,2481.0,2493.0,2474.0,2485.0,202255,351078,347835
2021-05-18 09:00:00.000000000,1621299600000000000,2496.0,2514.0,2482.0,2489.0,312397,347835,347757
2021-05-18 10:00:00.000000000,1621303200000000000,2489.0,2503.0,2476.0,2493.0,166552,347757,348331
2021-05-18 11:00:00.000000000,1621306800000000000,2493.0,2494.0,2484.0,2487.0,54045,348331,347471
2021-05-18 13:00:00.000000000,1621314000000000000,2491.0,2506.0,2489.0,2496.0,105263,347471,349912
2021-05-18 14:00:00.000000000,1621317600000000000,2496.0,2502.0,2487.0,2500.0,128574,349912,343853
2021-05-18 21:00:00.000000000,1621342800000000000,2492.0,2494.0,2452.0,2456.0,443479,343853,365747
2021-05-18 22:00:00.000000000,1621346400000000000,2456.0,2456.0,2427.0,2437.0,329718,365747,366782
2021-05-19 09:00:00.000000000,1621386000000000000,2413.0,2413.0,2375.0,2377.0,379895,366782,397133
2021-05-19 10:00:00.000000000,1621389600000000000,2377.0,2377.0,2357.0,2363.0,218178,397133,407542
2021-05-19 11:00:00.000000000,1621393200000000000,2363.0,2364.0,2347.0,2355.0,129714,407542,415281
2021-05-19 13:00:00.000000000,1621400400000000000,2360.0,2368.0,2352.0,2358.0,140058,415281,418626
2021-05-19 14:00:00.000000000,1621404000000000000,2358.0,2383.0,2355.0,2374.0,246291,418626,396842
2021-05-19 21:00:00.000000000,1621429200000000000,2355.0,2365.0,2322.0,2339.0,447843,396842,402413
2021-05-19 22:00:00.000000000,1621432800000000000,2339.0,2341.0,2303.0,2315.0,447720,402413,405095
2021-05-20 09:00:00.000000000,1621472400000000000,2337.0,2354.0,2330.0,2341.0,295075,405095,397351
2021-05-20 10:00:00.000000000,1621476000000000000,2341.0,2342.0,2326.0,2339.0,121946,397351,405862
2021-05-20 11:00:00.000000000,1621479600000000000,2339.0,2347.0,2336.0,2341.0,59485,405862,405668
2021-05-20 13:00:00.000000000,1621486800000000000,2344.0,2355.0,2344.0,2350.0,107350,405668,411430
2021-05-20 14:00:00.000000000,1621490400000000000,2350.0,2358.0,2344.0,2346.0,145631,411430,401751
2021-05-20 21:00:00.000000000,1621515600000000000,2333.0,2348.0,2323.0,2323.0,338974,401751,421303
2021-05-20 22:00:00.000000000,1621519200000000000,2323.0,2340.0,2310.0,2330.0,316231,421303,414220
2021-05-21 09:00:00.000000000,1621558800000000000,2313.0,2321.0,2289.0,2290.0,322225,414220,436847
2021-05-21 10:00:00.000000000,1621562400000000000,2290.0,2306.0,2283.0,2302.0,169184,436847,436516
2021-05-21 11:00:00.000000000,1621566000000000000,2302.0,2312.0,2299.0,2306.0,99193,436516,433199
2021-05-21 13:00:00.000000000,1621573200000000000,2311.0,2316.0,2301.0,2301.0,103255,433199,433843
2021-05-21 14:00:00.000000000,1621576800000000000,2301.0,2308.0,2278.0,2282.0,217516,433843,432323
2021-05-21 21:00:00.000000000,1621602000000000000,2317.0,2346.0,2310.0,2343.0,430175,432323,439681
2021-05-21 22:00:00.000000000,1621605600000000000,2343.0,2350.0,2318.0,2322.0,275026,439681,431389
2021-05-24 09:00:00.000000000,1621818000000000000,2332.0,2347.0,2308.0,2344.0,374857,431389,417305
2021-05-24 10:00:00.000000000,1621821600000000000,2344.0,2355.0,2337.0,2352.0,149820,417305,412495
2021-05-24 11:00:00.000000000,1621825200000000000,2352.0,2355.0,2345.0,2349.0,78671,412495,406311
2021-05-24 13:00:00.000000000,1621832400000000000,2346.0,2350.0,2335.0,2345.0,94685,406311,400734
2021-05-24 14:00:00.000000000,1621836000000000000,2345.0,2375.0,2339.0,2356.0,220807,400734,389487
2021-05-24 21:00:00.000000000,1621861200000000000,2368.0,2384.0,2358.0,2375.0,334317,389487,392296
2021-05-24 22:00:00.000000000,1621864800000000000,2375.0,2388.0,2374.0,2378.0,215731,392296,384801
2021-05-25 09:00:00.000000000,1621904400000000000,2400.0,2418.0,2398.0,2414.0,278753,384801,375788
2021-05-25 10:00:00.000000000,1621908000000000000,2414.0,2418.0,2401.0,2407.0,117263,375788,368945
2021-05-25 11:00:00.000000000,1621911600000000000,2407.0,2408.0,2393.0,2404.0,83905,368945,363696
2021-05-25 13:00:00.000000000,1621918800000000000,2402.0,2405.0,2390.0,2393.0,81057,363696,361809
2021-05-25 14:00:00.000000000,1621922400000000000,2393.0,2409.0,2388.0,2403.0,153581,361809,353319
2021-05-25 21:00:00.000000000,1621947600000000000,2395.0,2413.0,2388.0,2393.0,318815,353319,363276
2021-05-25 22:00:00.000000000,1621951200000000000,2393.0,2411.0,2387.0,2405.0,226253,363276,353037
2021-05-26 09:00:00.000000000,1621990800000000000,2400.0,2415.0,2398.0,2410.0,153851,353037,353561
2021-05-26 10:00:00.000000000,1621994400000000000,2410.0,2421.0,2404.0,2410.0,103537,353561,351358
2021-05-26 11:00:00.000000000,1621998000000000000,2410.0,2411.0,2398.0,2402.0,65572,351358,350391
2021-05-26 13:00:00.000000000,1622005200000000000,2405.0,2413.0,2403.0,2410.0,68067,350391,349011
2021-05-26 14:00:00.000000000,1622008800000000000,2410.0,2426.0,2403.0,2414.0,196042,349011,344775
2021-05-26 21:00:00.000000000,1622034000000000000,2384.0,2412.0,2370.0,2393.0,473328,344775,352415
2021-05-26 22:00:00.000000000,1622037600000000000,2393.0,2415.0,2368.0,2410.0,351974,352415,345119
2021-05-27 09:00:00.000000000,1622077200000000000,2414.0,2423.0,2402.0,2414.0,219092,345119,345919
2021-05-27 10:00:00.000000000,1622080800000000000,2414.0,2415.0,2399.0,2410.0,130787,345919,343527
2021-05-27 11:00:00.000000000,1622084400000000000,2410.0,2415.0,2407.0,2410.0,39787,343527,340232
2021-05-27 13:00:00.000000000,1622091600000000000,2413.0,2426.0,2413.0,2417.0,87813,340232,342591
2021-05-27 14:00:00.000000000,1622095200000000000,2417.0,2422.0,2394.0,2395.0,113844,342591,336185
2021-05-27 21:00:00.000000000,1622120400000000000,2394.0,2443.0,2394.0,2426.0,375342,336185,340741
2021-05-27 22:00:00.000000000,1622124000000000000,2426.0,2448.0,2419.0,2437.0,181336,340741,333538
2021-05-28 09:00:00.000000000,1622163600000000000,2460.0,2482.0,2458.0,2469.0,259993,333538,331114
2021-05-28 10:00:00.000000000,1622167200000000000,2469.0,2474.0,2462.0,2464.0,90144,331114,332854
2021-05-28 11:00:00.000000000,1622170800000000000,2464.0,2473.0,2452.0,2470.0,88536,332854,327603
2021-05-28 13:00:00.000000000,1622178000000000000,2469.0,2470.0,2451.0,2453.0,94498,327603,331837
2021-05-28 14:00:00.000000000,1622181600000000000,2453.0,2459.0,2437.0,2447.0,147663,331837,321345
2021-05-28 21:00:00.000000000,1622206800000000000,2466.0,2475.0,2438.0,2445.0,271229,321345,329189
2021-05-28 22:00:00.000000000,1622210400000000000,2445.0,2447.0,2428.0,2441.0,146095,329189,327449
2021-05-31 09:00:00.000000000,1622422800000000000,2433.0,2445.0,2420.0,2426.0,209615,327449,331118
2021-05-31 10:00:00.000000000,1622426400000000000,2426.0,2435.0,2421.0,2424.0,85067,331118,329729
2021-05-31 11:00:00.000000000,1622430000000000000,2424.0,2439.0,2422.0,2431.0,61430,329729,323550
2021-05-31 13:00:00.000000000,1622437200000000000,2432.0,2449.0,2432.0,2448.0,77061,323550,321062
2021-05-31 14:00:00.000000000,1622440800000000000,2448.0,2456.0,2445.0,2456.0,122786,321062,309638
2021-05-31 21:00:00.000000000,1622466000000000000,2476.0,2495.0,2463.0,2489.0,288474,309638,317579
2021-05-31 22:00:00.000000000,1622469600000000000,2489.0,2496.0,2471.0,2483.0,141350,317579,308179
2021-06-01 09:00:00.000000000,1622509200000000000,2501.0,2520.0,2489.0,2515.0,289789,308179,322088
2021-06-01 10:00:00.000000000,1622512800000000000,2515.0,2525.0,2514.0,2519.0,110751,322088,324309
2021-06-01 11:00:00.000000000,1622516400000000000,2519.0,2532.0,2519.0,2528.0,59140,324309,327860
2021-06-01 13:00:00.000000000,1622523600000000000,2526.0,2536.0,2523.0,2535.0,79167,327860,334284
2021-06-01 14:00:00.000000000,1622527200000000000,2535.0,2537.0,2526.0,2534.0,126678,334284,330297
2021-06-01 21:00:00.000000000,1622552400000000000,2570.0,2578.0,2543.0,2569.0,307835,330297,343049
2021-06-01 22:00:00.000000000,1622556000000000000,2569.0,2574.0,2549.0,2555.0,156251,343049,336588
2021-06-02 09:00:00.000000000,1622595600000000000,2555.0,2555.0,2532.0,2535.0,203475,336588,331432
2021-06-02 10:00:00.000000000,1622599200000000000,2535.0,2541.0,2526.0,2529.0,81285,331432,330646
2021-06-02 11:00:00.000000000,1622602800000000000,2529.0,2535.0,2523.0,2527.0,50682,330646,329532
2021-06-02 13:00:00.000000000,1622610000000000000,2528.0,2543.0,2528.0,2531.0,73608,329532,330513
2021-06-02 14:00:00.000000000,1622613600000000000,2531.0,2545.0,2529.0,2544.0,103419,330513,324609
2021-06-02 21:00:00.000000000,1622638800000000000,2559.0,2582.0,2550.0,2552.0,300617,324609,343013
2021-06-02 22:00:00.000000000,1622642400000000000,2552.0,2585.0,2550.0,2581.0,180153,343013,350316
2021-06-03 09:00:00.000000000,1622682000000000000,2592.0,2629.0,2592.0,2622.0,219303,350316,380880
2021-06-03 10:00:00.000000000,1622685600000000000,2622.0,2624.0,2610.0,2620.0,81642,380880,380896
2021-06-03 11:00:00.000000000,1622689200000000000,2620.0,2630.0,2615.0,2621.0,69363,380896,384289
2021-06-03 13:00:00.000000000,1622696400000000000,2621.0,2630.0,2608.0,2617.0,81094,384289,384769
2021-06-03 14:00:00.000000000,1622700000000000000,2617.0,2618.0,2606.0,2613.0,110453,384769,379974
2021-06-03 21:00:00.000000000,1622725200000000000,2589.0,2612.0,2582.0,2588.0,277616,379974,374835
2021-06-03 22:00:00.000000000,1622728800000000000,2588.0,2602.0,2584.0,2588.0,178029,374835,365888
2021-06-04 09:00:00.000000000,1622768400000000000,2578.0,2590.0,2566.0,2582.0,156414,365888,370083
2021-06-04 10:00:00.000000000,1622772000000000000,2582.0,2594.0,2578.0,2593.0,62429,370083,373466
2021-06-04 11:00:00.000000000,1622775600000000000,2593.0,2615.0,2592.0,2613.0,65917,373466,382730
2021-06-04 13:00:00.000000000,1622782800000000000,2613.0,2622.0,2607.0,2614.0,83704,382730,394509
2021-06-04 14:00:00.000000000,1622786400000000000,2614.0,2640.0,2612.0,2629.0,176881,394509,410898
2021-06-04 21:00:00.000000000,1622811600000000000,2646.0,2672.0,2631.0,2635.0,370282,410898,424717
2021-06-04 22:00:00.000000000,1622815200000000000,2635.0,2640.0,2605.0,2606.0,229279,424717,402369
2021-06-07 09:00:00.000000000,1623027600000000000,2628.0,2642.0,2598.0,2600.0,214557,402369,399719
2021-06-07 10:00:00.000000000,1623031200000000000,2600.0,2613.0,2591.0,2603.0,112537,399719,391267
2021-06-07 11:00:00.000000000,1623034800000000000,2603.0,2611.0,2594.0,2598.0,45369,391267,391001
2021-06-07 13:00:00.000000000,1623042000000000000,2598.0,2605.0,2580.0,2587.0,86763,391001,390008
2021-06-07 14:00:00.000000000,1623045600000000000,2587.0,2598.0,2577.0,2589.0,132294,390008,377578
2021-06-07 21:00:00.000000000,1623070800000000000,2605.0,2612.0,2588.0,2595.0,248821,377578,389404
2021-06-07 22:00:00.000000000,1623074400000000000,2595.0,2599.0,2570.0,2580.0,188333,389404,381622
2021-06-08 09:00:00.000000000,1623114000000000000,2572.0,2572.0,2540.0,2544.0,208054,381622,372823
2021-06-08 10:00:00.000000000,1623117600000000000,2544.0,2558.0,2542.0,2542.0,80283,372823,369416
2021-06-08 11:00:00.000000000,1623121200000000000,2542.0,2550.0,2537.0,2545.0,50483,369416,366507
2021-06-08 13:00:00.000000000,1623128400000000000,2549.0,2558.0,2540.0,2543.0,75457,366507,363755
2021-06-08 14:00:00.000000000,1623132000000000000,2543.0,2556.0,2536.0,2555.0,114681,363755,356713
2021-06-08 21:00:00.000000000,1623157200000000000,2553.0,2573.0,2547.0,2555.0,230743,356713,365278
2021-06-08 22:00:00.000000000,1623160800000000000,2555.0,2590.0,2553.0,2588.0,201045,365278,369495
2021-06-09 09:00:00.000000000,1623200400000000000,2611.0,2618.0,2601.0,2614.0,205903,369495,384046
2021-06-09 10:00:00.000000000,1623204000000000000,2614.0,2628.0,2607.0,2628.0,99096,384046,390185
2021-06-09 11:00:00.000000000,1623207600000000000,2628.0,2634.0,2622.0,2627.0,72755,390185,396730
2021-06-09 13:00:00.000000000,1623214800000000000,2623.0,2634.0,2617.0,2631.0,93445,396730,403383
2021-06-09 14:00:00.000000000,1623218400000000000,2631.0,2633.0,2618.0,2625.0,121023,403383,405270
2021-06-09 21:00:00.000000000,1623243600000000000,2623.0,2625.0,2588.0,2594.0,278354,405270,399643
2021-06-09 22:00:00.000000000,1623247200000000000,2594.0,2597.0,2562.0,2563.0,252297,399643,379531
2021-06-10 09:00:00.000000000,1623286800000000000,2557.0,2560.0,2527.0,2532.0,260138,379531,366546
2021-06-10 10:00:00.000000000,1623290400000000000,2532.0,2539.0,2528.0,2536.0,89799,366546,364847
2021-06-10 11:00:00.000000000,1623294000000000000,2536.0,2540.0,2522.0,2524.0,50309,364847,362579
2021-06-10 13:00:00.000000000,1623301200000000000,2527.0,2535.0,2516.0,2529.0,109799,362579,352491
2021-06-10 14:00:00.000000000,1623304800000000000,2529.0,2539.0,2524.0,2537.0,138441,352491,340038
2021-06-10 21:00:00.000000000,1623330000000000000,2565.0,2602.0,2564.0,2591.0,353553,340038,339463
2021-06-10 22:00:00.000000000,1623333600000000000,2591.0,2599.0,2578.0,2581.0,184864,339463,329326
2021-06-11 09:00:00.000000000,1623373200000000000,2580.0,2588.0,2559.0,2559.0,149230,329326,324863
2021-06-11 10:00:00.000000000,1623376800000000000,2559.0,2565.0,2536.0,2537.0,118832,324863,319638
2021-06-11 11:00:00.000000000,1623380400000000000,2537.0,2565.0,2537.0,2563.0,84702,319638,312266
2021-06-11 13:00:00.000000000,1623387600000000000,2565.0,2590.0,2565.0,2588.0,94669,312266,319036
2021-06-11 14:00:00.000000000,1623391200000000000,2588.0,2596.0,2578.0,2590.0,167652,319036,311482
2021-06-15 09:00:00.000000000,1623718800000000000,2628.0,2670.0,2619.0,2634.0,356590,311482,341948
2021-06-15 10:00:00.000000000,1623722400000000000,2634.0,2638.0,2606.0,2618.0,112476,341948,338290
2021-06-15 11:00:00.000000000,1623726000000000000,2618.0,2625.0,2610.0,2624.0,55009,338290,338448
2021-06-15 13:00:00.000000000,1623733200000000000,2628.0,2645.0,2628.0,2642.0,84695,338448,345131
2021-06-15 14:00:00.000000000,1623736800000000000,2642.0,2646.0,2631.0,2637.0,137297,345131,349005
2021-06-15 21:00:00.000000000,1623762000000000000,2656.0,2665.0,2644.0,2664.0,244132,349005,369164
2021-06-15 22:00:00.000000000,1623765600000000000,2664.0,2669.0,2642.0,2647.0,186433,369164,364874
2021-06-16 09:00:00.000000000,1623805200000000000,2665.0,2706.0,2665.0,2702.0,290354,364874,412556
2021-06-16 10:00:00.000000000,1623808800000000000,2702.0,2705.0,2688.0,2703.0,106691,412556,423160
2021-06-16 11:00:00.000000000,1623812400000000000,2703.0,2707.0,2694.0,2706.0,63482,423160,428686
2021-06-16 13:00:00.000000000,1623819600000000000,2702.0,2702.0,2686.0,2694.0,110399,428686,421776
2021-06-16 14:00:00.000000000,1623823200000000000,2694.0,2718.0,2693.0,2700.0,200140,421776,431675
2021-06-16 21:00:00.000000000,1623848400000000000,2700.0,2702.0,2666.0,2682.0,324965,431675,422611
2021-06-16 22:00:00.000000000,1623852000000000000,2682.0,2695.0,2676.0,2691.0,179970,422611,417125
2021-06-17 09:00:00.000000000,1623891600000000000,2665.0,2675.0,2654.0,2656.0,215982,417125,403730
2021-06-17 10:00:00.000000000,1623895200000000000,2656.0,2669.0,2656.0,2661.0,71123,403730,398146
2021-06-17 11:00:00.000000000,1623898800000000000,2661.0,2675.0,2660.0,2673.0,50829,398146,395079
2021-06-17 13:00:00.000000000,1623906000000000000,2679.0,2694.0,2679.0,2686.0,77455,395079,397259
2021-06-17 14:00:00.000000000,1623909600000000000,2686.0,2694.0,2680.0,2687.0,119754,397259,395302
2021-06-17 21:00:00.000000000,1623934800000000000,2674.0,2725.0,2673.0,2689.0,417371,395302,414765
2021-06-17 22:00:00.000000000,1623938400000000000,2689.0,2692.0,2678.0,2679.0,166760,414765,401898
2021-06-18 09:00:00.000000000,1623978000000000000,2646.0,2653.0,2629.0,2634.0,237714,401898,377264
2021-06-18 10:00:00.000000000,1623981600000000000,2634.0,2635.0,2613.0,2622.0,129504,377264,366568
2021-06-18 11:00:00.000000000,1623985200000000000,2622.0,2623.0,2609.0,2610.0,68922,366568,359082
2021-06-18 13:00:00.000000000,1623992400000000000,2614.0,2623.0,2609.0,2619.0,75987,359082,360495
2021-06-18 14:00:00.000000000,1623996000000000000,2619.0,2628.0,2615.0,2619.0,145116,360495,352293
2021-06-18 21:00:00.000000000,1624021200000000000,2613.0,2644.0,2607.0,2644.0,265749,352293,355089
2021-06-18 22:00:00.000000000,1624024800000000000,2644.0,2664.0,2643.0,2653.0,234168,355089,355550
2021-06-21 09:00:00.000000000,1624237200000000000,2664.0,2690.0,2664.0,2686.0,174971,355550,366602
2021-06-21 10:00:00.000000000,1624240800000000000,2686.0,2692.0,2676.0,2691.0,84649,366602,369947
2021-06-21 11:00:00.000000000,1624244400000000000,2691.0,2692.0,2681.0,2683.0,41206,369947,372420
2021-06-21 13:00:00.000000000,1624251600000000000,2672.0,2677.0,2665.0,2669.0,83717,372420,371900
2021-06-21 14:00:00.000000000,1624255200000000000,2669.0,2674.0,2650.0,2651.0,145503,371900,358157
2021-06-21 21:00:00.000000000,1624280400000000000,2635.0,2652.0,2620.0,2651.0,310304,358157,350341
2021-06-21 22:00:00.000000000,1624284000000000000,2651.0,2685.0,2650.0,2684.0,250828,350341,366015
2021-06-22 09:00:00.000000000,1624323600000000000,2708.0,2710.0,2686.0,2704.0,201556,366015,381856
2021-06-22 10:00:00.000000000,1624327200000000000,2704.0,2706.0,2692.0,2702.0,68397,381856,386141
2021-06-22 11:00:00.000000000,1624330800000000000,2702.0,2711.0,2702.0,2709.0,75430,386141,391307
2021-06-22 13:00:00.000000000,1624338000000000000,2704.0,2705.0,2695.0,2699.0,59188,391307,392156
2021-06-22 14:00:00.000000000,1624341600000000000,2699.0,2710.0,2699.0,2707.0,118436,392156,391356
2021-06-22 21:00:00.000000000,1624366800000000000,2693.0,2698.0,2680.0,2691.0,321648,391356,389425
2021-06-22 22:00:00.000000000,1624370400000000000,2691.0,2707.0,2683.0,2696.0,163564,389425,385943
2021-06-23 09:00:00.000000000,1624410000000000000,2696.0,2727.0,2694.0,2723.0,199842,385943,416869
2021-06-23 10:00:00.000000000,1624413600000000000,2723.0,2732.0,2718.0,2729.0,84736,416869,423201
2021-06-23 11:00:00.000000000,1624417200000000000,2729.0,2738.0,2726.0,2734.0,80043,423201,428193
2021-06-23 13:00:00.000000000,1624424400000000000,2735.0,2737.0,2715.0,2736.0,107065,428193,427823
2021-06-23 14:00:00.000000000,1624428000000000000,2736.0,2738.0,2728.0,2731.0,112091,427823,430967
2021-06-23 21:00:00.000000000,1624453200000000000,2743.0,2751.0,2724.0,2736.0,283894,430967,436821
2021-06-23 22:00:00.000000000,1624456800000000000,2736.0,2737.0,2716.0,2725.0,221668,436821,421192
2021-06-24 09:00:00.000000000,1624496400000000000,2719.0,2719.0,2700.0,2712.0,157750,421192,408273
2021-06-24 10:00:00.000000000,1624500000000000000,2712.0,2715.0,2705.0,2707.0,56328,408273,406589
2021-06-24 11:00:00.000000000,1624503600000000000,2707.0,2728.0,2707.0,2723.0,83149,406589,404295
2021-06-24 13:00:00.000000000,1624510800000000000,2724.0,2735.0,2720.0,2731.0,70249,404295,410343
2021-06-24 14:00:00.000000000,1624514400000000000,2731.0,2746.0,2727.0,2736.0,134627,410343,414810
2021-06-24 21:00:00.000000000,1624539600000000000,2704.0,2732.0,2694.0,2727.0,330546,414810,404114
2021-06-24 22:00:00.000000000,1624543200000000000,2727.0,2749.0,2720.0,2738.0,223728,404114,415050
2021-06-25 09:00:00.000000000,1624582800000000000,2746.0,2767.0,2742.0,2746.0,236165,415050,426909
2021-06-25 10:00:00.000000000,1624586400000000000,2746.0,2746.0,2711.0,2715.0,189366,426909,408160
2021-06-25 11:00:00.000000000,1624590000000000000,2715.0,2734.0,2715.0,2732.0,80153,408160,400621
2021-06-25 13:00:00.000000000,1624597200000000000,2726.0,2738.0,2722.0,2735.0,56971,400621,400667
2021-06-25 14:00:00.000000000,1624600800000000000,2735.0,2737.0,2715.0,2717.0,130086,400667,392798
2021-06-25 21:00:00.000000000,1624626000000000000,2730.0,2733.0,2712.0,2726.0,241840,392798,391637
2021-06-25 22:00:00.000000000,1624629600000000000,2726.0,2733.0,2684.0,2729.0,350276,391637,374267
2021-06-28 09:00:00.000000000,1624842000000000000,2750.0,2777.0,2731.0,2740.0,347188,374267,391343
2021-06-28 10:00:00.000000000,1624845600000000000,2740.0,2746.0,2729.0,2731.0,120885,391343,386501
2021-06-28 11:00:00.000000000,1624849200000000000,2731.0,2733.0,2721.0,2723.0,77016,386501,377668
2021-06-28 13:00:00.000000000,1624856400000000000,2725.0,2737.0,2723.0,2730.0,70442,377668,380765
2021-06-28 14:00:00.000000000,1624860000000000000,2730.0,2743.0,2726.0,2733.0,128897,380765,371805
2021-06-28 21:00:00.000000000,1624885200000000000,2736.0,2745.0,2712.0,2719.0,271017,371805,378533
2021-06-28 22:00:00.000000000,1624888800000000000,2719.0,2719.0,2700.0,2701.0,199981,378533,374669
2021-06-29 09:00:00.000000000,1624928400000000000,2682.0,2688.0,2673.0,2682.0,226148,374669,361251
2021-06-29 10:00:00.000000000,1624932000000000000,2682.0,2682.0,2666.0,2669.0,99171,361251,357730
2021-06-29 11:00:00.000000000,1624935600000000000,2669.0,2671.0,2661.0,2665.0,69718,357730,353679
2021-06-29 13:00:00.000000000,1624942800000000000,2671.0,2683.0,2670.0,2676.0,85949,353679,344494
2021-06-29 14:00:00.000000000,1624946400000000000,2676.0,2679.0,2666.0,2669.0,120997,344494,336692
2021-06-29 21:00:00.000000000,1624971600000000000,2695.0,2703.0,2684.0,2694.0,267514,336692,335829
2021-06-29 22:00:00.000000000,1624975200000000000,2694.0,2695.0,2680.0,2691.0,133267,335829,329330
2021-06-30 09:00:00.000000000,1625014800000000000,2698.0,2709.0,2687.0,2695.0,152553,329330,328116
2021-06-30 10:00:00.000000000,1625018400000000000,2695.0,2697.0,2681.0,2686.0,69844,328116,330819
2021-06-30 11:00:00.000000000,1625022000000000000,2686.0,2687.0,2678.0,2686.0,40829,330819,329812
2021-06-30 13:00:00.000000000,1625029200000000000,2686.0,2688.0,2666.0,2669.0,79382,329812,329357
2021-06-30 14:00:00.000000000,1625032800000000000,2669.0,2674.0,2650.0,2659.0,199052,329357,313293
2021-06-30 21:00:00.000000000,1625058000000000000,2681.0,2687.0,2664.0,2671.0,251901,313293,311827
2021-06-30 22:00:00.000000000,1625061600000000000,2671.0,2689.0,2661.0,2663.0,212948,311827,301593
2021-07-01 09:00:00.000000000,1625101200000000000,2669.0,2671.0,2645.0,2665.0,181016,301593,303576
2021-07-01 10:00:00.000000000,1625104800000000000,2665.0,2692.0,2662.0,2688.0,140347,303576,301538
2021-07-01 11:00:00.000000000,1625108400000000000,2688.0,2689.0,2656.0,2661.0,104174,301538,291830
2021-07-01 13:00:00.000000000,1625115600000000000,2655.0,2659.0,2650.0,2654.0,91522,291830,293265
2021-07-01 14:00:00.000000000,1625119200000000000,2654.0,2661.0,2642.0,2646.0,145888,293265,295551
2021-07-01 21:00:00.000000000,1625144400000000000,2706.0,2735.0,2694.0,2717.0,436064,295551,288998
2021-07-01 22:00:00.000000000,1625148000000000000,2717.0,2722.0,2685.0,2690.0,239724,288998,276555
2021-07-02 09:00:00.000000000,1625187600000000000,2693.0,2705.0,2689.0,2694.0,150369,276555,278571
2021-07-02 10:00:00.000000000,1625191200000000000,2694.0,2718.0,2694.0,2712.0,106939,278571,279477
2021-07-02 11:00:00.000000000,1625194800000000000,2712.0,2723.0,2711.0,2719.0,66128,279477,280949
2021-07-02 13:00:00.000000000,1625202000000000000,2714.0,2719.0,2710.0,2717.0,71286,280949,281978
2021-07-02 14:00:00.000000000,1625205600000000000,2717.0,2720.0,2704.0,2719.0,137214,281978,275689
2021-07-02 21:00:00.000000000,1625230800000000000,2739.0,2742.0,2701.0,2706.0,257301,275689,289182
2021-07-02 22:00:00.000000000,1625234400000000000,2706.0,2723.0,2700.0,2719.0,184431,289182,285368
2021-07-05 09:00:00.000000000,1625446800000000000,2720.0,2725.0,2689.0,2717.0,242855,285368,289406
2021-07-05 10:00:00.000000000,1625450400000000000,2717.0,2728.0,2713.0,2719.0,102840,289406,300055
2021-07-05 11:00:00.000000000,1625454000000000000,2719.0,2727.0,2718.0,2725.0,38044,300055,300690
2021-07-05 13:00:00.000000000,1625461200000000000,2725.0,2732.0,2722.0,2726.0,72203,300690,307722
2021-07-05 14:00:00.000000000,1625464800000000000,2726.0,2734.0,2724.0,2734.0,100603,307722,307287
2021-07-05 21:00:00.000000000,1625490000000000000,2728.0,2730.0,2705.0,2710.0,196697,307287,307818
2021-07-05 22:00:00.000000000,1625493600000000000,2710.0,2711.0,2681.0,2681.0,188043,307818,303523
2021-07-06 09:00:00.000000000,1625533200000000000,2728.0,2761.0,2719.0,2756.0,348406,303523,316410
2021-07-06 10:00:00.000000000,1625536800000000000,2756.0,2758.0,2744.0,2746.0,110908,316410,318321
2021-07-06 11:00:00.000000000,1625540400000000000,2746.0,2748.0,2741.0,2745.0,52353,318321,314124
2021-07-06 13:00:00.000000000,1625547600000000000,2746.0,2746.0,2730.0,2733.0,71195,314124,312055
2021-07-06 14:00:00.000000000,1625551200000000000,2733.0,2746.0,2732.0,2737.0,131410,312055,302722
2021-07-06 21:00:00.000000000,1625576400000000000,2707.0,2709.0,2636.0,2652.0,588640,302722,305381
2021-07-06 22:00:00.000000000,1625580000000000000,2652.0,2652.0,2612.0,2615.0,227266,305381,306343
2021-07-07 09:00:00.000000000,1625619600000000000,2609.0,2619.0,2573.0,2574.0,361003,306343,327239
2021-07-07 10:00:00.000000000,1625623200000000000,2574.0,2584.0,2558.0,2561.0,192149,327239,332918
2021-07-07 11:00:00.000000000,1625626800000000000,2561.0,2568.0,2553.0,2556.0,85747,332918,331808
2021-07-07 13:00:00.000000000,1625634000000000000,2566.0,2593.0,2566.0,2583.0,158811,331808,320565
2021-07-07 14:00:00.000000000,1625637600000000000,2583.0,2591.0,2575.0,2582.0,158590,320565,308550
2021-07-07 21:00:00.000000000,1625662800000000000,2582.0,2595.0,2576.0,2581.0,328780,308550,309634
2021-07-07 22:00:00.000000000,1625666400000000000,2581.0,2581.0,2534.0,2555.0,376666,309634,314804
2021-07-08 09:00:00.000000000,1625706000000000000,2549.0,2549.0,2526.0,2528.0,191049,314804,317777
2021-07-08 10:00:00.000000000,1625709600000000000,2528.0,2540.0,2524.0,2535.0,102739,317777,317023
2021-07-08 11:00:00.000000000,1625713200000000000,2535.0,2550.0,2531.0,2542.0,76921,317023,314706
2021-07-08 13:00:00.000000000,1625720400000000000,2547.0,2548.0,2530.0,2542.0,79020,314706,317958
2021-07-08 14:00:00.000000000,1625724000000000000,2542.0,2546.0,2536.0,2539.0,141788,317958,314304
2021-07-08 21:00:00.000000000,1625749200000000000,2542.0,2561.0,2536.0,2547.0,316183,314304,318102
2021-07-08 22:00:00.000000000,1625752800000000000,2547.0,2557.0,2543.0,2548.0,167624,318102,312854
2021-07-09 09:00:00.000000000,1625792400000000000,2587.0,2592.0,2563.0,2572.0,224041,312854,302516
2021-07-09 10:00:00.000000000,1625796000000000000,2572.0,2584.0,2565.0,2582.0,97538,302516,298662
2021-07-09 11:00:00.000000000,1625799600000000000,2582.0,2587.0,2579.0,2586.0,63704,298662,294593
2021-07-09 13:00:00.000000000,1625806800000000000,2590.0,2594.0,2582.0,2590.0,70917,294593,290639
2021-07-09 14:00:00.000000000,1625810400000000000,2590.0,2594.0,2580.0,2581.0,136666,290639,281777
2021-07-09 21:00:00.000000000,1625835600000000000,2600.0,2635.0,2594.0,2630.0,310882,281777,280461
2021-07-09 22:00:00.000000000,1625839200000000000,2630.0,2647.0,2630.0,2644.0,178724,280461,266943
2021-07-12 09:00:00.000000000,1626051600000000000,2646.0,2652.0,2626.0,2627.0,170388,266943,262597
2021-07-12 10:00:00.000000000,1626055200000000000,2627.0,2635.0,2623.0,2632.0,66227,262597,261982
2021-07-12 11:00:00.000000000,1626058800000000000,2632.0,2638.0,2631.0,2634.0,30773,261982,260219
2021-07-12 13:00:00.000000000,1626066000000000000,2626.0,2635.0,2613.0,2633.0,110964,260219,257481
2021-07-12 14:00:00.000000000,1626069600000000000,2633.0,2641.0,2632.0,2634.0,148662,257481,259784
2021-07-12 21:00:00.000000000,1626094800000000000,2615.0,2631.0,2613.0,2616.0,259570,259784,262378
2021-07-12 22:00:00.000000000,1626098400000000000,2616.0,2643.0,2614.0,2640.0,169353,262378,260616
2021-07-13 09:00:00.000000000,1626138000000000000,2652.0,2659.0,2642.0,2645.0,138820,260616,255925
2021-07-13 10:00:00.000000000,1626141600000000000,2645.0,2646.0,2630.0,2639.0,78177,255925,253814
2021-07-13 11:00:00.000000000,1626145200000000000,2639.0,2641.0,2634.0,2636.0,36314,253814,253571
2021-07-13 13:00:00.000000000,1626152400000000000,2633.0,2642.0,2625.0,2639.0,61642,253571,253490
2021-07-13 14:00:00.000000000,1626156000000000000,2639.0,2650.0,2637.0,2643.0,110976,253490,244738
2021-07-13 21:00:00.000000000,1626181200000000000,2627.0,2662.0,2618.0,2645.0,299804,244738,252493
2021-07-13 22:00:00.000000000,1626184800000000000,2645.0,2650.0,2627.0,2633.0,181790,252493,244247
2021-07-14 09:00:00.000000000,1626224400000000000,2651.0,2675.0,2649.0,2668.0,218272,244247,243185
2021-07-14 10:00:00.000000000,1626228000000000000,2668.0,2670.0,2661.0,2666.0,67562,243185,241052
2021-07-14 11:00:00.000000000,1626231600000000000,2666.0,2671.0,2661.0,2663.0,42677,241052,238858
2021-07-14 13:00:00.000000000,1626238800000000000,2667.0,2675.0,2665.0,2672.0,68484,238858,242930
2021-07-14 14:00:00.000000000,1626242400000000000,2672.0,2680.0,2668.0,2679.0,118706,242930,237204
2021-07-14 21:00:00.000000000,1626267600000000000,2690.0,2695.0,2655.0,2657.0,261891,237204,243897
2021-07-14 22:00:00.000000000,1626271200000000000,2657.0,2669.0,2654.0,2660.0,155161,243897,237868
2021-07-15 09:00:00.000000000,1626310800000000000,2615.0,2615.0,2567.0,2569.0,380816,237868,244528
2021-07-15 10:00:00.000000000,1626314400000000000,2569.0,2584.0,2566.0,2574.0,107750,244528,244218
2021-07-15 11:00:00.000000000,1626318000000000000,2574.0,2580.0,2571.0,2575.0,56431,244218,243961
2021-07-15 13:00:00.000000000,1626325200000000000,2576.0,2587.0,2571.0,2573.0,84705,243961,244247
2021-07-15 14:00:00.000000000,1626328800000000000,2573.0,2585.0,2562.0,2584.0,183428,244247,236849
2021-07-15 21:00:00.000000000,1626354000000000000,2580.0,2584.0,2558.0,2579.0,278231,236849,247547
2021-07-15 22:00:00.000000000,1626357600000000000,2579.0,2587.0,2575.0,2578.0,132033,247547,245531
2021-07-16 09:00:00.000000000,1626397200000000000,2555.0,2572.0,2549.0,2559.0,176034,245531,255681
2021-07-16 10:00:00.000000000,1626400800000000000,2559.0,2569.0,2557.0,2562.0,92454,255681,257972
2021-07-16 11:00:00.000000000,1626404400000000000,2562.0,2567.0,2555.0,2564.0,54443,257972,256250
2021-07-16 13:00:00.000000000,1626411600000000000,2565.0,2565.0,2554.0,2558.0,81120,256250,261268
2021-07-16 14:00:00.000000000,1626415200000000000,2558.0,2560.0,2545.0,2555.0,122761,261268,261935
2021-07-16 21:00:00.000000000,1626440400000000000,2571.0,2576.0,2546.0,2550.0,271128,261935,278600
2021-07-16 22:00:00.000000000,1626444000000000000,2550.0,2551.0,2518.0,2540.0,257661,278600,279277
2021-07-19 09:00:00.000000000,1626656400000000000,2526.0,2547.0,2489.0,2511.0,349382,279277,283175
2021-07-19 10:00:00.000000000,1626660000000000000,2511.0,2517.0,2502.0,2515.0,96715,283175,289350
2021-07-19 11:00:00.000000000,1626663600000000000,2515.0,2533.0,2515.0,2529.0,70981,289350,286328
2021-07-19 13:00:00.000000000,1626670800000000000,2535.0,2545.0,2530.0,2544.0,96396,286328,287772
2021-07-19 14:00:00.000000000,1626674400000000000,2544.0,2548.0,2539.0,2546.0,103974,287772,277265
2021-07-19 21:00:00.000000000,1626699600000000000,2489.0,2512.0,2467.0,2468.0,486278,277265,303612
2021-07-19 22:00:00.000000000,1626703200000000000,2468.0,2469.0,2425.0,2441.0,334220,303612,311052
2021-07-20 09:00:00.000000000,1626742800000000000,2438.0,2445.0,2423.0,2436.0,207000,311052,315148
2021-07-20 10:00:00.000000000,1626746400000000000,2436.0,2438.0,2418.0,2428.0,117556,315148,317571
2021-07-20 11:00:00.000000000,1626750000000000000,2428.0,2440.0,2427.0,2436.0,66734,317571,312874
2021-07-20 13:00:00.000000000,1626757200000000000,2436.0,2439.0,2428.0,2434.0,56478,312874,313817
2021-07-20 14:00:00.000000000,1626760800000000000,2434.0,2452.0,2433.0,2450.0,134936,313817,306150
2021-07-20 21:00:00.000000000,1626786000000000000,2409.0,2442.0,2405.0,2439.0,413913,306150,309928
2021-07-20 22:00:00.000000000,1626789600000000000,2439.0,2450.0,2434.0,2441.0,129531,309928,301355
2021-07-21 09:00:00.000000000,1626829200000000000,2443.0,2446.0,2432.0,2442.0,124190,301355,299942
2021-07-21 10:00:00.000000000,1626832800000000000,2442.0,2443.0,2422.0,2423.0,123605,299942,300829
2021-07-21 11:00:00.000000000,1626836400000000000,2423.0,2426.0,2413.0,2416.0,63935,300829,303525
2021-07-21 13:00:00.000000000,1626843600000000000,2421.0,2437.0,2421.0,2436.0,55817,303525,300784
2021-07-21 14:00:00.000000000,1626847200000000000,2436.0,2446.0,2433.0,2445.0,106598,300784,294232
2021-07-21 21:00:00.000000000,1626872400000000000,2478.0,2494.0,2463.0,2493.0,368234,294232,295780
2021-07-21 22:00:00.000000000,1626876000000000000,2493.0,2505.0,2482.0,2502.0,202325,295780,282396
2021-07-22 09:00:00.000000000,1626915600000000000,2516.0,2523.0,2507.0,2520.0,184976,282396,273368
2021-07-22 10:00:00.000000000,1626919200000000000,2520.0,2522.0,2514.0,2518.0,71439,273368,269364
2021-07-22 11:00:00.000000000,1626922800000000000,2518.0,2524.0,2514.0,2522.0,48880,269364,265958
2021-07-22 13:00:00.000000000,1626930000000000000,2519.0,2528.0,2513.0,2523.0,76446,265958,264821
2021-07-22 14:00:00.000000000,1626933600000000000,2523.0,2530.0,2521.0,2524.0,117622,264821,255094
2021-07-22 21:00:00.000000000,1626958800000000000,2525.0,2542.0,2521.0,2531.0,289187,255094,258020
2021-07-22 22:00:00.000000000,1626962400000000000,2531.0,2543.0,2529.0,2536.0,128221,258020,256112
2021-07-23 09:00:00.000000000,1627002000000000000,2572.0,2578.0,2560.0,2575.0,215669,256112,243400
2021-07-23 10:00:00.000000000,1627005600000000000,2575.0,2578.0,2567.0,2575.0,94814,243400,236618
2021-07-23 11:00:00.000000000,1627009200000000000,2575.0,2577.0,2565.0,2573.0,76896,236618,233653
2021-07-23 13:00:00.000000000,1627016400000000000,2575.0,2577.0,2570.0,2570.0,52011,233653,235198
2021-07-23 14:00:00.000000000,1627020000000000000,2570.0,2580.0,2567.0,2578.0,83910,235198,227488
2021-07-23 21:00:00.000000000,1627045200000000000,2578.0,2600.0,2573.0,2587.0,303588,227488,231425
2021-07-23 22:00:00.000000000,1627048800000000000,2587.0,2603.0,2585.0,2599.0,128326,231425,225323
2021-07-26 09:00:00.000000000,1627261200000000000,2607.0,2613.0,2593.0,2608.0,171416,225323,225073
2021-07-26 10:00:00.000000000,1627264800000000000,2608.0,2615.0,2594.0,2599.0,97271,225073,226196
2021-07-26 11:00:00.000000000,1627268400000000000,2599.0,2600.0,2587.0,2595.0,65843,226196,224283
2021-07-26 13:00:00.000000000,1627275600000000000,2586.0,2590.0,2575.0,2587.0,99116,224283,221453
2021-07-26 14:00:00.000000000,1627279200000000000,2587.0,2588.0,2576.0,2578.0,103475,221453,214827
2021-07-26 21:00:00.000000000,1627304400000000000,2596.0,2605.0,2580.0,2594.0,273225,214827,211541
2021-07-26 22:00:00.000000000,1627308000000000000,2594.0,2609.0,2590.0,2594.0,138757,211541,208352
2021-07-27 09:00:00.000000000,1627347600000000000,2605.0,2611.0,2596.0,2609.0,139222,208352,210379
2021-07-27 10:00:00.000000000,1627351200000000000,2609.0,2621.0,2608.0,2612.0,95526,210379,213412
2021-07-27 11:00:00.000000000,1627354800000000000,2612.0,2618.0,2608.0,2610.0,48307,213412,212372
2021-07-27 13:00:00.000000000,1627362000000000000,2610.0,2616.0,2604.0,2615.0,51416,212372,213780
2021-07-27 14:00:00.000000000,1627365600000000000,2615.0,2616.0,2600.0,2600.0,100800,213780,209795
2021-07-27 21:00:00.000000000,1627390800000000000,2605.0,2612.0,2594.0,2598.0,243760,209795,216798
2021-07-27 22:00:00.000000000,1627394400000000000,2598.0,2610.0,2598.0,2606.0,128757,216798,213005
2021-07-28 09:00:00.000000000,1627434000000000000,2612.0,2639.0,2612.0,2637.0,165936,213005,217304
2021-07-28 10:00:00.000000000,1627437600000000000,2637.0,2638.0,2628.0,2633.0,89866,217304,218035
2021-07-28 11:00:00.000000000,1627441200000000000,2633.0,2635.0,2629.0,2632.0,40654,218035,216558
2021-07-28 13:00:00.000000000,1627448400000000000,2626.0,2630.0,2621.0,2625.0,58347,216558,216113
2021-07-28 14:00:00.000000000,1627452000000000000,2625.0,2635.0,2621.0,2628.0,79325,216113,212068
2021-07-28 21:00:00.000000000,1627477200000000000,2635.0,2636.0,2612.0,2613.0,165694,212068,215948
2021-07-28 22:00:00.000000000,1627480800000000000,2613.0,2619.0,2604.0,2609.0,165712,215948,211530
2021-07-29 09:00:00.000000000,1627520400000000000,2620.0,2627.0,2603.0,2618.0,161534,211530,203375
2021-07-29 10:00:00.000000000,1627524000000000000,2618.0,2627.0,2614.0,2624.0,61110,203375,199693
2021-07-29 11:00:00.000000000,1627527600000000000,2624.0,2628.0,2619.0,2622.0,40455,199693,198054
2021-07-29 13:00:00.000000000,1627534800000000000,2626.0,2634.0,2625.0,2628.0,52708,198054,197334
2021-07-29 14:00:00.000000000,1627538400000000000,2628.0,2634.0,2621.0,2629.0,68538,197334,190652
2021-07-29 21:00:00.000000000,1627563600000000000,2631.0,2647.0,2615.0,2618.0,255150,190652,191261
2021-07-29 22:00:00.000000000,1627567200000000000,2618.0,2641.0,2612.0,2635.0,141285,191261,184508
2021-07-30 09:00:00.000000000,1627606800000000000,2639.0,2649.0,2632.0,2643.0,148448,184508,186201
2021-07-30 10:00:00.000000000,1627610400000000000,2643.0,2645.0,2615.0,2622.0,112084,186201,181153
2021-07-30 11:00:00.000000000,1627614000000000000,2622.0,2645.0,2620.0,2640.0,71600,181153,178870
2021-07-30 13:00:00.000000000,1627621200000000000,2635.0,2637.0,2623.0,2631.0,78381,178870,175938
2021-07-30 14:00:00.000000000,1627624800000000000,2631.0,2636.0,2625.0,2627.0,65522,175938,171461
2021-07-30 21:00:00.000000000,1627650000000000000,2641.0,2655.0,2628.0,2650.0,198662,171461,182060
2021-07-30 22:00:00.000000000,1627653600000000000,2650.0,2652.0,2633.0,2636.0,112577,182060,172143
2021-08-02 09:00:00.000000000,1627866000000000000,2635.0,2640.0,2578.0,2580.0,238191,172143,170204
2021-08-02 10:00:00.000000000,1627869600000000000,2580.0,2598.0,2579.0,2596.0,99050,170204,167378
2021-08-02 11:00:00.000000000,1627873200000000000,2596.0,2607.0,2593.0,2604.0,40828,167378,163381
2021-08-02 13:00:00.000000000,1627880400000000000,2612.0,2618.0,2611.0,2615.0,47373,163381,161233
2021-08-02 14:00:00.000000000,1627884000000000000,2615.0,2623.0,2613.0,2616.0,56014,161233,155845
2021-08-02 21:00:00.000000000,1627909200000000000,2618.0,2632.0,2616.0,2623.0,185940,155845,164063
2021-08-02 22:00:00.000000000,1627912800000000000,2623.0,2626.0,2581.0,2587.0,193542,164063,163570
2021-08-03 09:00:00.000000000,1627952400000000000,2590.0,2595.0,2552.0,2554.0,164368,163570,164370
2021-08-03 10:00:00.000000000,1627956000000000000,2554.0,2564.0,2547.0,2549.0,74521,164370,164290
2021-08-03 11:00:00.000000000,1627959600000000000,2549.0,2559.0,2544.0,2554.0,47746,164290,162333
2021-08-03 13:00:00.000000000,1627966800000000000,2553.0,2559.0,2544.0,2548.0,41869,162333,163575
2021-08-03 14:00:00.000000000,1627970400000000000,2548.0,2554.0,2541.0,2548.0,84252,163575,158042
2021-08-03 21:00:00.000000000,1627995600000000000,2500.0,2536.0,2500.0,2519.0,321250,158042,161035
2021-08-03 22:00:00.000000000,1627999200000000000,2519.0,2541.0,2516.0,2533.0,127983,161035,154806
2021-08-04 09:00:00.000000000,1628038800000000000,2538.0,2540.0,2525.0,2535.0,92585,154806,157493
2021-08-04 10:00:00.000000000,1628042400000000000,2535.0,2547.0,2532.0,2541.0,64116,157493,159136
2021-08-04 11:00:00.000000000,1628046000000000000,2541.0,2551.0,2541.0,2549.0,31574,159136,156602
2021-08-04 13:00:00.000000000,1628053200000000000,2546.0,2549.0,2539.0,2547.0,44868,156602,156505
2021-08-04 14:00:00.000000000,1628056800000000000,2547.0,2553.0,2543.0,2546.0,57369,156505,152512
2021-08-04 21:00:00.000000000,1628082000000000000,2506.0,2521.0,2487.0,2516.0,328672,152512,166094
2021-08-04 22:00:00.000000000,1628085600000000000,2516.0,2530.0,2501.0,2522.0,231715,166094,155401
2021-08-05 09:00:00.000000000,1628125200000000000,2508.0,2515.0,2497.0,2501.0,139424,155401,158234
2021-08-05 10:00:00.000000000,1628128800000000000,2501.0,2511.0,2499.0,2503.0,52530,158234,158873
2021-08-05 11:00:00.000000000,1628132400000000000,2503.0,2510.0,2502.0,2508.0,31534,158873,157109
2021-08-05 13:00:00.000000000,1628139600000000000,2507.0,2507.0,2493.0,2496.0,52464,157109,161054
2021-08-05 14:00:00.000000000,1628143200000000000,2496.0,2497.0,2478.0,2489.0,107089,161054,159673
2021-08-05 21:00:00.000000000,1628168400000000000,2505.0,2514.0,2494.0,2512.0,218155,159673,153020
2021-08-05 22:00:00.000000000,1628172000000000000,2512.0,2520.0,2510.0,2518.0,113883,153020,144968
2021-08-06 09:00:00.000000000,1628211600000000000,2524.0,2538.0,2518.0,2535.0,96014,144968,143026
2021-08-06 10:00:00.000000000,1628215200000000000,2535.0,2553.0,2533.0,2548.0,50884,143026,139616
2021-08-06 11:00:00.000000000,1628218800000000000,2548.0,2554.0,2545.0,2551.0,28776,139616,138553
2021-08-06 13:00:00.000000000,1628226000000000000,2547.0,2553.0,2539.0,2552.0,50771,138553,137225
2021-08-06 14:00:00.000000000,1628229600000000000,2552.0,2566.0,2549.0,2556.0,87762,137225,129446
2021-08-06 21:00:00.000000000,1628254800000000000,2561.0,2578.0,2535.0,2542.0,224490,129446,126884
2021-08-06 22:00:00.000000000,1628258400000000000,2542.0,2566.0,2537.0,2548.0,155043,126884,121966
2021-08-09 09:00:00.000000000,1628470800000000000,2501.0,2507.0,2482.0,2484.0,176004,121966,119543
2021-08-09 10:00:00.000000000,1628474400000000000,2484.0,2493.0,2479.0,2487.0,55265,119543,119389
2021-08-09 11:00:00.000000000,1628478000000000000,2487.0,2498.0,2484.0,2492.0,31842,119389,119060
2021-08-09 13:00:00.000000000,1628485200000000000,2494.0,2497.0,2487.0,2489.0,36123,119060,118905
2021-08-09 14:00:00.000000000,1628488800000000000,2489.0,2502.0,2485.0,2498.0,64719,118905,116450
2021-08-09 21:00:00.000000000,1628514000000000000,2474.0,2510.0,2470.0,2506.0,190741,116450,121948
2021-08-09 22:00:00.000000000,1628517600000000000,2506.0,2509.0,2482.0,2488.0,158075,121948,116714
2021-08-10 09:00:00.000000000,1628557200000000000,2512.0,2516.0,2495.0,2501.0,103609,116714,115445
2021-08-10 10:00:00.000000000,1628560800000000000,2501.0,2510.0,2498.0,2507.0,33710,115445,113679
2021-08-10 11:00:00.000000000,1628564400000000000,2507.0,2509.0,2500.0,2503.0,21676,113679,113992
2021-08-10 13:00:00.000000000,1628571600000000000,2504.0,2525.0,2504.0,2521.0,49627,113992,113682
2021-08-10 14:00:00.000000000,1628575200000000000,2521.0,2530.0,2517.0,2526.0,53491,113682,108746
2021-08-10 21:00:00.000000000,1628600400000000000,2520.0,2540.0,2517.0,2539.0,145815,108746,112447
2021-08-10 22:00:00.000000000,1628604000000000000,2539.0,2548.0,2537.0,2546.0,105440,112447,107731
2021-08-11 09:00:00.000000000,1628643600000000000,2540.0,2545.0,2529.0,2530.0,82274,107731,108353
2021-08-11 10:00:00.000000000,1628647200000000000,2530.0,2532.0,2515.0,2524.0,53353,108353,107248
2021-08-11 11:00:00.000000000,1628650800000000000,2524.0,2527.0,2517.0,2522.0,27034,107248,107318
2021-08-11 13:00:00.000000000,1628658000000000000,2522.0,2536.0,2522.0,2531.0,32203,107318,106047
2021-08-11 14:00:00.000000000,1628661600000000000,2531.0,2555.0,2531.0,2555.0,67737,106047,101174
2021-08-11 21:00:00.000000000,1628686800000000000,2495.0,2501.0,2479.0,2482.0,178333,101174,208945
2021-08-11 22:00:00.000000000,1628690400000000000,2482.0,2494.0,2474.0,2491.0,108725,208945,206275
2021-08-12 09:00:00.000000000,1628730000000000000,2518.0,2538.0,2517.0,2531.0,115321,206275,197795
2021-08-12 10:00:00.000000000,1628733600000000000,2531.0,2537.0,2527.0,2532.0,31845,197795,196284
2021-08-12 11:00:00.000000000,1628737200000000000,2532.0,2535.0,2529.0,2531.0,18947,196284,195771
2021-08-12 13:00:00.000000000,1628744400000000000,2528.0,2533.0,2522.0,2525.0,39352,195771,195066
2021-08-12 14:00:00.000000000,1628748000000000000,2525.0,2528.0,2515.0,2520.0,72098,195066,198303
2021-08-12 21:00:00.000000000,1628773200000000000,2519.0,2528.0,2514.0,2516.0,181795,198303,211246
2021-08-12 22:00:00.000000000,1628776800000000000,2516.0,2523.0,2509.0,2511.0,84845,211246,217117
2021-08-13 09:00:00.000000000,1628816400000000000,2506.0,2508.0,2495.0,2498.0,114242,217117,222606
2021-08-13 10:00:00.000000000,1628820000000000000,2498.0,2506.0,2496.0,2504.0,40365,222606,222315
2021-08-13 11:00:00.000000000,1628823600000000000,2504.0,2517.0,2502.0,2512.0,40537,222315,218958
2021-08-13 13:00:00.000000000,1628830800000000000,2506.0,2506.0,2492.0,2499.0,63311,218958,222792
2021-08-13 14:00:00.000000000,1628834400000000000,2499.0,2515.0,2499.0,2512.0,74861,222792,212645
2021-08-13 21:00:00.000000000,1628859600000000000,2519.0,2542.0,2516.0,2532.0,208117,212645,225035
2021-08-13 22:00:00.000000000,1628863200000000000,2532.0,2538.0,2526.0,2528.0,89270,225035,222506
2021-08-16 09:00:00.000000000,1629075600000000000,2486.0,2487.0,2451.0,2464.0,311148,222506,252232
2021-08-16 10:00:00.000000000,1629079200000000000,2464.0,2466.0,2459.0,2462.0,48937,252232,252621
2021-08-16 11:00:00.000000000,1629082800000000000,2462.0,2463.0,2456.0,2461.0,24997,252621,254847
2021-08-16 13:00:00.000000000,1629090000000000000,2460.0,2463.0,2456.0,2458.0,33611,254847,262973
2021-08-16 14:00:00.000000000,1629093600000000000,2458.0,2464.0,2446.0,2457.0,113441,262973,263322
2021-08-16 21:00:00.000000000,1629118800000000000,2430.0,2438.0,2414.0,2416.0,321104,263322,298100
2021-08-16 22:00:00.000000000,1629122400000000000,2416.0,2436.0,2413.0,2435.0,164581,298100,289341
2021-08-17 09:00:00.000000000,1629162000000000000,2448.0,2463.0,2447.0,2460.0,187000,289341,284944
2021-08-17 10:00:00.000000000,1629165600000000000,2460.0,2461.0,2444.0,2451.0,62705,284944,288809
2021-08-17 11:00:00.000000000,1629169200000000000,2451.0,2451.0,2442.0,2444.0,26742,288809,291852
2021-08-17 13:00:00.000000000,1629176400000000000,2443.0,2446.0,2435.0,2435.0,42229,291852,299680
2021-08-17 14:00:00.000000000,1629180000000000000,2435.0,2437.0,2421.0,2428.0,105317,299680,312480
2021-08-17 21:00:00.000000000,1629205200000000000,2431.0,2451.0,2425.0,2438.0,280534,312480,317891
2021-08-17 22:00:00.000000000,1629208800000000000,2438.0,2451.0,2436.0,2451.0,142896,317891,310355
2021-08-18 09:00:00.000000000,1629248400000000000,2426.0,2428.0,2418.0,2422.0,191292,310355,323305
2021-08-18 10:00:00.000000000,1629252000000000000,2422.0,2440.0,2421.0,2438.0,88697,323305,312795
2021-08-18 11:00:00.000000000,1629255600000000000,2438.0,2440.0,2434.0,2437.0,34379,312795,305919
2021-08-18 13:00:00.000000000,1629262800000000000,2444.0,2455.0,2441.0,2445.0,82578,305919,301330
2021-08-18 14:00:00.000000000,1629266400000000000,2445.0,2450.0,2437.0,2446.0,83350,301330,299145
2021-08-18 21:00:00.000000000,1629291600000000000,2453.0,2457.0,2432.0,2442.0,237385,299145,306300
2021-08-18 22:00:00.000000000,1629295200000000000,2442.0,2442.0,2418.0,2434.0,203089,306300,308476
2021-08-19 09:00:00.000000000,1629334800000000000,2392.0,2392.0,2361.0,2381.0,335337,308476,318620
2021-08-19 10:00:00.000000000,1629338400000000000,2381.0,2383.0,2368.0,2370.0,91279,318620,326250
2021-08-19 11:00:00.000000000,1629342000000000000,2370.0,2380.0,2369.0,2379.0,52862,326250,324272
2021-08-19 13:00:00.000000000,1629349200000000000,2379.0,2383.0,2372.0,2374.0,50291,324272,323824
2021-08-19 14:00:00.000000000,1629352800000000000,2374.0,2379.0,2370.0,2374.0,90771,323824,319560
2021-08-19 21:00:00.000000000,1629378000000000000,2352.0,2376.0,2351.0,2368.0,375968,319560,324273
2021-08-19 22:00:00.000000000,1629381600000000000,2368.0,2372.0,2331.0,2337.0,231134,324273,333896
2021-08-20 09:00:00.000000000,1629421200000000000,2365.0,2371.0,2346.0,2354.0,194770,333896,332178
2021-08-20 10:00:00.000000000,1629424800000000000,2354.0,2364.0,2353.0,2362.0,75503,332178,330838
2021-08-20 11:00:00.000000000,1629428400000000000,2362.0,2369.0,2361.0,2363.0,46659,330838,326319
2021-08-20 13:00:00.000000000,1629435600000000000,2356.0,2362.0,2352.0,2362.0,56627,326319,329378
2021-08-20 14:00:00.000000000,1629439200000000000,2362.0,2367.0,2356.0,2360.0,102079,329378,321848
2021-08-20 21:00:00.000000000,1629464400000000000,2322.0,2358.0,2316.0,2354.0,378053,321848,329077
2021-08-20 22:00:00.000000000,1629468000000000000,2354.0,2356.0,2336.0,2340.0,134014,329077,325313
2021-08-23 09:00:00.000000000,1629680400000000000,2346.0,2352.0,2331.0,2331.0,165449,325313,335030
2021-08-23 10:00:00.000000000,1629684000000000000,2331.0,2349.0,2329.0,2348.0,73556,335030,332261
2021-08-23 11:00:00.000000000,1629687600000000000,2348.0,2371.0,2346.0,2366.0,116845,332261,322491
2021-08-23 13:00:00.000000000,1629694800000000000,2363.0,2368.0,2359.0,2360.0,55381,322491,322489
2021-08-23 14:00:00.000000000,1629698400000000000,2360.0,2369.0,2358.0,2362.0,103277,322489,319632
2021-08-23 21:00:00.000000000,1629723600000000000,2382.0,2420.0,2376.0,2415.0,424737,319632,327849
2021-08-23 22:00:00.000000000,1629727200000000000,2415.0,2435.0,2413.0,2433.0,182154,327849,319894
2021-08-24 09:00:00.000000000,1629766800000000000,2426.0,2450.0,2422.0,2449.0,211350,319894,312611
2021-08-24 10:00:00.000000000,1629770400000000000,2449.0,2453.0,2439.0,2445.0,121141,312611,307650
2021-08-24 11:00:00.000000000,1629774000000000000,2445.0,2448.0,2434.0,2442.0,54984,307650,303771
2021-08-24 13:00:00.000000000,1629781200000000000,2446.0,2452.0,2446.0,2450.0,43934,303771,304226
2021-08-24 14:00:00.000000000,1629784800000000000,2450.0,2461.0,2443.0,2460.0,137667,304226,304734
2021-08-24 21:00:00.000000000,1629810000000000000,2472.0,2498.0,2467.0,2497.0,329242,304734,303957
2021-08-24 22:00:00.000000000,1629813600000000000,2497.0,2507.0,2491.0,2504.0,179042,303957,297299
2021-08-25 09:00:00.000000000,1629853200000000000,2505.0,2508.0,2488.0,2494.0,168844,297299,293930
2021-08-25 10:00:00.000000000,1629856800000000000,2494.0,2495.0,2478.0,2478.0,126666,293930,290947
2021-08-25 11:00:00.000000000,1629860400000000000,2478.0,2489.0,2478.0,2486.0,59438,290947,288522
2021-08-25 13:00:00.000000000,1629867600000000000,2491.0,2498.0,2490.0,2491.0,61372,288522,288040
2021-08-25 14:00:00.000000000,1629871200000000000,2491.0,2499.0,2491.0,2497.0,80692,288040,285808
2021-08-25 21:00:00.000000000,1629896400000000000,2516.0,2518.0,2487.0,2492.0,326307,285808,295413
2021-08-25 22:00:00.000000000,1629900000000000000,2492.0,2505.0,2487.0,2495.0,167841,295413,290317
2021-08-26 09:00:00.000000000,1629939600000000000,2507.0,2513.0,2499.0,2512.0,146627,290317,291879
2021-08-26 10:00:00.000000000,1629943200000000000,2512.0,2524.0,2506.0,2522.0,87675,291879,293378
2021-08-26 11:00:00.000000000,1629946800000000000,2522.0,2526.0,2516.0,2524.0,64324,293378,294029
2021-08-26 13:00:00.000000000,1629954000000000000,2521.0,2535.0,2514.0,2532.0,93462,294029,295343
2021-08-26 14:00:00.000000000,1629957600000000000,2532.0,2538.0,2519.0,2520.0,128591,295343,289825
2021-08-26 21:00:00.000000000,1629982800000000000,2521.0,2534.0,2509.0,2533.0,371785,289825,303886
2021-08-26 22:00:00.000000000,1629986400000000000,2533.0,2545.0,2524.0,2527.0,215236,303886,298630
2021-08-27 09:00:00.000000000,1630026000000000000,2525.0,2542.0,2520.0,2538.0,187790,298630,302916
2021-08-27 10:00:00.000000000,1630029600000000000,2538.0,2549.0,2538.0,2539.0,102571,302916,307996
2021-08-27 11:00:00.000000000,1630033200000000000,2539.0,2549.0,2539.0,2545.0,42075,307996,308572
2021-08-27 13:00:00.000000000,1630040400000000000,2549.0,2565.0,2549.0,2563.0,106040,308572,315886
2021-08-27 14:00:00.000000000,1630044000000000000,2563.0,2569.0,2560.0,2564.0,107969,315886,309101
2021-08-27 21:00:00.000000000,1630069200000000000,2572.0,2582.0,2550.0,2554.0,283025,309101,309236
2021-08-27 22:00:00.000000000,1630072800000000000,2554.0,2563.0,2550.0,2556.0,189563,309236,303283
2021-08-30 09:00:00.000000000,1630285200000000000,2568.0,2573.0,2553.0,2559.0,247606,303283,306121
2021-08-30 10:00:00.000000000,1630288800000000000,2559.0,2577.0,2559.0,2570.0,110984,306121,307606
2021-08-30 11:00:00.000000000,1630292400000000000,2570.0,2575.0,2566.0,2574.0,34611,307606,307445
2021-08-30 13:00:00.000000000,1630299600000000000,2572.0,2574.0,2558.0,2559.0,60776,307445,308795
2021-08-30 14:00:00.000000000,1630303200000000000,2559.0,2564.0,2554.0,2558.0,79036,308795,304759
2021-08-30 21:00:00.000000000,1630328400000000000,2572.0,2579.0,2545.0,2548.0,328660,304759,311169
2021-08-30 22:00:00.000000000,1630332000000000000,2548.0,2565.0,2547.0,2562.0,127734,311169,306073
2021-08-31 09:00:00.000000000,1630371600000000000,2570.0,2573.0,2555.0,2562.0,135971,306073,313602
2021-08-31 10:00:00.000000000,1630375200000000000,2562.0,2569.0,2559.0,2566.0,63031,313602,313565
2021-08-31 11:00:00.000000000,1630378800000000000,2566.0,2572.0,2565.0,2565.0,51305,313565,315613
2021-08-31 13:00:00.000000000,1630386000000000000,2571.0,2580.0,2568.0,2575.0,77525,315613,322934
2021-08-31 14:00:00.000000000,1630389600000000000,2575.0,2581.0,2565.0,2567.0,98664,322934,321898
2021-08-31 21:00:00.000000000,1630414800000000000,2555.0,2560.0,2528.0,2530.0,366536,321898,328675
2021-08-31 22:00:00.000000000,1630418400000000000,2530.0,2552.0,2527.0,2547.0,160778,328675,315757
2021-09-01 09:00:00.000000000,1630458000000000000,2540.0,2559.0,2539.0,2553.0,154483,315757,320988
2021-09-01 10:00:00.000000000,1630461600000000000,2553.0,2575.0,2552.0,2575.0,104970,320988,325885
2021-09-01 11:00:00.000000000,1630465200000000000,2575.0,2588.0,2569.0,2583.0,87424,325885,327936
2021-09-01 13:00:00.000000000,1630472400000000000,2578.0,2582.0,2573.0,2579.0,41261,327936,332642
2021-09-01 14:00:00.000000000,1630476000000000000,2579.0,2584.0,2563.0,2575.0,107828,332642,326851
2021-09-01 21:00:00.000000000,1630501200000000000,2566.0,2567.0,2518.0,2520.0,488720,326851,318154
2021-09-01 22:00:00.000000000,1630504800000000000,2520.0,2537.0,2512.0,2524.0,245878,318154,305594
2021-09-02 09:00:00.000000000,1630544400000000000,2532.0,2535.0,2522.0,2532.0,150052,305594,302684
2021-09-02 10:00:00.000000000,1630548000000000000,2532.0,2554.0,2532.0,2549.0,123988,302684,293360
2021-09-02 11:00:00.000000000,1630551600000000000,2549.0,2555.0,2547.0,2548.0,48912,293360,294635
2021-09-02 13:00:00.000000000,1630558800000000000,2552.0,2556.0,2543.0,2549.0,52201,294635,295738
2021-09-02 14:00:00.000000000,1630562400000000000,2549.0,2559.0,2546.0,2556.0,90829,295738,300650
2021-09-02 21:00:00.000000000,1630587600000000000,2573.0,2635.0,2572.0,2634.0,475175,300650,335906
2021-09-02 22:00:00.000000000,1630591200000000000,2634.0,2637.0,2613.0,2620.0,195871,335906,329477
2021-09-03 09:00:00.000000000,1630630800000000000,2605.0,2620.0,2604.0,2611.0,171929,329477,328867
2021-09-03 10:00:00.000000000,1630634400000000000,2611.0,2617.0,2604.0,2617.0,74741,328867,328104
2021-09-03 11:00:00.000000000,1630638000000000000,2617.0,2617.0,2610.0,2614.0,30479,328104,326111
2021-09-03 13:00:00.000000000,1630645200000000000,2608.0,2618.0,2606.0,2616.0,57077,326111,325399
2021-09-03 14:00:00.000000000,1630648800000000000,2616.0,2626.0,2615.0,2619.0,97083,325399,329165
2021-09-03 21:00:00.000000000,1630674000000000000,2630.0,2636.0,2613.0,2623.0,305106,329165,335695
2021-09-03 22:00:00.000000000,1630677600000000000,2623.0,2625.0,2607.0,2612.0,133637,335695,330532
2021-09-06 09:00:00.000000000,1630890000000000000,2589.0,2592.0,2565.0,2568.0,264572,330532,318818
2021-09-06 10:00:00.000000000,1630893600000000000,2568.0,2573.0,2557.0,2563.0,119500,318818,318312
2021-09-06 11:00:00.000000000,1630897200000000000,2563.0,2574.0,2562.0,2573.0,47113,318312,312859
2021-09-06 13:00:00.000000000,1630904400000000000,2570.0,2574.0,2563.0,2567.0,42125,312859,313640
2021-09-06 14:00:00.000000000,1630908000000000000,2567.0,2574.0,2566.0,2570.0,70823,313640,316706
2021-09-06 21:00:00.000000000,1630933200000000000,2589.0,2622.0,2587.0,2620.0,292188,316706,330204
2021-09-06 22:00:00.000000000,1630936800000000000,2620.0,2625.0,2609.0,2615.0,135965,330204,325915
2021-09-07 09:00:00.000000000,1630976400000000000,2609.0,2614.0,2600.0,2610.0,129997,325915,323715
2021-09-07 10:00:00.000000000,1630980000000000000,2610.0,2614.0,2604.0,2606.0,56843,323715,324410
2021-09-07 11:00:00.000000000,1630983600000000000,2606.0,2608.0,2601.0,2607.0,53544,324410,322813
2021-09-07 13:00:00.000000000,1630990800000000000,2603.0,2618.0,2599.0,2618.0,55149,322813,324678
2021-09-07 14:00:00.000000000,1630994400000000000,2618.0,2618.0,2610.0,2616.0,71718,324678,319457
2021-09-07 21:00:00.000000000,1631019600000000000,2584.0,2599.0,2564.0,2594.0,414372,319457,321461
2021-09-07 22:00:00.000000000,1631023200000000000,2594.0,2597.0,2576.0,2577.0,174438,321461,312833
2021-09-08 09:00:00.000000000,1631062800000000000,2586.0,2595.0,2577.0,2592.0,138894,312833,315518
2021-09-08 10:00:00.000000000,1631066400000000000,2592.0,2595.0,2583.0,2589.0,73192,315518,319028
2021-09-08 11:00:00.000000000,1631070000000000000,2589.0,2594.0,2584.0,2586.0,55413,319028,319227
2021-09-08 13:00:00.000000000,1631077200000000000,2592.0,2617.0,2591.0,2615.0,91163,319227,329331
2021-09-08 14:00:00.000000000,1631080800000000000,2615.0,2622.0,2610.0,2620.0,103772,329331,331823
2021-09-08 21:00:00.000000000,1631106000000000000,2639.0,2652.0,2631.0,2635.0,378860,331823,343488
2021-09-08 22:00:00.000000000,1631109600000000000,2635.0,2639.0,2615.0,2620.0,158900,343488,331068
2021-09-09 09:00:00.000000000,1631149200000000000,2614.0,2641.0,2605.0,2639.0,140289,331068,329935
2021-09-09 10:00:00.000000000,1631152800000000000,2639.0,2649.0,2631.0,2640.0,121848,329935,329694
2021-09-09 11:00:00.000000000,1631156400000000000,2640.0,2646.0,2632.0,2634.0,41102,329694,327507
2021-09-09 13:00:00.000000000,1631163600000000000,2633.0,2647.0,2632.0,2647.0,53066,327507,330599
2021-09-09 14:00:00.000000000,1631167200000000000,2647.0,2658.0,2639.0,2641.0,115532,330599,332578
2021-09-09 21:00:00.000000000,1631192400000000000,2618.0,2620.0,2562.0,2595.0,577145,332578,319690
2021-09-09 22:00:00.000000000,1631196000000000000,2595.0,2619.0,2592.0,2611.0,157732,319690,314081
2021-09-10 09:00:00.000000000,1631235600000000000,2571.0,2579.0,2558.0,2572.0,295702,314081,300997
2021-09-10 10:00:00.000000000,1631239200000000000,2572.0,2583.0,2570.0,2574.0,78773,300997,296688
2021-09-10 11:00:00.000000000,1631242800000000000,2574.0,2587.0,2573.0,2580.0,41104,296688,295840
2021-09-10 13:00:00.000000000,1631250000000000000,2582.0,2596.0,2582.0,2590.0,60741,295840,297984
2021-09-10 14:00:00.000000000,1631253600000000000,2590.0,2600.0,2590.0,2595.0,105127,297984,296557
2021-09-10 21:00:00.000000000,1631278800000000000,2625.0,2679.0,2624.0,2658.0,531562,296557,339901
2021-09-10 22:00:00.000000000,1631282400000000000,2658.0,2666.0,2651.0,2660.0,155655,339901,330412
2021-09-13 09:00:00.000000000,1631494800000000000,2677.0,2705.0,2677.0,2700.0,219223,330412,346505
2021-09-13 10:00:00.000000000,1631498400000000000,2700.0,2702.0,2691.0,2698.0,69604,346505,350293
2021-09-13 11:00:00.000000000,1631502000000000000,2698.0,2703.0,2696.0,2699.0,40159,350293,353670
2021-09-13 13:00:00.000000000,1631509200000000000,2695.0,2705.0,2688.0,2704.0,77013,353670,359569
2021-09-13 14:00:00.000000000,1631512800000000000,2704.0,2716.0,2698.0,2705.0,141249,359569,363759
2021-09-13 21:00:00.000000000,1631538000000000000,2712.0,2723.0,2695.0,2708.0,334429,363759,368856
2021-09-13 22:00:00.000000000,1631541600000000000,2708.0,2710.0,2683.0,2690.0,188399,368856,361306
2021-09-14 09:00:00.000000000,1631581200000000000,2692.0,2718.0,2691.0,2717.0,161247,361306,366611
2021-09-14 10:00:00.000000000,1631584800000000000,2717.0,2725.0,2711.0,2721.0,74403,366611,368729
2021-09-14 11:00:00.000000000,1631588400000000000,2721.0,2736.0,2721.0,2734.0,83708,368729,372470
2021-09-14 13:00:00.000000000,1631595600000000000,2739.0,2744.0,2730.0,2738.0,67271,372470,379064
2021-09-14 14:00:00.000000000,1631599200000000000,2738.0,2743.0,2723.0,2725.0,137576,379064,375610
2021-09-14 21:00:00.000000000,1631624400000000000,2733.0,2736.0,2719.0,2723.0,311525,375610,381005
2021-09-14 22:00:00.000000000,1631628000000000000,2723.0,2725.0,2709.0,2716.0,152646,381005,372875
2021-09-15 09:00:00.000000000,1631667600000000000,2725.0,2737.0,2718.0,2727.0,136245,372875,369803
2021-09-15 10:00:00.000000000,1631671200000000000,2727.0,2739.0,2713.0,2739.0,98254,369803,371333
2021-09-15 11:00:00.000000000,1631674800000000000,2739.0,2743.0,2729.0,2732.0,77560,371333,372870
2021-09-15 13:00:00.000000000,1631682000000000000,2731.0,2736.0,2723.0,2729.0,56594,372870,367990
2021-09-15 14:00:00.000000000,1631685600000000000,2729.0,2735.0,2725.0,2730.0,78644,367990,364133
2021-09-15 21:00:00.000000000,1631710800000000000,2764.0,2801.0,2747.0,2795.0,423053,364133,381412
2021-09-15 22:00:00.000000000,1631714400000000000,2795.0,2811.0,2779.0,2793.0,316644,381412,370934
2021-09-16 09:00:00.000000000,1631754000000000000,2778.0,2780.0,2745.0,2746.0,212589,370934,352703
2021-09-16 10:00:00.000000000,1631757600000000000,2746.0,2767.0,2745.0,2764.0,105047,352703,350957
2021-09-16 11:00:00.000000000,1631761200000000000,2764.0,2771.0,2760.0,2765.0,75372,350957,340949
2021-09-16 13:00:00.000000000,1631768400000000000,2763.0,2766.0,2752.0,2760.0,63570,340949,341768
2021-09-16 14:00:00.000000000,1631772000000000000,2760.0,2772.0,2755.0,2758.0,103605,341768,342384
2021-09-16 21:00:00.000000000,1631797200000000000,2744.0,2769.0,2736.0,2746.0,356570,342384,348100
2021-09-16 22:00:00.000000000,1631800800000000000,2746.0,2768.0,2735.0,2763.0,198196,348100,345117
2021-09-17 09:00:00.000000000,1631840400000000000,2773.0,2806.0,2769.0,2796.0,224923,345117,364541
2021-09-17 10:00:00.000000000,1631844000000000000,2796.0,2801.0,2777.0,2783.0,105702,364541,359557
2021-09-17 11:00:00.000000000,1631847600000000000,2783.0,2794.0,2782.0,2786.0,43883,359557,359867
2021-09-17 13:00:00.000000000,1631854800000000000,2785.0,2788.0,2775.0,2780.0,76642,359867,359390
2021-09-17 14:00:00.000000000,1631858400000000000,2780.0,2783.0,2764.0,2767.0,118590,359390,342317
2021-09-22 09:00:00.000000000,1632272400000000000,2742.0,2822.0,2735.0,2799.0,378648,342317,375581
2021-09-22 10:00:00.000000000,1632276000000000000,2799.0,2799.0,2769.0,2785.0,170526,375581,365742
2021-09-22 11:00:00.000000000,1632279600000000000,2785.0,2824.0,2782.0,2813.0,145177,365742,384866
2021-09-22 13:00:00.000000000,1632286800000000000,2815.0,2832.0,2815.0,2828.0,115936,384866,408464
2021-09-22 14:00:00.000000000,1632290400000000000,2828.0,2838.0,2826.0,2836.0,140541,408464,423858
2021-09-22 21:00:00.000000000,1632315600000000000,2839.0,2856.0,2821.0,2839.0,316923,423858,435960
2021-09-22 22:00:00.000000000,1632319200000000000,2839.0,2841.0,2816.0,2826.0,158241,435960,426080
2021-09-23 09:00:00.000000000,1632358800000000000,2837.0,2937.0,2837.0,2912.0,425797,426080,463814
2021-09-23 10:00:00.000000000,1632362400000000000,2912.0,2926.0,2896.0,2923.0,194106,463814,474636
2021-09-23 11:00:00.000000000,1632366000000000000,2923.0,2923.0,2906.0,2914.0,81964,474636,470152
2021-09-23 13:00:00.000000000,1632373200000000000,2914.0,2942.0,2909.0,2916.0,156166,470152,473354
2021-09-23 14:00:00.000000000,1632376800000000000,2916.0,2923.0,2906.0,2916.0,177564,473354,466230
2021-09-23 21:00:00.000000000,1632402000000000000,2906.0,2912.0,2887.0,2905.0,357554,466230,458289
2021-09-23 22:00:00.000000000,1632405600000000000,2905.0,2921.0,2894.0,2917.0,132006,458289,456332
2021-09-24 09:00:00.000000000,1632445200000000000,2923.0,2980.0,2920.0,2949.0,377440,456332,475015
2021-09-24 10:00:00.000000000,1632448800000000000,2949.0,2953.0,2919.0,2927.0,210704,475015,466766
2021-09-24 11:00:00.000000000,1632452400000000000,2927.0,2955.0,2925.0,2951.0,83774,466766,469055
2021-09-24 13:00:00.000000000,1632459600000000000,2950.0,2968.0,2949.0,2963.0,76243,469055,475286
2021-09-24 14:00:00.000000000,1632463200000000000,2963.0,2972.0,2961.0,2962.0,124603,475286,472551
2021-09-24 21:00:00.000000000,1632488400000000000,2948.0,2969.0,2937.0,2964.0,347218,472551,485537
2021-09-24 22:00:00.000000000,1632492000000000000,2964.0,2971.0,2953.0,2956.0,139428,485537,481343
2021-09-27 09:00:00.000000000,1632704400000000000,3038.0,3064.0,3009.0,3036.0,410336,481343,496960
2021-09-27 10:00:00.000000000,1632708000000000000,3036.0,3037.0,2996.0,3005.0,191142,496960,480850
2021-09-27 11:00:00.000000000,1632711600000000000,3005.0,3006.0,2980.0,2982.0,65549,480850,474466
2021-09-27 13:00:00.000000000,1632718800000000000,2990.0,3002.0,2983.0,2992.0,81465,474466,475923
2021-09-27 14:00:00.000000000,1632722400000000000,2992.0,3011.0,2980.0,2987.0,138688,475923,469715
2021-09-27 21:00:00.000000000,1632747600000000000,2999.0,3021.0,2986.0,3015.0,363764,469715,471646
2021-09-27 22:00:00.000000000,1632751200000000000,3015.0,3015.0,2994.0,3001.0,166507,471646,469903
2021-09-28 09:00:00.000000000,1632790800000000000,2992.0,3029.0,2982.0,3025.0,231380,469903,477612
2021-09-28 10:00:00.000000000,1632794400000000000,3025.0,3065.0,3017.0,3049.0,196183,477612,501022
2021-09-28 11:00:00.000000000,1632798000000000000,3049.0,3062.0,3046.0,3059.0,75048,501022,503353
2021-09-28 13:00:00.000000000,1632805200000000000,3058.0,3079.0,3055.0,3072.0,109246,503353,508529
2021-09-28 14:00:00.000000000,1632808800000000000,3072.0,3113.0,3069.0,3108.0,228490,508529,525367
2021-09-28 21:00:00.000000000,1632834000000000000,3084.0,3116.0,3064.0,3071.0,433726,525367,520951
2021-09-28 22:00:00.000000000,1632837600000000000,3071.0,3071.0,3024.0,3028.0,349227,520951,496642
2021-09-29 09:00:00.000000000,1632877200000000000,3007.0,3014.0,2976.0,2994.0,271676,496642,484513
2021-09-29 10:00:00.000000000,1632880800000000000,2994.0,2995.0,2962.0,2963.0,209837,484513,471951
2021-09-29 11:00:00.000000000,1632884400000000000,2963.0,2974.0,2958.0,2969.0,71918,471951,464659
2021-09-29 13:00:00.000000000,1632891600000000000,2960.0,2965.0,2950.0,2959.0,70558,464659,462056
2021-09-29 14:00:00.000000000,1632895200000000000,2959.0,2984.0,2955.0,2974.0,151963,462056,454740
2021-09-29 21:00:00.000000000,1632920400000000000,3003.0,3010.0,2955.0,2978.0,415157,454740,438102
2021-09-29 22:00:00.000000000,1632924000000000000,2978.0,2997.0,2953.0,2985.0,165025,438102,434665
2021-09-30 09:00:00.000000000,1632963600000000000,2982.0,2988.0,2960.0,2962.0,212176,434665,426958
2021-09-30 10:00:00.000000000,1632967200000000000,2962.0,2974.0,2960.0,2970.0,63349,426958,421269
2021-09-30 11:00:00.000000000,1632970800000000000,2970.0,2994.0,2965.0,2970.0,58085,421269,419607
2021-09-30 13:00:00.000000000,1632978000000000000,2981.0,2987.0,2965.0,2970.0,66376,419607,415453
2021-09-30 14:00:00.000000000,1632981600000000000,2970.0,2994.0,2959.0,2980.0,120897,415453,404017
2021-10-08 09:00:00.000000000,1633654800000000000,3151.0,3274.0,3149.0,3165.0,461236,404017,400234
2021-10-08 10:00:00.000000000,1633658400000000000,3165.0,3196.0,3144.0,3195.0,167494,400234,398055
2021-10-08 11:00:00.000000000,1633662000000000000,3195.0,3198.0,3183.0,3188.0,53366,398055,396716
2021-10-08 13:00:00.000000000,1633669200000000000,3193.0,3214.0,3185.0,3202.0,61865,396716,398752
2021-10-08 14:00:00.000000000,1633672800000000000,3202.0,3212.0,3192.0,3199.0,123915,398752,393980
2021-10-08 21:00:00.000000000,1633698000000000000,3192.0,3221.0,3158.0,3218.0,348413,393980,406725
2021-10-08 22:00:00.000000000,1633701600000000000,3218.0,3236.0,3213.0,3225.0,165220,406725,405151
2021-10-11 09:00:00.000000000,1633914000000000000,3248.0,3282.0,3225.0,3249.0,310632,405151,421681
2021-10-11 10:00:00.000000000,1633917600000000000,3249.0,3256.0,3221.0,3250.0,157343,421681,418058
2021-10-11 11:00:00.000000000,1633921200000000000,3250.0,3264.0,3247.0,3258.0,46985,418058,423338
2021-10-11 13:00:00.000000000,1633928400000000000,3255.0,3269.0,3251.0,3259.0,51490,423338,427736
2021-10-11 14:00:00.000000000,1633932000000000000,3259.0,3262.0,3246.0,3248.0,114644,427736,422623
2021-10-11 21:00:00.000000000,1633957200000000000,3261.0,3282.0,3249.0,3272.0,345711,422623,419840
2021-10-11 22:00:00.000000000,1633960800000000000,3272.0,3273.0,3242.0,3256.0,180206,419840,412683
2021-10-12 09:00:00.000000000,1634000400000000000,3226.0,3241.0,3196.0,3210.0,253469,412683,405802
2021-10-12 10:00:00.000000000,1634004000000000000,3210.0,3238.0,3209.0,3235.0,104923,405802,402568
2021-10-12 11:00:00.000000000,1634007600000000000,3235.0,3245.0,3233.0,3240.0,59966,402568,403087
2021-10-12 13:00:00.000000000,1634014800000000000,3255.0,3272.0,3249.0,3271.0,81228,403087,411263
2021-10-12 14:00:00.000000000,1634018400000000000,3271.0,3271.0,3254.0,3258.0,114157,411263,402587
2021-10-12 21:00:00.000000000,1634043600000000000,3246.0,3291.0,3224.0,3273.0,414238,402587,418269
2021-10-12 22:00:00.000000000,1634047200000000000,3273.0,3276.0,3203.0,3211.0,292116,418269,403487
2021-10-13 09:00:00.000000000,1634086800000000000,3208.0,3223.0,3185.0,3191.0,283177,403487,402010
2021-10-13 10:00:00.000000000,1634090400000000000,3191.0,3202.0,3116.0,3165.0,272208,402010,379487
2021-10-13 11:00:00.000000000,1634094000000000000,3165.0,3204.0,3162.0,3178.0,126686,379487,374338
2021-10-13 13:00:00.000000000,1634101200000000000,3190.0,3210.0,3190.0,3193.0,87041,374338,376207
2021-10-13 14:00:00.000000000,1634104800000000000,3193.0,3203.0,3173.0,3186.0,159402,376207,369765
2021-10-13 21:00:00.000000000,1634130000000000000,3163.0,3180.0,3108.0,3116.0,325311,369765,369324
2021-10-13 22:00:00.000000000,1634133600000000000,3116.0,3136.0,3104.0,3110.0,188544,369324,360287
2021-10-14 09:00:00.000000000,1634173200000000000,3126.0,3157.0,3125.0,3150.0,162583,360287,359521
2021-10-14 10:00:00.000000000,1634176800000000000,3150.0,3167.0,3147.0,3159.0,101101,359521,357711
2021-10-14 11:00:00.000000000,1634180400000000000,3159.0,3185.0,3156.0,3179.0,75291,357711,357349
2021-10-14 13:00:00.000000000,1634187600000000000,3178.0,3190.0,3172.0,3183.0,94408,357349,358754
2021-10-14 14:00:00.000000000,1634191200000000000,3183.0,3187.0,3172.0,3180.0,95829,358754,356349
2021-10-14 21:00:00.000000000,1634216400000000000,3196.0,3216.0,3162.0,3171.0,318783,356349,362235
2021-10-14 22:00:00.000000000,1634220000000000000,3171.0,3195.0,3154.0,3190.0,196080,362235,354822
2021-10-15 09:00:00.000000000,1634259600000000000,3214.0,3225.0,3168.0,3178.0,278396,354822,360513
2021-10-15 10:00:00.000000000,1634263200000000000,3178.0,3198.0,3177.0,3184.0,93136,360513,359260
2021-10-15 11:00:00.000000000,1634266800000000000,3184.0,3187.0,3177.0,3185.0,43126,359260,356779
2021-10-15 13:00:00.000000000,1634274000000000000,3194.0,3226.0,3189.0,3223.0,99642,356779,356652
2021-10-15 14:00:00.000000000,1634277600000000000,3223.0,3229.0,3203.0,3217.0,145325,356652,351273
2021-10-15 21:00:00.000000000,1634302800000000000,3218.0,3227.0,3190.0,3207.0,301196,351273,357020
2021-10-15 22:00:00.000000000,1634306400000000000,3207.0,3210.0,3182.0,3198.0,216753,357020,352576
2021-10-18 09:00:00.000000000,1634518800000000000,3227.0,3251.0,3213.0,3227.0,269001,352576,360739
2021-10-18 10:00:00.000000000,1634522400000000000,3227.0,3256.0,3223.0,3253.0,105724,360739,366513
2021-10-18 11:00:00.000000000,1634526000000000000,3253.0,3276.0,3249.0,3259.0,119476,366513,372311
2021-10-18 13:00:00.000000000,1634533200000000000,3259.0,3264.0,3226.0,3229.0,103652,372311,365147
2021-10-18 14:00:00.000000000,1634536800000000000,3229.0,3249.0,3226.0,3231.0,121592,365147,355765
2021-10-18 21:00:00.000000000,1634562000000000000,3230.0,3230.0,3164.0,3181.0,406867,355765,368510
2021-10-18 22:00:00.000000000,1634565600000000000,3181.0,3184.0,3130.0,3132.0,280067,368510,361260
2021-10-19 09:00:00.000000000,1634605200000000000,3115.0,3115.0,3077.0,3085.0,265055,361260,355735
2021-10-19 10:00:00.000000000,1634608800000000000,3085.0,3107.0,3082.0,3105.0,99503,355735,350952
2021-10-19 11:00:00.000000000,1634612400000000000,3105.0,3108.0,3096.0,3101.0,49433,350952,346569
2021-10-19 13:00:00.000000000,1634619600000000000,3113.0,3130.0,3108.0,3116.0,83641,346569,346372
2021-10-19 14:00:00.000000000,1634623200000000000,3116.0,3132.0,3115.0,3125.0,97975,346372,341590
2021-10-19 21:00:00.000000000,1634648400000000000,3113.0,3127.0,3057.0,3085.0,419549,341590,341240
2021-10-19 22:00:00.000000000,1634652000000000000,3085.0,3103.0,3056.0,3082.0,206891,341240,334212
2021-10-20 09:00:00.000000000,1634691600000000000,3100.0,3114.0,3088.0,3109.0,203738,334212,330223
2021-10-20 10:00:00.000000000,1634695200000000000,3109.0,3121.0,3093.0,3099.0,120149,330223,332110
2021-10-20 11:00:00.000000000,1634698800000000000,3099.0,3114.0,3098.0,3109.0,67887,332110,335568
2021-10-20 13:00:00.000000000,1634706000000000000,3109.0,3113.0,3097.0,3107.0,70401,335568,334866
2021-10-20 14:00:00.000000000,1634709600000000000,3107.0,3107.0,3082.0,3091.0,138284,334866,326763
2021-10-20 21:00:00.000000000,1634734800000000000,3073.0,3093.0,3045.0,3068.0,326893,326763,324647
2021-10-20 22:00:00.000000000,1634738400000000000,3068.0,3123.0,3049.0,3107.0,283185,324647,323386
2021-10-21 09:00:00.000000000,1634778000000000000,3162.0,3167.0,3124.0,3128.0,178184,323386,322253
2021-10-21 10:00:00.000000000,1634781600000000000,3128.0,3132.0,3106.0,3116.0,85732,322253,321177
2021-10-21 11:00:00.000000000,1634785200000000000,3116.0,3123.0,3107.0,3120.0,41689,321177,318442
2021-10-21 13:00:00.000000000,1634792400000000000,3112.0,3113.0,3086.0,3092.0,89785,318442,313746
2021-10-21 14:00:00.000000000,1634796000000000000,3092.0,3102.0,3065.0,3065.0,170520,313746,299275
2021-10-21 21:00:00.000000000,1634821200000000000,3063.0,3075.0,3010.0,3053.0,430117,299275,297810
2021-10-21 22:00:00.000000000,1634824800000000000,3053.0,3061.0,2972.0,2975.0,314713,297810,300076
2021-10-22 09:00:00.000000000,1634864400000000000,3015.0,3048.0,3010.0,3017.0,217646,300076,289162
2021-10-22 10:00:00.000000000,1634868000000000000,3017.0,3025.0,2982.0,2998.0,132221,289162,287894
2021-10-22 11:00:00.000000000,1634871600000000000,2998.0,2999.0,2977.0,2995.0,72463,287894,285094
2021-10-22 13:00:00.000000000,1634878800000000000,2988.0,2988.0,2961.0,2963.0,99289,285094,285872
2021-10-22 14:00:00.000000000,1634882400000000000,2963.0,2999.0,2961.0,2988.0,164225,285872,278437
2021-10-22 21:00:00.000000000,1634907600000000000,3035.0,3048.0,3016.0,3030.0,299817,278437,279867
2021-10-22 22:00:00.000000000,1634911200000000000,3030.0,3032.0,2989.0,2997.0,248758,279867,265711
2021-10-25 09:00:00.000000000,1635123600000000000,3048.0,3070.0,3038.0,3052.0,232286,265711,268949
2021-10-25 10:00:00.000000000,1635127200000000000,3052.0,3087.0,3048.0,3077.0,147527,268949,271921
2021-10-25 11:00:00.000000000,1635130800000000000,3077.0,3083.0,3072.0,3078.0,52846,271921,269718
2021-10-25 13:00:00.000000000,1635138000000000000,3070.0,3072.0,3055.0,3058.0,61893,269718,267629
2021-10-25 14:00:00.000000000,1635141600000000000,3058.0,3074.0,3057.0,3060.0,102056,267629,263435
2021-10-25 21:00:00.000000000,1635166800000000000,3084.0,3096.0,3055.0,3073.0,327259,263435,266130
2021-10-25 22:00:00.000000000,1635170400000000000,3073.0,3116.0,3070.0,3115.0,185926,266130,265345
2021-10-26 09:00:00.000000000,1635210000000000000,3080.0,3089.0,3043.0,3061.0,216235,265345,263108
2021-10-26 10:00:00.000000000,1635213600000000000,3061.0,3073.0,3047.0,3068.0,88528,263108,260087
2021-10-26 11:00:00.000000000,1635217200000000000,3068.0,3085.0,3064.0,3071.0,71919,260087,258202
2021-10-26 13:00:00.000000000,1635224400000000000,3066.0,3069.0,3048.0,3052.0,74298,258202,258501
2021-10-26 14:00:00.000000000,1635228000000000000,3052.0,3059.0,3042.0,3050.0,124073,258501,258702
2021-10-26 21:00:00.000000000,1635253200000000000,3068.0,3071.0,3003.0,3014.0,411191,258702,267635
2021-10-26 22:00:00.000000000,1635256800000000000,3014.0,3026.0,3006.0,3020.0,182339,267635,262119
2021-10-27 09:00:00.000000000,1635296400000000000,3028.0,3028.0,2971.0,2974.0,231053,262119,266641
2021-10-27 10:00:00.000000000,1635300000000000000,2974.0,2994.0,2966.0,2992.0,123498,266641,258937
2021-10-27 11:00:00.000000000,1635303600000000000,2992.0,3004.0,2990.0,2994.0,61326,258937,255883
2021-10-27 13:00:00.000000000,1635310800000000000,2975.0,2977.0,2950.0,2972.0,133002,255883,253085
2021-10-27 14:00:00.000000000,1635314400000000000,2972.0,2979.0,2943.0,2953.0,136495,253085,253727
2021-10-27 21:00:00.000000000,1635339600000000000,2949.0,2966.0,2920.0,2951.0,363001,253727,256589
2021-10-27 22:00:00.000000000,1635343200000000000,2951.0,2970.0,2882.0,2884.0,325924,256589,252284
2021-10-28 09:00:00.000000000,1635382800000000000,2817.0,2835.0,2772.0,2781.0,374017,252284,251982
2021-10-28 10:00:00.000000000,1635386400000000000,2781.0,2787.0,2759.0,2779.0,154749,251982,242728
2021-10-28 11:00:00.000000000,1635390000000000000,2779.0,2796.0,2776.0,2784.0,70864,242728,241014
2021-10-28 13:00:00.000000000,1635397200000000000,2798.0,2847.0,2785.0,2845.0,151859,241014,234306
2021-10-28 14:00:00.000000000,1635400800000000000,2845.0,2880.0,2833.0,2848.0,308279,234306,220780
2021-10-28 21:00:00.000000000,1635426000000000000,2848.0,2875.0,2826.0,2872.0,401656,220780,224958
2021-10-28 22:00:00.000000000,1635429600000000000,2872.0,2890.0,2846.0,2878.0,208934,224958,216126
2021-10-29 09:00:00.000000000,1635469200000000000,2882.0,2906.0,2878.0,2896.0,250390,216126,217879
2021-10-29 10:00:00.000000000,1635472800000000000,2896.0,2905.0,2887.0,2894.0,125452,217879,211793
2021-10-29 11:00:00.000000000,1635476400000000000,2894.0,2916.0,2890.0,2901.0,81558,211793,207467
2021-10-29 13:00:00.000000000,1635483600000000000,2906.0,2909.0,2890.0,2907.0,65612,207467,208779
2021-10-29 14:00:00.000000000,1635487200000000000,2907.0,2925.0,2895.0,2924.0,130473,208779,204913
2021-10-29 21:00:00.000000000,1635512400000000000,2879.0,2908.0,2857.0,2903.0,311895,204913,200976
2021-10-29 22:00:00.000000000,1635516000000000000,2903.0,2903.0,2859.0,2879.0,208284,200976,197479
2021-11-01 09:00:00.000000000,1635728400000000000,2901.0,2929.0,2895.0,2920.0,218948,197479,197398
2021-11-01 10:00:00.000000000,1635732000000000000,2920.0,2925.0,2908.0,2909.0,66127,197398,193957
2021-11-01 11:00:00.000000000,1635735600000000000,2909.0,2915.0,2902.0,2904.0,24832,193957,193913
2021-11-01 13:00:00.000000000,1635742800000000000,2910.0,2916.0,2903.0,2910.0,37835,193913,195168
2021-11-01 14:00:00.000000000,1635746400000000000,2910.0,2921.0,2890.0,2892.0,99246,195168,196919
2021-11-01 21:00:00.000000000,1635771600000000000,2937.0,2982.0,2929.0,2968.0,214695,196919,209607
2021-11-01 22:00:00.000000000,1635775200000000000,2968.0,2969.0,2934.0,2943.0,111762,209607,205015
2021-11-02 09:00:00.000000000,1635814800000000000,2953.0,2979.0,2950.0,2976.0,91846,205015,210624
2021-11-02 10:00:00.000000000,1635818400000000000,2976.0,2978.0,2957.0,2964.0,40947,210624,211893
2021-11-02 11:00:00.000000000,1635822000000000000,2964.0,2971.0,2953.0,2961.0,35879,211893,213127
2021-11-02 13:00:00.000000000,1635829200000000000,2945.0,2974.0,2923.0,2967.0,79889,213127,216790
2021-11-02 14:00:00.000000000,1635832800000000000,2967.0,2999.0,2967.0,2994.0,99604,216790,221977
2021-11-02 21:00:00.000000000,1635858000000000000,2972.0,2983.0,2902.0,2904.0,218902,221977,203059
2021-11-02 22:00:00.000000000,1635861600000000000,2904.0,2915.0,2885.0,2892.0,116307,203059,203271
2021-11-03 09:00:00.000000000,1635901200000000000,2860.0,2886.0,2836.0,2842.0,126711,203271,213793
2021-11-03 10:00:00.000000000,1635904800000000000,2842.0,2867.0,2830.0,2841.0,72940,213793,215622
2021-11-03 11:00:00.000000000,1635908400000000000,2841.0,2868.0,2836.0,2868.0,38890,215622,213153
2021-11-03 13:00:00.000000000,1635915600000000000,2880.0,2880.0,2857.0,2859.0,44883,213153,214553
2021-11-03 14:00:00.000000000,1635919200000000000,2859.0,2882.0,2854.0,2879.0,72298,214553,213151
2021-11-03 21:00:00.000000000,1635944400000000000,2845.0,2856.0,2814.0,2846.0,159748,213151,209154
2021-11-03 22:00:00.000000000,1635948000000000000,2846.0,2853.0,2810.0,2823.0,106410,209154,212227
2021-11-04 09:00:00.000000000,1635987600000000000,2783.0,2804.0,2762.0,2802.0,124802,212227,219753
2021-11-04 10:00:00.000000000,1635991200000000000,2802.0,2807.0,2780.0,2792.0,46897,219753,223011
2021-11-04 11:00:00.000000000,1635994800000000000,2792.0,2798.0,2780.0,2782.0,23898,223011,225065
2021-11-04 13:00:00.000000000,1636002000000000000,2791.0,2840.0,2791.0,2811.0,49512,225065,226956
2021-11-04 14:00:00.000000000,1636005600000000000,2811.0,2821.0,2793.0,2810.0,59837,226956,233285
2021-11-04 21:00:00.000000000,1636030800000000000,2903.0,2919.0,2875.0,2881.0,195194,233285,216858
2021-11-04 22:00:00.000000000,1636034400000000000,2881.0,2887.0,2831.0,2841.0,145502,216858,212965
2021-11-05 09:00:00.000000000,1636074000000000000,2796.0,2825.0,2783.0,2793.0,128693,212965,212864
2021-11-05 10:00:00.000000000,1636077600000000000,2793.0,2803.0,2786.0,2794.0,38071,212864,215093
2021-11-05 11:00:00.000000000,1636081200000000000,2794.0,2805.0,2792.0,2802.0,19968,215093,215896
2021-11-05 13:00:00.000000000,1636088400000000000,2788.0,2797.0,2775.0,2776.0,38981,215896,218128
2021-11-05 14:00:00.000000000,1636092000000000000,2776.0,2800.0,2750.0,2799.0,109464,218128,219756
2021-11-05 21:00:00.000000000,1636117200000000000,2812.0,2837.0,2807.0,2826.0,112569,219756,215147
2021-11-05 22:00:00.000000000,1636120800000000000,2826.0,2900.0,2826.0,2898.0,88308,215147,213184
2021-11-08 09:00:00.000000000,1636333200000000000,2938.0,2980.0,2926.0,2950.0,117820,213184,224955
2021-11-08 10:00:00.000000000,1636336800000000000,2950.0,2966.0,2941.0,2957.0,35395,224955,230381
2021-11-08 11:00:00.000000000,1636340400000000000,2957.0,2964.0,2952.0,2958.0,18213,230381,233399
2021-11-08 13:00:00.000000000,1636347600000000000,2958.0,2965.0,2954.0,2960.0,19099,233399,238225
2021-11-08 14:00:00.000000000,1636351200000000000,2960.0,2972.0,2948.0,2960.0,44534,238225,239668
2021-11-08 21:00:00.000000000,1636376400000000000,2955.0,2957.0,2907.0,2910.0,126348,239668,225959
2021-11-08 22:00:00.000000000,1636380000000000000,2910.0,2932.0,2903.0,2924.0,63387,225959,224107
2021-11-09 09:00:00.000000000,1636419600000000000,2925.0,2947.0,2918.0,2923.0,43241,224107,223373
2021-11-09 10:00:00.000000000,1636423200000000000,2923.0,2931.0,2915.0,2915.0,14449,223373,223008
2021-11-09 11:00:00.000000000,1636426800000000000,2915.0,2921.0,2907.0,2908.0,14781,223008,222122
2021-11-09 13:00:00.000000000,1636434000000000000,2912.0,2929.0,2912.0,2926.0,13925,222122,223003
2021-11-09 14:00:00.000000000,1636437600000000000,2926.0,2939.0,2920.0,2928.0,36369,223003,224612
2021-11-09 21:00:00.000000000,1636462800000000000,2934.0,2937.0,2887.0,2891.0,102442,224612,216280
2021-11-09 22:00:00.000000000,1636466400000000000,2891.0,2948.0,2890.0,2915.0,71471,216280,216013
2021-11-10 09:00:00.000000000,1636506000000000000,2968.0,2981.0,2945.0,2976.0,96750,216013,221241
2021-11-10 10:00:00.000000000,1636509600000000000,2976.0,2978.0,2960.0,2966.0,25462,221241,224444
2021-11-10 11:00:00.000000000,1636513200000000000,2966.0,2977.0,2962.0,2972.0,15068,224444,227604
2021-11-10 13:00:00.000000000,1636520400000000000,2965.0,2974.0,2955.0,2968.0,18902,227604,229071
2021-11-10 14:00:00.000000000,1636524000000000000,2968.0,2973.0,2958.0,2963.0,48200,229071,229749
2021-11-10 21:00:00.000000000,1636549200000000000,2941.0,2968.0,2928.0,2966.0,90757,229749,215857
2021-11-10 22:00:00.000000000,1636552800000000000,2966.0,2966.0,2936.0,2945.0,56242,215857,212313
2021-11-11 09:00:00.000000000,1636592400000000000,2878.0,2885.0,2850.0,2863.0,106074,212313,201882
2021-11-11 10:00:00.000000000,1636596000000000000,2863.0,2892.0,2860.0,2888.0,32956,201882,201886
2021-11-11 11:00:00.000000000,1636599600000000000,2888.0,2890.0,2876.0,2881.0,18437,201886,200414
2021-11-11 13:00:00.000000000,1636606800000000000,2887.0,2896.0,2878.0,2881.0,24075,200414,202843
2021-11-11 14:00:00.000000000,1636610400000000000,2881.0,2889.0,2872.0,2880.0,39590,202843,206693
2021-11-11 21:00:00.000000000,1636635600000000000,2855.0,2866.0,2833.0,2861.0,98799,206693,193261
2021-11-11 22:00:00.000000000,1636639200000000000,2861.0,2880.0,2852.0,2876.0,50715,193261,194217
2021-11-12 09:00:00.000000000,1636678800000000000,2859.0,2874.0,2856.0,2872.0,34369,194217,192446
2021-11-12 10:00:00.000000000,1636682400000000000,2872.0,2879.0,2859.0,2864.0,17585,192446,191717
2021-11-12 11:00:00.000000000,1636686000000000000,2864.0,2866.0,2848.0,2855.0,13341,191717,192563
2021-11-12 13:00:00.000000000,1636693200000000000,2860.0,2863.0,2845.0,2852.0,15351,192563,194185
2021-11-12 14:00:00.000000000,1636696800000000000,2852.0,2861.0,2847.0,2857.0,28342,194185,198790
2021-11-12 21:00:00.000000000,1636722000000000000,2812.0,2848.0,2808.0,2819.0,91546,198790,188298
2021-11-12 22:00:00.000000000,1636725600000000000,2819.0,2858.0,2810.0,2850.0,62878,188298,185579
2021-11-15 09:00:00.000000000,1636938000000000000,2854.0,2861.0,2815.0,2815.0,51806,185579,197295
2021-11-15 10:00:00.000000000,1636941600000000000,2815.0,2818.0,2795.0,2798.0,35295,197295,203553
2021-11-15 11:00:00.000000000,1636945200000000000,2798.0,2804.0,2786.0,2795.0,15129,203553,208173
2021-11-15 13:00:00.000000000,1636952400000000000,2810.0,2812.0,2797.0,2803.0,14936,208173,209751
2021-11-15 14:00:00.000000000,1636956000000000000,2803.0,2822.0,2787.0,2795.0,39962,209751,214997
2021-11-15 21:00:00.000000000,1636981200000000000,2779.0,2828.0,2772.0,2809.0,101671,214997,205708
2021-11-15 22:00:00.000000000,1636984800000000000,2809.0,2820.0,2792.0,2809.0,46317,205708,201517
2021-11-16 09:00:00.000000000,1637024400000000000,2836.0,2897.0,2831.0,2895.0,91540,201517,198048
2021-11-16 10:00:00.000000000,1637028000000000000,2895.0,2910.0,2891.0,2901.0,37539,198048,204590
2021-11-16 11:00:00.000000000,1637031600000000000,2901.0,2910.0,2899.0,2908.0,15334,204590,206298
2021-11-16 13:00:00.000000000,1637038800000000000,2900.0,2917.0,2892.0,2900.0,35966,206298,211657
2021-11-16 14:00:00.000000000,1637042400000000000,2900.0,2903.0,2887.0,2894.0,40187,211657,215875
2021-11-16 21:00:00.000000000,1637067600000000000,2900.0,2912.0,2884.0,2893.0,62877,215875,202736
2021-11-16 22:00:00.000000000,1637071200000000000,2893.0,2893.0,2864.0,2888.0,61952,202736,194292
2021-11-17 09:00:00.000000000,1637110800000000000,2873.0,2893.0,2870.0,2880.0,39162,194292,192901
2021-11-17 10:00:00.000000000,1637114400000000000,2880.0,2895.0,2867.0,2895.0,23800,192901,194609
2021-11-17 11:00:00.000000000,1637118000000000000,2895.0,2896.0,2870.0,2871.0,14393,194609,195872
2021-11-17 13:00:00.000000000,1637125200000000000,2873.0,2887.0,2870.0,2875.0,11954,195872,196292
2021-11-17 14:00:00.000000000,1637128800000000000,2875.0,2898.0,2870.0,2885.0,34044,196292,200668
2021-11-17 21:00:00.000000000,1637154000000000000,2885.0,2897.0,2860.0,2871.0,66021,200668,187927
2021-11-17 22:00:00.000000000,1637157600000000000,2871.0,2896.0,2868.0,2888.0,43468,187927,186899
2021-11-18 09:00:00.000000000,1637197200000000000,2827.0,2836.0,2783.0,2792.0,131559,186899,189535
2021-11-18 10:00:00.000000000,1637200800000000000,2792.0,2800.0,2785.0,2788.0,23442,189535,193250
2021-11-18 11:00:00.000000000,1637204400000000000,2788.0,2793.0,2779.0,2783.0,18057,193250,197294
2021-11-18 13:00:00.000000000,1637211600000000000,2790.0,2803.0,2790.0,2797.0,18319,197294,197816
2021-11-18 14:00:00.000000000,1637215200000000000,2797.0,2799.0,2772.0,2776.0,39645,197816,210777
2021-11-18 21:00:00.000000000,1637240400000000000,2790.0,2829.0,2787.0,2819.0,91554,210777,195203
2021-11-18 22:00:00.000000000,1637244000000000000,2819.0,2840.0,2814.0,2829.0,46180,195203,189451
2021-11-19 09:00:00.000000000,1637283600000000000,2836.0,2870.0,2827.0,2858.0,66801,189451,183935
2021-11-19 10:00:00.000000000,1637287200000000000,2858.0,2900.0,2855.0,2899.0,46589,183935,190608
2021-11-19 11:00:00.000000000,1637290800000000000,2899.0,2925.0,2899.0,2909.0,38299,190608,199653
2021-11-19 13:00:00.000000000,1637298000000000000,2906.0,2915.0,2897.0,2904.0,19709,199653,202931
2021-11-19 14:00:00.000000000,1637301600000000000,2904.0,2919.0,2896.0,2897.0,42937,202931,205809
2021-11-19 21:00:00.000000000,1637326800000000000,2758.0,2800.0,2750.0,2796.0,173569,205809,188634
2021-11-19 22:00:00.000000000,1637330400000000000,2796.0,2828.0,2778.0,2801.0,88167,188634,192866
2021-11-22 09:00:00.000000000,1637542800000000000,2766.0,2792.0,2732.0,2739.0,100627,192866,207213
2021-11-22 10:00:00.000000000,1637546400000000000,2739.0,2771.0,2730.0,2755.0,39402,207213,212376
2021-11-22 11:00:00.000000000,1637550000000000000,2755.0,2770.0,2750.0,2762.0,15486,212376,213006
2021-11-22 13:00:00.000000000,1637557200000000000,2764.0,2778.0,2754.0,2757.0,17838,213006,214526
2021-11-22 14:00:00.000000000,1637560800000000000,2757.0,2771.0,2752.0,2764.0,29588,214526,219946
2021-11-22 21:00:00.000000000,1637586000000000000,2758.0,2761.0,2732.0,2746.0,83533,219946,206378
2021-11-22 22:00:00.000000000,1637589600000000000,2746.0,2768.0,2732.0,2754.0,58872,206378,201084
2021-11-23 09:00:00.000000000,1637629200000000000,2780.0,2782.0,2756.0,2778.0,50922,201084,197744
2021-11-23 10:00:00.000000000,1637632800000000000,2778.0,2788.0,2763.0,2772.0,26923,197744,198188
2021-11-23 11:00:00.000000000,1637636400000000000,2772.0,2782.0,2770.0,2778.0,12085,198188,199657
2021-11-23 13:00:00.000000000,1637643600000000000,2766.0,2772.0,2751.0,2760.0,27370,199657,205141
2021-11-23 14:00:00.000000000,1637647200000000000,2760.0,2768.0,2751.0,2752.0,33661,205141,209832
2021-11-23 21:00:00.000000000,1637672400000000000,2770.0,2825.0,2768.0,2824.0,125678,209832,188355
2021-11-23 22:00:00.000000000,1637676000000000000,2824.0,2851.0,2824.0,2838.0,83123,188355,192357
2021-11-24 09:00:00.000000000,1637715600000000000,2853.0,2867.0,2838.0,2862.0,61652,192357,197952
2021-11-24 10:00:00.000000000,1637719200000000000,2862.0,2891.0,2862.0,2878.0,42289,197952,207376
2021-11-24 11:00:00.000000000,1637722800000000000,2878.0,2879.0,2866.0,2876.0,15626,207376,208176
2021-11-24 13:00:00.000000000,1637730000000000000,2876.0,2895.0,2876.0,2888.0,21346,208176,212064
2021-11-24 14:00:00.000000000,1637733600000000000,2888.0,2898.0,2886.0,2891.0,38504,212064,215725
2021-11-24 21:00:00.000000000,1637758800000000000,2887.0,2906.0,2874.0,2894.0,71752,215725,200258
2021-11-24 22:00:00.000000000,1637762400000000000,2894.0,2912.0,2879.0,2908.0,46646,200258,192773
2021-11-25 09:00:00.000000000,1637802000000000000,2904.0,2936.0,2901.0,2902.0,49964,192773,192495
2021-11-25 10:00:00.000000000,1637805600000000000,2902.0,2921.0,2899.0,2920.0,17447,192495,194479
2021-11-25 11:00:00.000000000,1637809200000000000,2920.0,2925.0,2910.0,2913.0,10560,194479,194888
2021-11-25 13:00:00.000000000,1637816400000000000,2911.0,2927.0,2911.0,2921.0,10776,194888,195174
2021-11-25 14:00:00.000000000,1637820000000000000,2921.0,2925.0,2903.0,2904.0,25670,195174,196474
2021-11-25 21:00:00.000000000,1637845200000000000,2916.0,2930.0,2895.0,2904.0,63995,196474,190140
2021-11-25 22:00:00.000000000,1637848800000000000,2904.0,2910.0,2898.0,2900.0,26731,190140,185511
2021-11-26 09:00:00.000000000,1637888400000000000,2862.0,2880.0,2851.0,2862.0,74542,185511,178633
2021-11-26 10:00:00.000000000,1637892000000000000,2862.0,2867.0,2846.0,2849.0,24035,178633,175477
2021-11-26 11:00:00.000000000,1637895600000000000,2849.0,2854.0,2841.0,2846.0,11499,175477,174370
2021-11-26 13:00:00.000000000,1637902800000000000,2840.0,2840.0,2817.0,2821.0,30620,174370,175340
2021-11-26 14:00:00.000000000,1637906400000000000,2821.0,2833.0,2814.0,2828.0,37937,175340,176560
2021-11-26 21:00:00.000000000,1637931600000000000,2754.0,2773.0,2742.0,2753.0,104381,176560,163324
2021-11-26 22:00:00.000000000,1637935200000000000,2753.0,2755.0,2700.0,2703.0,92303,163324,169108
2021-11-29 09:00:00.000000000,1638147600000000000,2703.0,2722.0,2650.0,2684.0,116141,169108,179024
2021-11-29 10:00:00.000000000,1638151200000000000,2684.0,2696.0,2674.0,2683.0,24591,179024,180357
2021-11-29 11:00:00.000000000,1638154800000000000,2683.0,2687.0,2672.0,2679.0,18395,180357,180589
2021-11-29 13:00:00.000000000,1638162000000000000,2652.0,2665.0,2640.0,2653.0,35619,180589,180393
2021-11-29 14:00:00.000000000,1638165600000000000,2653.0,2678.0,2639.0,2670.0,65176,180393,182396
2021-11-29 21:00:00.000000000,1638190800000000000,2663.0,2689.0,2646.0,2673.0,132803,182396,141735
2021-11-29 22:00:00.000000000,1638194400000000000,2673.0,2685.0,2660.0,2664.0,88964,141735,145619
2021-11-30 09:00:00.000000000,1638234000000000000,2646.0,2662.0,2626.0,2645.0,108892,145619,150875
2021-11-30 10:00:00.000000000,1638237600000000000,2645.0,2654.0,2629.0,2636.0,47667,150875,153027
2021-11-30 11:00:00.000000000,1638241200000000000,2636.0,2638.0,2615.0,2620.0,36593,153027,157859
2021-11-30 13:00:00.000000000,1638248400000000000,2580.0,2597.0,2561.0,2561.0,113406,157859,165297
2021-11-30 14:00:00.000000000,1638252000000000000,2561.0,2568.0,2536.0,2547.0,156648,165297,171442
2021-11-30 21:00:00.000000000,1638277200000000000,2552.0,2562.0,2506.0,2532.0,262263,171442,190555
2021-11-30 22:00:00.000000000,1638280800000000000,2532.0,2532.0,2510.0,2529.0,166139,190555,190648
2021-12-01 09:00:00.000000000,1638320400000000000,2493.0,2537.0,2486.0,2528.0,166273,190648,194998
2021-12-01 10:00:00.000000000,1638324000000000000,2528.0,2535.0,2510.0,2513.0,74991,194998,197407
2021-12-01 11:00:00.000000000,1638327600000000000,2513.0,2533.0,2512.0,2527.0,40074,197407,198051
2021-12-01 13:00:00.000000000,1638334800000000000,2531.0,2544.0,2529.0,2540.0,65752,198051,199983
2021-12-01 14:00:00.000000000,1638338400000000000,2540.0,2546.0,2522.0,2527.0,126655,199983,205097
2021-12-01 21:00:00.000000000,1638363600000000000,2556.0,2558.0,2497.0,2500.0,249114,205097,220771
2021-12-01 22:00:00.000000000,1638367200000000000,2500.0,2526.0,2493.0,2509.0,162520,220771,214167
2021-12-02 09:00:00.000000000,1638406800000000000,2463.0,2490.0,2454.0,2470.0,201215,214167,224048
2021-12-02 10:00:00.000000000,1638410400000000000,2470.0,2471.0,2452.0,2468.0,68677,224048,227222
2021-12-02 11:00:00.000000000,1638414000000000000,2468.0,2470.0,2455.0,2470.0,47482,227222,226090
2021-12-02 13:00:00.000000000,1638421200000000000,2462.0,2485.0,2459.0,2483.0,61964,226090,229139
2021-12-02 14:00:00.000000000,1638424800000000000,2483.0,2489.0,2466.0,2478.0,102761,229139,228791
2021-12-02 21:00:00.000000000,1638450000000000000,2460.0,2463.0,2408.0,2410.0,189235,228791,274083
2021-12-02 22:00:00.000000000,1638453600000000000,2410.0,2431.0,2358.0,2427.0,251728,274083,311966
2021-12-03 09:00:00.000000000,1638493200000000000,2478.0,2499.0,2442.0,2469.0,107977,311966,322645
2021-12-03 10:00:00.000000000,1638496800000000000,2469.0,2476.0,2456.0,2470.0,33440,322645,325019
2021-12-03 11:00:00.000000000,1638500400000000000,2470.0,2488.0,2467.0,2480.0,26277,325019,327434
2021-12-03 13:00:00.000000000,1638507600000000000,2492.0,2498.0,2471.0,2475.0,37716,327434,331840
2021-12-03 14:00:00.000000000,1638511200000000000,2475.0,2493.0,2468.0,2475.0,56143,331840,340868
2021-12-03 21:00:00.000000000,1638536400000000000,2491.0,2508.0,2472.0,2506.0,133853,340868,317186
2021-12-03 22:00:00.000000000,1638540000000000000,2506.0,2526.0,2492.0,2514.0,83424,317186,302605
2021-12-06 09:00:00.000000000,1638752400000000000,2513.0,2527.0,2474.0,2483.0,83597,302605,300715
2021-12-06 10:00:00.000000000,1638756000000000000,2483.0,2506.0,2483.0,2501.0,25765,300715,299418
2021-12-06 11:00:00.000000000,1638759600000000000,2501.0,2503.0,2478.0,2480.0,17584,299418,301927
2021-12-06 13:00:00.000000000,1638766800000000000,2488.0,2509.0,2482.0,2499.0,28008,301927,300261
2021-12-06 14:00:00.000000000,1638770400000000000,2499.0,2520.0,2498.0,2515.0,51641,300261,295470
2021-12-06 21:00:00.000000000,1638795600000000000,2531.0,2545.0,2525.0,2542.0,81301,295470,275245
2021-12-06 22:00:00.000000000,1638799200000000000,2542.0,2544.0,2505.0,2516.0,77117,275245,272204
2021-12-07 09:00:00.000000000,1638838800000000000,2575.0,2597.0,2566.0,2588.0,104669,272204,267123
2021-12-07 10:00:00.000000000,1638842400000000000,2588.0,2589.0,2566.0,2571.0,35564,267123,268248
2021-12-07 11:00:00.000000000,1638846000000000000,2571.0,2583.0,2565.0,2581.0,15993,268248,269172
2021-12-07 13:00:00.000000000,1638853200000000000,2586.0,2595.0,2585.0,2594.0,24211,269172,271626
2021-12-07 14:00:00.000000000,1638856800000000000,2594.0,2598.0,2587.0,2592.0,53436,271626,277320
2021-12-07 21:00:00.000000000,1638882000000000000,2619.0,2625.0,2599.0,2614.0,87743,277320,264109
2021-12-07 22:00:00.000000000,1638885600000000000,2614.0,2628.0,2598.0,2624.0,57377,264109,259592
2021-12-08 09:00:00.000000000,1638925200000000000,2625.0,2648.0,2618.0,2623.0,70556,259592,259025
2021-12-08 10:00:00.000000000,1638928800000000000,2623.0,2647.0,2622.0,2630.0,29988,259025,259818
2021-12-08 11:00:00.000000000,1638932400000000000,2630.0,2639.0,2624.0,2638.0,17242,259818,260436
2021-12-08 13:00:00.000000000,1638939600000000000,2636.0,2642.0,2631.0,2640.0,15398,260436,261379
2021-12-08 14:00:00.000000000,1638943200000000000,2640.0,2646.0,2625.0,2629.0,39603,261379,262557
2021-12-08 21:00:00.000000000,1638968400000000000,2648.0,2667.0,2635.0,2657.0,94094,262557,254975
2021-12-08 22:00:00.000000000,1638972000000000000,2657.0,2659.0,2625.0,2635.0,75297,254975,258259
2021-12-09 09:00:00.000000000,1639011600000000000,2657.0,2683.0,2647.0,2677.0,73833,258259,262392
2021-12-09 10:00:00.000000000,1639015200000000000,2677.0,2697.0,2672.0,2694.0,34253,262392,266927
2021-12-09 11:00:00.000000000,1639018800000000000,2694.0,2696.0,2684.0,2687.0,17302,266927,268882
2021-12-09 13:00:00.000000000,1639026000000000000,2686.0,2687.0,2669.0,2677.0,26577,268882,270396
2021-12-09 14:00:00.000000000,1639029600000000000,2677.0,2692.0,2674.0,2675.0,41141,270396,276027
2021-12-09 21:00:00.000000000,1639054800000000000,2645.0,2653.0,2634.0,2642.0,101084,276027,260247
2021-12-09 22:00:00.000000000,1639058400000000000,2642.0,2665.0,2640.0,2642.0,63414,260247,254454
2021-12-10 09:00:00.000000000,1639098000000000000,2618.0,2645.0,2603.0,2640.0,91973,254454,258221
2021-12-10 10:00:00.000000000,1639101600000000000,2640.0,2652.0,2635.0,2647.0,25639,258221,262311
2021-12-10 11:00:00.000000000,1639105200000000000,2647.0,2661.0,2645.0,2657.0,20376,262311,265154
2021-12-10 13:00:00.000000000,1639112400000000000,2648.0,2650.0,2635.0,2637.0,24762,265154,267797
2021-12-10 14:00:00.000000000,1639116000000000000,2637.0,2644.0,2628.0,2634.0,46460,267797,270964
2021-12-10 21:00:00.000000000,1639141200000000000,2662.0,2697.0,2661.0,2693.0,111055,270964,264641
2021-12-10 22:00:00.000000000,1639144800000000000,2693.0,2706.0,2655.0,2658.0,80461,264641,262244
2021-12-13 09:00:00.000000000,1639357200000000000,2696.0,2712.0,2684.0,2701.0,82082,262244,268786
2021-12-13 10:00:00.000000000,1639360800000000000,2701.0,2707.0,2693.0,2693.0,21271,268786,272779
2021-12-13 11:00:00.000000000,1639364400000000000,2693.0,2710.0,2691.0,2705.0,18348,272779,272742
2021-12-13 13:00:00.000000000,1639371600000000000,2699.0,2703.0,2695.0,2700.0,11819,272742,275580
2021-12-13 14:00:00.000000000,1639375200000000000,2700.0,2710.0,2696.0,2699.0,36167,275580,282320
2021-12-13 21:00:00.000000000,1639400400000000000,2654.0,2675.0,2642.0,2673.0,110626,282320,263965
2021-12-13 22:00:00.000000000,1639404000000000000,2673.0,2675.0,2648.0,2658.0,59354,263965,264230
2021-12-14 09:00:00.000000000,1639443600000000000,2659.0,2665.0,2647.0,2647.0,42479,264230,267161
2021-12-14 10:00:00.000000000,1639447200000000000,2647.0,2653.0,2641.0,2648.0,25352,267161,269269
2021-12-14 11:00:00.000000000,1639450800000000000,2648.0,2653.0,2641.0,2643.0,15542,269269,273149
2021-12-14 13:00:00.000000000,1639458000000000000,2648.0,2672.0,2645.0,2660.0,36336,273149,273643
2021-12-14 14:00:00.000000000,1639461600000000000,2660.0,2670.0,2650.0,2661.0,44249,273643,278832
2021-12-14 21:00:00.000000000,1639486800000000000,2646.0,2660.0,2605.0,2613.0,122599,278832,267516
2021-12-14 22:00:00.000000000,1639490400000000000,2613.0,2626.0,2603.0,2617.0,66074,267516,273273
2021-12-15 09:00:00.000000000,1639530000000000000,2615.0,2626.0,2604.0,2616.0,47971,273273,273809
2021-12-15 10:00:00.000000000,1639533600000000000,2616.0,2642.0,2613.0,2621.0,46818,273809,278629
2021-12-15 11:00:00.000000000,1639537200000000000,2621.0,2622.0,2608.0,2614.0,15521,278629,279460
2021-12-15 13:00:00.000000000,1639544400000000000,2616.0,2624.0,2610.0,2618.0,16166,279460,283003
2021-12-15 14:00:00.000000000,1639548000000000000,2618.0,2631.0,2617.0,2623.0,35360,283003,287759
2021-12-15 21:00:00.000000000,1639573200000000000,2641.0,2649.0,2621.0,2646.0,83540,287759,269076
2021-12-15 22:00:00.000000000,1639576800000000000,2646.0,2652.0,2633.0,2640.0,44951,269076,263443
2021-12-16 09:00:00.000000000,1639616400000000000,2686.0,2720.0,2684.0,2703.0,119132,263443,266537
2021-12-16 10:00:00.000000000,1639620000000000000,2703.0,2709.0,2693.0,2702.0,34691,266537,265456
2021-12-16 11:00:00.000000000,1639623600000000000,2702.0,2715.0,2698.0,2707.0,19764,265456,265892
2021-12-16 13:00:00.000000000,1639630800000000000,2699.0,2709.0,2699.0,2707.0,16765,265892,270958
2021-12-16 14:00:00.000000000,1639634400000000000,2707.0,2718.0,2706.0,2709.0,42933,270958,275679
2021-12-16 21:00:00.000000000,1639659600000000000,2699.0,2712.0,2688.0,2706.0,84002,275679,268803
2021-12-16 22:00:00.000000000,1639663200000000000,2706.0,2711.0,2693.0,2707.0,46505,268803,266179
2021-12-17 09:00:00.000000000,1639702800000000000,2713.0,2724.0,2697.0,2721.0,49994,266179,270105
2021-12-17 10:00:00.000000000,1639706400000000000,2721.0,2732.0,2716.0,2721.0,30209,270105,274309
2021-12-17 11:00:00.000000000,1639710000000000000,2721.0,2724.0,2711.0,2716.0,18997,274309,275886
2021-12-17 13:00:00.000000000,1639717200000000000,2708.0,2715.0,2705.0,2714.0,19592,275886,276357
2021-12-17 14:00:00.000000000,1639720800000000000,2714.0,2720.0,2705.0,2712.0,33410,276357,277827
2021-12-17 21:00:00.000000000,1639746000000000000,2676.0,2683.0,2658.0,2672.0,108128,277827,265514
2021-12-17 22:00:00.000000000,1639749600000000000,2672.0,2692.0,2665.0,2670.0,62865,265514,267293
2021-12-20 09:00:00.000000000,1639962000000000000,2616.0,2631.0,2595.0,2596.0,125244,267293,280964
2021-12-20 10:00:00.000000000,1639965600000000000,2596.0,2600.0,2590.0,2594.0,29509,280964,285981
2021-12-20 11:00:00.000000000,1639969200000000000,2594.0,2603.0,2592.0,2592.0,18363,285981,286478
2021-12-20 13:00:00.000000000,1639976400000000000,2580.0,2588.0,2565.0,2569.0,41098,286478,297857
2021-12-20 14:00:00.000000000,1639980000000000000,2569.0,2575.0,2561.0,2568.0,55171,297857,310926
2021-12-20 21:00:00.000000000,1640005200000000000,2552.0,2590.0,2546.0,2581.0,104141,310926,286880
2021-12-20 22:00:00.000000000,1640008800000000000,2581.0,2588.0,2561.0,2572.0,71126,286880,286754
2021-12-21 09:00:00.000000000,1640048400000000000,2607.0,2641.0,2595.0,2639.0,117541,286754,279499
2021-12-21 10:00:00.000000000,1640052000000000000,2639.0,2650.0,2633.0,2639.0,35204,279499,283825
2021-12-21 11:00:00.000000000,1640055600000000000,2639.0,2646.0,2636.0,2640.0,14426,283825,286331
2021-12-21 13:00:00.000000000,1640062800000000000,2640.0,2647.0,2637.0,2646.0,15498,286331,289479
2021-12-21 14:00:00.000000000,1640066400000000000,2646.0,2658.0,2625.0,2628.0,62897,289479,296958
2021-12-21 21:00:00.000000000,1640091600000000000,2633.0,2657.0,2629.0,2638.0,95677,296958,285053
2021-12-21 22:00:00.000000000,1640095200000000000,2638.0,2667.0,2634.0,2658.0,85790,285053,286910
2021-12-22 09:00:00.000000000,1640134800000000000,2687.0,2695.0,2682.0,2692.0,78237,286910,285245
2021-12-22 10:00:00.000000000,1640138400000000000,2692.0,2697.0,2679.0,2682.0,31304,285245,287663
2021-12-22 11:00:00.000000000,1640142000000000000,2682.0,2686.0,2675.0,2681.0,15637,287663,289101
2021-12-22 13:00:00.000000000,1640149200000000000,2676.0,2684.0,2672.0,2675.0,21569,289101,294319
2021-12-22 14:00:00.000000000,1640152800000000000,2675.0,2682.0,2671.0,2673.0,30421,294319,298853
2021-12-22 21:00:00.000000000,1640178000000000000,2680.0,2692.0,2674.0,2687.0,77411,298853,290958
2021-12-22 22:00:00.000000000,1640181600000000000,2687.0,2694.0,2678.0,2691.0,49342,290958,290342
2021-12-23 09:00:00.000000000,1640221200000000000,2744.0,2751.0,2725.0,2750.0,103219,290342,294533
2021-12-23 10:00:00.000000000,1640224800000000000,2750.0,2770.0,2747.0,2766.0,53733,294533,311073
2021-12-23 11:00:00.000000000,1640228400000000000,2766.0,2769.0,2758.0,2761.0,14766,311073,315029
2021-12-23 13:00:00.000000000,1640235600000000000,2761.0,2764.0,2754.0,2758.0,15331,315029,316769
2021-12-23 14:00:00.000000000,1640239200000000000,2758.0,2763.0,2751.0,2754.0,38802,316769,322140
2021-12-23 21:00:00.000000000,1640264400000000000,2745.0,2774.0,2743.0,2757.0,78303,322140,308571
2021-12-23 22:00:00.000000000,1640268000000000000,2757.0,2762.0,2745.0,2758.0,38701,308571,307712
2021-12-24 09:00:00.000000000,1640307600000000000,2778.0,2794.0,2764.0,2776.0,46987,307712,303159
2021-12-24 10:00:00.000000000,1640311200000000000,2776.0,2778.0,2767.0,2768.0,18155,303159,304516
2021-12-24 11:00:00.000000000,1640314800000000000,2768.0,2777.0,2766.0,2774.0,11141,304516,305957
2021-12-24 13:00:00.000000000,1640322000000000000,2773.0,2780.0,2768.0,2777.0,12846,305957,307158
2021-12-24 14:00:00.000000000,1640325600000000000,2777.0,2782.0,2767.0,2771.0,42775,307158,308097
2021-12-24 21:00:00.000000000,1640350800000000000,2772.0,2782.0,2764.0,2769.0,49722,308097,302982
2021-12-24 22:00:00.000000000,1640354400000000000,2769.0,2776.0,2767.0,2775.0,25070,302982,302950
2021-12-27 09:00:00.000000000,1640566800000000000,2768.0,2771.0,2733.0,2756.0,81547,302950,301459
2021-12-27 10:00:00.000000000,1640570400000000000,2756.0,2777.0,2751.0,2766.0,30775,301459,311401
2021-12-27 11:00:00.000000000,1640574000000000000,2766.0,2769.0,2759.0,2761.0,12868,311401,314145
2021-12-27 13:00:00.000000000,1640581200000000000,2760.0,2765.0,2744.0,2749.0,25147,314145,320786
2021-12-27 14:00:00.000000000,1640584800000000000,2749.0,2750.0,2734.0,2740.0,45315,320786,332530
2021-12-27 21:00:00.000000000,1640610000000000000,2740.0,2780.0,2735.0,2779.0,83545,332530,323975
2021-12-27 22:00:00.000000000,1640613600000000000,2779.0,2805.0,2777.0,2795.0,78514,323975,331826
2021-12-28 09:00:00.000000000,1640653200000000000,2850.0,2862.0,2830.0,2835.0,105408,331826,330952
2021-12-28 10:00:00.000000000,1640656800000000000,2835.0,2837.0,2828.0,2835.0,21494,330952,333825
2021-12-28 11:00:00.000000000,1640660400000000000,2835.0,2841.0,2829.0,2836.0,15837,333825,335834
2021-12-28 13:00:00.000000000,1640667600000000000,2832.0,2842.0,2830.0,2834.0,16147,335834,337197
2021-12-28 14:00:00.000000000,1640671200000000000,2834.0,2842.0,2816.0,2840.0,59939,337197,348444
2021-12-28 21:00:00.000000000,1640696400000000000,2863.0,2868.0,2842.0,2843.0,79759,348444,334949
2021-12-28 22:00:00.000000000,1640700000000000000,2843.0,2855.0,2833.0,2854.0,50077,334949,330301
2021-12-29 09:00:00.000000000,1640739600000000000,2852.0,2856.0,2837.0,2850.0,36439,330301,329111
2021-12-29 10:00:00.000000000,1640743200000000000,2850.0,2851.0,2825.0,2842.0,32005,329111,328588
2021-12-29 11:00:00.000000000,1640746800000000000,2842.0,2848.0,2832.0,2835.0,13385,328588,330289
2021-12-29 13:00:00.000000000,1640754000000000000,2836.0,2846.0,2832.0,2842.0,15317,330289,333210
2021-12-29 14:00:00.000000000,1640757600000000000,2842.0,2856.0,2841.0,2852.0,35904,333210,340843
2021-12-29 21:00:00.000000000,1640782800000000000,2837.0,2857.0,2832.0,2850.0,73915,340843,332973
2021-12-29 22:00:00.000000000,1640786400000000000,2850.0,2854.0,2820.0,2833.0,75655,332973,326583
2021-12-30 09:00:00.000000000,1640826000000000000,2855.0,2880.0,2852.0,2874.0,70150,326583,341137
2021-12-30 10:00:00.000000000,1640829600000000000,2874.0,2878.0,2865.0,2870.0,37047,341137,348581
2021-12-30 11:00:00.000000000,1640833200000000000,2870.0,2872.0,2861.0,2861.0,17423,348581,348364
2021-12-30 13:00:00.000000000,1640840400000000000,2855.0,2855.0,2841.0,2841.0,29094,348364,348572
2021-12-30 14:00:00.000000000,1640844000000000000,2841.0,2857.0,2837.0,2850.0,37860,348572,355514
2021-12-30 21:00:00.000000000,1640869200000000000,2838.0,2853.0,2825.0,2838.0,79462,355514,334528
2021-12-30 22:00:00.000000000,1640872800000000000,2838.0,2877.0,2838.0,2874.0,54876,334528,336785
2021-12-31 09:00:00.000000000,1640912400000000000,2850.0,2856.0,2830.0,2848.0,65547,336785,325680
2021-12-31 10:00:00.000000000,1640916000000000000,2848.0,2854.0,2835.0,2853.0,28182,325680,321575
2021-12-31 11:00:00.000000000,1640919600000000000,2853.0,2865.0,2853.0,2860.0,26316,321575,328381
2021-12-31 13:00:00.000000000,1640926800000000000,2863.0,2876.0,2863.0,2869.0,26929,328381,337894
2021-12-31 14:00:00.000000000,1640930400000000000,2869.0,2894.0,2867.0,2892.0,52546,337894,348312
2022-01-04 09:00:00.000000000,1641258000000000000,2887.0,2892.0,2855.0,2858.0,106525,348312,332575
2022-01-04 10:00:00.000000000,1641261600000000000,2858.0,2861.0,2841.0,2852.0,44166,332575,333095
2022-01-04 11:00:00.000000000,1641265200000000000,2852.0,2855.0,2843.0,2854.0,15430,333095,331395
2022-01-04 13:00:00.000000000,1641272400000000000,2856.0,2864.0,2845.0,2848.0,20621,331395,331496
2022-01-04 14:00:00.000000000,1641276000000000000,2848.0,2858.0,2832.0,2855.0,56987,331496,335638
2022-01-04 21:00:00.000000000,1641301200000000000,2863.0,2889.0,2850.0,2883.0,91370,335638,330791
2022-01-04 22:00:00.000000000,1641304800000000000,2883.0,2910.0,2859.0,2890.0,86838,330791,341612
2022-01-05 09:00:00.000000000,1641344400000000000,2885.0,2891.0,2848.0,2850.0,87757,341612,351158
2022-01-05 10:00:00.000000000,1641348000000000000,2850.0,2857.0,2845.0,2851.0,31860,351158,356948
2022-01-05 11:00:00.000000000,1641351600000000000,2851.0,2853.0,2827.0,2843.0,47472,356948,357213
2022-01-05 13:00:00.000000000,1641358800000000000,2847.0,2854.0,2843.0,2849.0,22568,357213,362168
2022-01-05 14:00:00.000000000,1641362400000000000,2849.0,2871.0,2844.0,2864.0,48954,362168,373421
2022-01-05 21:00:00.000000000,1641387600000000000,2869.0,2892.0,2867.0,2891.0,81861,373421,357982
2022-01-05 22:00:00.000000000,1641391200000000000,2891.0,2895.0,2870.0,2881.0,67526,357982,357261
2022-01-06 09:00:00.000000000,1641430800000000000,2855.0,2856.0,2817.0,2820.0,131614,357261,330273
2022-01-06 10:00:00.000000000,1641434400000000000,2820.0,2845.0,2820.0,2840.0,34341,330273,331667
2022-01-06 11:00:00.000000000,1641438000000000000,2840.0,2850.0,2835.0,2839.0,28462,331667,337774
2022-01-06 13:00:00.000000000,1641445200000000000,2837.0,2860.0,2835.0,2858.0,25580,337774,341688
2022-01-06 14:00:00.000000000,1641448800000000000,2858.0,2862.0,2845.0,2849.0,34795,341688,347237
2022-01-06 21:00:00.000000000,1641474000000000000,2905.0,2940.0,2903.0,2936.0,169809,347237,353314
2022-01-06 22:00:00.000000000,1641477600000000000,2936.0,2945.0,2927.0,2931.0,70581,353314,365380
2022-01-07 09:00:00.000000000,1641517200000000000,2930.0,2963.0,2927.0,2961.0,62752,365380,377326
2022-01-07 10:00:00.000000000,1641520800000000000,2961.0,2961.0,2947.0,2954.0,24857,377326,381354
2022-01-07 11:00:00.000000000,1641524400000000000,2954.0,2960.0,2949.0,2954.0,14900,381354,380904
2022-01-07 13:00:00.000000000,1641531600000000000,2951.0,2959.0,2949.0,2957.0,14775,380904,385389
2022-01-07 14:00:00.000000000,1641535200000000000,2957.0,2963.0,2945.0,2962.0,42412,385389,394092
2022-01-07 21:00:00.000000000,1641560400000000000,2954.0,2956.0,2934.0,2938.0,74631,394092,368499
2022-01-07 22:00:00.000000000,1641564000000000000,2938.0,2939.0,2915.0,2923.0,80710,368499,358677
2022-01-10 09:00:00.000000000,1641776400000000000,2904.0,2929.0,2901.0,2924.0,81909,358677,356070
2022-01-10 10:00:00.000000000,1641780000000000000,2924.0,2939.0,2922.0,2924.0,33651,356070,364191
2022-01-10 11:00:00.000000000,1641783600000000000,2924.0,2932.0,2918.0,2919.0,11516,364191,365605
2022-01-10 13:00:00.000000000,1641790800000000000,2921.0,2926.0,2916.0,2919.0,12803,365605,368492
2022-01-10 14:00:00.000000000,1641794400000000000,2919.0,2926.0,2914.0,2923.0,26777,368492,369916
2022-01-10 21:00:00.000000000,1641819600000000000,2902.0,2911.0,2880.0,2905.0,85706,369916,341446
2022-01-10 22:00:00.000000000,1641823200000000000,2905.0,2913.0,2892.0,2895.0,39165,341446,343466
2022-01-11 09:00:00.000000000,1641862800000000000,2900.0,2903.0,2885.0,2890.0,39881,343466,340118
2022-01-11 10:00:00.000000000,1641866400000000000,2890.0,2894.0,2887.0,2893.0,17289,340118,337581
2022-01-11 11:00:00.000000000,1641870000000000000,2893.0,2907.0,2891.0,2899.0,14659,337581,338665
2022-01-11 13:00:00.000000000,1641877200000000000,2897.0,2898.0,2885.0,2891.0,19480,338665,340476
2022-01-11 14:00:00.000000000,1641880800000000000,2891.0,2901.0,2890.0,2897.0,27702,340476,341678
2022-01-11 21:00:00.000000000,1641906000000000000,2912.0,2925.0,2893.0,2910.0,75310,341678,330457
2022-01-11 22:00:00.000000000,1641909600000000000,2910.0,2927.0,2896.0,2905.0,86066,330457,337535
2022-01-12 09:00:00.000000000,1641949200000000000,2972.0,2987.0,2944.0,2952.0,118762,337535,354993
2022-01-12 10:00:00.000000000,1641952800000000000,2952.0,2969.0,2952.0,2964.0,23862,354993,360761
2022-01-12 11:00:00.000000000,1641956400000000000,2964.0,2968.0,2948.0,2955.0,14428,360761,363257
2022-01-12 13:00:00.000000000,1641963600000000000,2955.0,2966.0,2949.0,2964.0,14631,363257,366453
2022-01-12 14:00:00.000000000,1641967200000000000,2964.0,2967.0,2942.0,2943.0,29445,366453,373902
2022-01-12 21:00:00.000000000,1641992400000000000,2943.0,2983.0,2933.0,2974.0,95410,373902,359317
2022-01-12 22:00:00.000000000,1641996000000000000,2974.0,2979.0,2955.0,2972.0,53672,359317,358870
2022-01-13 09:00:00.000000000,1642035600000000000,2987.0,2991.0,2976.0,2983.0,42389,358870,356789
2022-01-13 10:00:00.000000000,1642039200000000000,2983.0,2984.0,2973.0,2976.0,16433,356789,358988
2022-01-13 11:00:00.000000000,1642042800000000000,2976.0,2977.0,2954.0,2958.0,15835,358988,359351
2022-01-13 13:00:00.000000000,1642050000000000000,2956.0,2967.0,2951.0,2958.0,21141,359351,358939
2022-01-13 14:00:00.000000000,1642053600000000000,2958.0,2966.0,2956.0,2958.0,35509,358939,361600
2022-01-13 21:00:00.000000000,1642078800000000000,2960.0,2983.0,2951.0,2970.0,88048,361600,352817
2022-01-13 22:00:00.000000000,1642082400000000000,2970.0,2983.0,2962.0,2977.0,65281,352817,361328
2022-01-14 09:00:00.000000000,1642122000000000000,2955.0,2972.0,2943.0,2961.0,62035,361328,365441
2022-01-14 10:00:00.000000000,1642125600000000000,2961.0,2976.0,2961.0,2976.0,29219,365441,365108
2022-01-14 11:00:00.000000000,1642129200000000000,2976.0,2977.0,2967.0,2970.0,12855,365108,368072
2022-01-14 13:00:00.000000000,1642136400000000000,2973.0,2986.0,2971.0,2979.0,20491,368072,370409
2022-01-14 14:00:00.000000000,1642140000000000000,2979.0,3000.0,2976.0,2997.0,49475,370409,382871
2022-01-14 21:00:00.000000000,1642165200000000000,3000.0,3015.0,2972.0,2978.0,82062,382871,359864
2022-01-14 22:00:00.000000000,1642168800000000000,2978.0,3017.0,2977.0,3011.0,82588,359864,363179
2022-01-17 09:00:00.000000000,1642381200000000000,3048.0,3055.0,3036.0,3043.0,68598,363179,373339
2022-01-17 10:00:00.000000000,1642384800000000000,3043.0,3047.0,3020.0,3028.0,36863,373339,378100
2022-01-17 11:00:00.000000000,1642388400000000000,3028.0,3033.0,3024.0,3030.0,13399,378100,381710
2022-01-17 13:00:00.000000000,1642395600000000000,3029.0,3036.0,3022.0,3028.0,14432,381710,384234
2022-01-17 14:00:00.000000000,1642399200000000000,3028.0,3043.0,3026.0,3040.0,36062,384234,394064
2022-01-17 21:00:00.000000000,1642424400000000000,3024.0,3036.0,3016.0,3019.0,76536,394064,369958
2022-01-17 22:00:00.000000000,1642428000000000000,3019.0,3028.0,3011.0,3026.0,35346,369958,364514
2022-01-18 09:00:00.000000000,1642467600000000000,3035.0,3046.0,3029.0,3043.0,46821,364514,368560
2022-01-18 10:00:00.000000000,1642471200000000000,3043.0,3068.0,3041.0,3067.0,45839,368560,373721
2022-01-18 11:00:00.000000000,1642474800000000000,3067.0,3078.0,3063.0,3071.0,24282,373721,377691
2022-01-18 13:00:00.000000000,1642482000000000000,3069.0,3085.0,3063.0,3085.0,26612,377691,384331
2022-01-18 14:00:00.000000000,1642485600000000000,3085.0,3098.0,3081.0,3095.0,53067,384331,398716
2022-01-18 21:00:00.000000000,1642510800000000000,3084.0,3118.0,3078.0,3104.0,96464,398716,387689
2022-01-18 22:00:00.000000000,1642514400000000000,3104.0,3106.0,3078.0,3097.0,62425,387689,385469
2022-01-19 09:00:00.000000000,1642554000000000000,3142.0,3158.0,3131.0,3153.0,78857,385469,390513
2022-01-19 10:00:00.000000000,1642557600000000000,3153.0,3165.0,3136.0,3145.0,29289,390513,395740
2022-01-19 11:00:00.000000000,1642561200000000000,3145.0,3145.0,3132.0,3136.0,11272,395740,396945
2022-01-19 13:00:00.000000000,1642568400000000000,3131.0,3142.0,3126.0,3142.0,20877,396945,401285
2022-01-19 14:00:00.000000000,1642572000000000000,3142.0,3149.0,3120.0,3124.0,51067,401285,413098
2022-01-19 21:00:00.000000000,1642597200000000000,3124.0,3148.0,3118.0,3144.0,71995,413098,389480
2022-01-19 22:00:00.000000000,1642600800000000000,3144.0,3153.0,3137.0,3151.0,50637,389480,385766
2022-01-20 09:00:00.000000000,1642640400000000000,3133.0,3139.0,3104.0,3126.0,87265,385766,376647
2022-01-20 10:00:00.000000000,1642644000000000000,3126.0,3157.0,3126.0,3153.0,39915,376647,386587
2022-01-20 11:00:00.000000000,1642647600000000000,3153.0,3156.0,3140.0,3145.0,16593,386587,387466
2022-01-20 13:00:00.000000000,1642654800000000000,3148.0,3172.0,3146.0,3154.0,25381,387466,390441
2022-01-20 14:00:00.000000000,1642658400000000000,3154.0,3168.0,3149.0,3159.0,37918,390441,394889
2022-01-20 21:00:00.000000000,1642683600000000000,3158.0,3171.0,3142.0,3165.0,81170,394889,373761
2022-01-20 22:00:00.000000000,1642687200000000000,3165.0,3182.0,3158.0,3176.0,51011,373761,377223
2022-01-21 09:00:00.000000000,1642726800000000000,3110.0,3115.0,3083.0,3093.0,139320,377223,382542
2022-01-21 10:00:00.000000000,1642730400000000000,3093.0,3126.0,3089.0,3105.0,49715,382542,390380
2022-01-21 11:00:00.000000000,1642734000000000000,3105.0,3123.0,3104.0,3123.0,18392,390380,393346
2022-01-21 13:00:00.000000000,1642741200000000000,3125.0,3138.0,3125.0,3134.0,24609,393346,399415
2022-01-21 14:00:00.000000000,1642744800000000000,3134.0,3138.0,3125.0,3126.0,33103,399415,407305
2022-01-21 21:00:00.000000000,1642770000000000000,3138.0,3163.0,3129.0,3157.0,79013,407305,390277
2022-01-21 22:00:00.000000000,1642773600000000000,3157.0,3172.0,3144.0,3149.0,68725,390277,385680
2022-01-24 09:00:00.000000000,1642986000000000000,3191.0,3200.0,3170.0,3183.0,80938,385680,384308
2022-01-24 10:00:00.000000000,1642989600000000000,3183.0,3187.0,3159.0,3167.0,28022,384308,387149
2022-01-24 11:00:00.000000000,1642993200000000000,3167.0,3170.0,3159.0,3162.0,12635,387149,387017
2022-01-24 13:00:00.000000000,1643000400000000000,3162.0,3168.0,3158.0,3160.0,13379,387017,387945
2022-01-24 14:00:00.000000000,1643004000000000000,3160.0,3160.0,3148.0,3152.0,30393,387945,386874
2022-01-24 21:00:00.000000000,1643029200000000000,3138.0,3145.0,3083.0,3083.0,136358,386874,356451
2022-01-24 22:00:00.000000000,1643032800000000000,3083.0,3102.0,3071.0,3075.0,86543,356451,364844
2022-01-25 09:00:00.000000000,1643072400000000000,3096.0,3102.0,3081.0,3096.0,41010,364844,370888
2022-01-25 10:00:00.000000000,1643076000000000000,3096.0,3116.0,3090.0,3112.0,21890,370888,374119
2022-01-25 11:00:00.000000000,1643079600000000000,3112.0,3114.0,3095.0,3104.0,10619,374119,376326
2022-01-25 13:00:00.000000000,1643086800000000000,3105.0,3110.0,3100.0,3104.0,9244,376326,378084
2022-01-25 14:00:00.000000000,1643090400000000000,3104.0,3114.0,3086.0,3109.0,38304,378084,383089
2022-01-25 21:00:00.000000000,1643115600000000000,3094.0,3113.0,3071.0,3108.0,89560,383089,353818
2022-01-25 22:00:00.000000000,1643119200000000000,3108.0,3119.0,3087.0,3113.0,56924,353818,351506
2022-01-26 09:00:00.000000000,1643158800000000000,3145.0,3161.0,3139.0,3151.0,74510,351506,357366
2022-01-26 10:00:00.000000000,1643162400000000000,3151.0,3160.0,3142.0,3144.0,17207,357366,358116
2022-01-26 11:00:00.000000000,1643166000000000000,3144.0,3151.0,3142.0,3145.0,13148,358116,361063
2022-01-26 13:00:00.000000000,1643173200000000000,3145.0,3158.0,3140.0,3154.0,17052,361063,364462
2022-01-26 14:00:00.000000000,1643176800000000000,3154.0,3168.0,3151.0,3165.0,41725,364462,369330
2022-01-26 21:00:00.000000000,1643202000000000000,3197.0,3235.0,3189.0,3217.0,134361,369330,370274
2022-01-26 22:00:00.000000000,1643205600000000000,3217.0,3226.0,3194.0,3208.0,67850,370274,374311
2022-01-27 09:00:00.000000000,1643245200000000000,3224.0,3230.0,3194.0,3206.0,53186,374311,383526
2022-01-27 10:00:00.000000000,1643248800000000000,3206.0,3216.0,3193.0,3204.0,24142,383526,385093
2022-01-27 11:00:00.000000000,1643252400000000000,3204.0,3207.0,3191.0,3202.0,12911,385093,386526
2022-01-27 13:00:00.000000000,1643259600000000000,3194.0,3200.0,3181.0,3197.0,19110,386526,387096
2022-01-27 14:00:00.000000000,1643263200000000000,3197.0,3212.0,3194.0,3211.0,32246,387096,387539
2022-01-27 21:00:00.000000000,1643288400000000000,3251.0,3269.0,3234.0,3260.0,86052,387539,362904
2022-01-27 22:00:00.000000000,1643292000000000000,3260.0,3273.0,3243.0,3248.0,43680,362904,359635
2022-01-28 09:00:00.000000000,1643331600000000000,3243.0,3243.0,3184.0,3195.0,69003,359635,342884
2022-01-28 10:00:00.000000000,1643335200000000000,3195.0,3204.0,3174.0,3197.0,23512,342884,342623
2022-01-28 11:00:00.000000000,1643338800000000000,3197.0,3204.0,3188.0,3195.0,8399,342623,341667
2022-01-28 13:00:00.000000000,1643346000000000000,3200.0,3215.0,3198.0,3208.0,16804,341667,341193
2022-01-28 14:00:00.000000000,1643349600000000000,3208.0,3211.0,3181.0,3199.0,42335,341193,333450
2022-02-07 09:00:00.000000000,1644195600000000000,3312.0,3377.0,3304.0,3373.0,123486,333450,341354
2022-02-07 10:00:00.000000000,1644199200000000000,3373.0,3375.0,3334.0,3344.0,41501,341354,340693
2022-02-07 11:00:00.000000000,1644202800000000000,3344.0,3355.0,3340.0,3346.0,10620,340693,342020
2022-02-07 13:00:00.000000000,1644210000000000000,3347.0,3362.0,3345.0,3349.0,16004,342020,345070
2022-02-07 14:00:00.000000000,1644213600000000000,3349.0,3352.0,3321.0,3324.0,39025,345070,349568
2022-02-07 21:00:00.000000000,1644238800000000000,3313.0,3314.0,3275.0,3309.0,94019,349568,340942
2022-02-07 22:00:00.000000000,1644242400000000000,3309.0,3310.0,3280.0,3282.0,39611,340942,346405
2022-02-08 09:00:00.000000000,1644282000000000000,3278.0,3286.0,3255.0,3263.0,50184,346405,341023
2022-02-08 10:00:00.000000000,1644285600000000000,3263.0,3273.0,3257.0,3269.0,18904,341023,342330
2022-02-08 11:00:00.000000000,1644289200000000000,3269.0,3269.0,3257.0,3261.0,6080,342330,342990
2022-02-08 13:00:00.000000000,1644296400000000000,3260.0,3283.0,3257.0,3272.0,15702,342990,344283
2022-02-08 14:00:00.000000000,1644300000000000000,3272.0,3282.0,3268.0,3275.0,24895,344283,350198
2022-02-08 21:00:00.000000000,1644325200000000000,3218.0,3228.0,3186.0,3194.0,115498,350198,325809
2022-02-08 22:00:00.000000000,1644328800000000000,3194.0,3212.0,3171.0,3195.0,57038,325809,328877
2022-02-09 09:00:00.000000000,1644368400000000000,3207.0,3214.0,3191.0,3200.0,37459,328877,330485
2022-02-09 10:00:00.000000000,1644372000000000000,3200.0,3210.0,3186.0,3189.0,13945,330485,331441
2022-02-09 11:00:00.000000000,1644375600000000000,3189.0,3196.0,3185.0,3188.0,10610,331441,333062
2022-02-09 13:00:00.000000000,1644382800000000000,3198.0,3205.0,3181.0,3185.0,14627,333062,333530
2022-02-09 14:00:00.000000000,1644386400000000000,3185.0,3199.0,3150.0,3150.0,47608,333530,335618
2022-02-09 21:00:00.000000000,1644411600000000000,3155.0,3184.0,3138.0,3177.0,84903,335618,313001
2022-02-09 22:00:00.000000000,1644415200000000000,3177.0,3199.0,3172.0,3199.0,40669,313001,317567
2022-02-10 09:00:00.000000000,1644454800000000000,3207.0,3218.0,3190.0,3215.0,40460,317567,315110
2022-02-10 10:00:00.000000000,1644458400000000000,3215.0,3217.0,3190.0,3213.0,25725,315110,316158
2022-02-10 11:00:00.000000000,1644462000000000000,3213.0,3216.0,3205.0,3210.0,8680,316158,317361
2022-02-10 13:00:00.000000000,1644469200000000000,3208.0,3210.0,3193.0,3197.0,13339,317361,318343
2022-02-10 14:00:00.000000000,1644472800000000000,3197.0,3201.0,3183.0,3187.0,25467,318343,323628
2022-02-10 21:00:00.000000000,1644498000000000000,3220.0,3239.0,3208.0,3210.0,83996,323628,313433
2022-02-10 22:00:00.000000000,1644501600000000000,3210.0,3235.0,3176.0,3227.0,79974,313433,319300
2022-02-11 09:00:00.000000000,1644541200000000000,3196.0,3196.0,3163.0,3165.0,60014,319300,327404
2022-02-11 10:00:00.000000000,1644544800000000000,3165.0,3198.0,3165.0,3193.0,21583,327404,331478
2022-02-11 11:00:00.000000000,1644548400000000000,3193.0,3196.0,3182.0,3185.0,9532,331478,334031
2022-02-11 13:00:00.000000000,1644555600000000000,3181.0,3182.0,3166.0,3167.0,15222,334031,339775
2022-02-11 14:00:00.000000000,1644559200000000000,3167.0,3168.0,3144.0,3151.0,37448,339775,348440
2022-02-11 21:00:00.000000000,1644584400000000000,3210.0,3236.0,3206.0,3223.0,101194,348440,332143
2022-02-11 22:00:00.000000000,1644588000000000000,3223.0,3226.0,3202.0,3204.0,47527,332143,329076
2022-02-14 09:00:00.000000000,1644800400000000000,3319.0,3370.0,3312.0,3336.0,127031,329076,341608
2022-02-14 10:00:00.000000000,1644804000000000000,3336.0,3342.0,3318.0,3337.0,28662,341608,349753
2022-02-14 11:00:00.000000000,1644807600000000000,3337.0,3342.0,3329.0,3332.0,12988,349753,353247
2022-02-14 13:00:00.000000000,1644814800000000000,3336.0,3338.0,3320.0,3323.0,15544,353247,355603
2022-02-14 14:00:00.000000000,1644818400000000000,3323.0,3329.0,3307.0,3310.0,41879,355603,363240
2022-02-14 21:00:00.000000000,1644843600000000000,3262.0,3293.0,3251.0,3285.0,119151,363240,345411
2022-02-14 22:00:00.000000000,1644847200000000000,3285.0,3294.0,3268.0,3292.0,38645,345411,342855
2022-02-15 09:00:00.000000000,1644886800000000000,3330.0,3342.0,3298.0,3330.0,77268,342855,347731
2022-02-15 10:00:00.000000000,1644890400000000000,3330.0,3333.0,3310.0,3315.0,26642,347731,356019
2022-02-15 11:00:00.000000000,1644894000000000000,3315.0,3315.0,3302.0,3304.0,19466,356019,357241
2022-02-15 13:00:00.000000000,1644901200000000000,3305.0,3321.0,3300.0,3316.0,21195,357241,359481
2022-02-15 14:00:00.000000000,1644904800000000000,3316.0,3331.0,3314.0,3326.0,34372,359481,368418
2022-02-15 21:00:00.000000000,1644930000000000000,3256.0,3279.0,3230.0,3259.0,129531,368418,344719
2022-02-15 22:00:00.000000000,1644933600000000000,3259.0,3259.0,3188.0,3200.0,101214,344719,344842
2022-02-16 09:00:00.000000000,1644973200000000000,3235.0,3242.0,3172.0,3187.0,83609,344842,349380
2022-02-16 10:00:00.000000000,1644976800000000000,3187.0,3195.0,3178.0,3183.0,27129,349380,352817
2022-02-16 11:00:00.000000000,1644980400000000000,3183.0,3191.0,3180.0,3185.0,11445,352817,355599
2022-02-16 13:00:00.000000000,1644987600000000000,3186.0,3213.0,3186.0,3201.0,27825,355599,358212
2022-02-16 14:00:00.000000000,1644991200000000000,3201.0,3210.0,3197.0,3203.0,29807,358212,365196
2022-02-16 21:00:00.000000000,1645016400000000000,3232.0,3251.0,3221.0,3246.0,95359,365196,347891
2022-02-16 22:00:00.000000000,1645020000000000000,3246.0,3255.0,3234.0,3243.0,54802,347891,350593
2022-02-17 09:00:00.000000000,1645059600000000000,3150.0,3176.0,3140.0,3167.0,103454,350593,350318
2022-02-17 10:00:00.000000000,1645063200000000000,3167.0,3175.0,3152.0,3159.0,33461,350318,357007
2022-02-17 11:00:00.000000000,1645066800000000000,3159.0,3169.0,3157.0,3164.0,18032,357007,358222
2022-02-17 13:00:00.000000000,1645074000000000000,3182.0,3188.0,3169.0,3174.0,26195,358222,364293
2022-02-17 14:00:00.000000000,1645077600000000000,3174.0,3196.0,3171.0,3194.0,45024,364293,369708
2022-02-17 21:00:00.000000000,1645102800000000000,3194.0,3225.0,3186.0,3214.0,83862,369708,355041
2022-02-17 22:00:00.000000000,1645106400000000000,3214.0,3217.0,3121.0,3164.0,135719,355041,351411
2022-02-18 09:00:00.000000000,1645146000000000000,3150.0,3162.0,3128.0,3157.0,65726,351411,350993
2022-02-18 10:00:00.000000000,1645149600000000000,3157.0,3161.0,3139.0,3150.0,23816,350993,355570
2022-02-18 11:00:00.000000000,1645153200000000000,3150.0,3159.0,3143.0,3158.0,12225,355570,358647
2022-02-18 13:00:00.000000000,1645160400000000000,3157.0,3171.0,3153.0,3165.0,20718,358647,359914
2022-02-18 14:00:00.000000000,1645164000000000000,3165.0,3172.0,3148.0,3148.0,32216,359914,365554
2022-02-18 21:00:00.000000000,1645189200000000000,3117.0,3124.0,3080.0,3092.0,131338,365554,351353
2022-02-18 22:00:00.000000000,1645192800000000000,3092.0,3109.0,3081.0,3093.0,67616,351353,344809
2022-02-21 09:00:00.000000000,1645405200000000000,3168.0,3196.0,3148.0,3172.0,147366,344809,361246
2022-02-21 10:00:00.000000000,1645408800000000000,3172.0,3198.0,3168.0,3191.0,32870,361246,367660
2022-02-21 11:00:00.000000000,1645412400000000000,3191.0,3195.0,3185.0,3186.0,13922,367660,371215
2022-02-21 13:00:00.000000000,1645419600000000000,3191.0,3197.0,3180.0,3182.0,14126,371215,375022
2022-02-21 14:00:00.000000000,1645423200000000000,3182.0,3205.0,3176.0,3200.0,36388,375022,380933
2022-02-21 21:00:00.000000000,1645448400000000000,3196.0,3263.0,3185.0,3256.0,105372,380933,357457
2022-02-21 22:00:00.000000000,1645452000000000000,3256.0,3276.0,3248.0,3271.0,54094,357457,354365
2022-02-22 09:00:00.000000000,1645491600000000000,3311.0,3357.0,3303.0,3329.0,125038,354365,357730
2022-02-22 10:00:00.000000000,1645495200000000000,3329.0,3342.0,3324.0,3331.0,26669,357730,358441
2022-02-22 11:00:00.000000000,1645498800000000000,3331.0,3340.0,3318.0,3324.0,20050,358441,361944
2022-02-22 13:00:00.000000000,1645506000000000000,3326.0,3347.0,3326.0,3339.0,17545,361944,365285
2022-02-22 14:00:00.000000000,1645509600000000000,3339.0,3367.0,3336.0,3364.0,52712,365285,378199
2022-02-22 21:00:00.000000000,1645534800000000000,3338.0,3345.0,3319.0,3334.0,87492,378199,355383
2022-02-22 22:00:00.000000000,1645538400000000000,3334.0,3352.0,3322.0,3326.0,56977,355383,350739
2022-02-23 09:00:00.000000000,1645578000000000000,3303.0,3335.0,3300.0,3317.0,71321,350739,343630
2022-02-23 10:00:00.000000000,1645581600000000000,3317.0,3333.0,3313.0,3325.0,17815,343630,345346
2022-02-23 11:00:00.000000000,1645585200000000000,3325.0,3342.0,3325.0,3332.0,13356,345346,347688
2022-02-23 13:00:00.000000000,1645592400000000000,3333.0,3335.0,3319.0,3326.0,13917,347688,350695
2022-02-23 14:00:00.000000000,1645596000000000000,3326.0,3326.0,3307.0,3317.0,39388,350695,358290
2022-02-23 21:00:00.000000000,1645621200000000000,3320.0,3324.0,3294.0,3307.0,75132,358290,341620
2022-02-23 22:00:00.000000000,1645624800000000000,3307.0,3328.0,3291.0,3320.0,43826,341620,336674
2022-02-24 09:00:00.000000000,1645664400000000000,3339.0,3350.0,3305.0,3318.0,63545,336674,335132
2022-02-24 10:00:00.000000000,1645668000000000000,3318.0,3355.0,3308.0,3353.0,38543,335132,336474
2022-02-24 11:00:00.000000000,1645671600000000000,3353.0,3419.0,3351.0,3409.0,94692,336474,358387
2022-02-24 13:00:00.000000000,1645678800000000000,3450.0,3518.0,3450.0,3507.0,95931,358387,380351
2022-02-24 14:00:00.000000000,1645682400000000000,3507.0,3512.0,3460.0,3479.0,92160,380351,390729
2022-02-24 21:00:00.000000000,1645707600000000000,3552.0,3569.0,3501.0,3512.0,138698,390729,363201
2022-02-24 22:00:00.000000000,1645711200000000000,3512.0,3521.0,3417.0,3445.0,106148,363201,355848
2022-02-25 09:00:00.000000000,1645750800000000000,3360.0,3417.0,3343.0,3399.0,122367,355848,360975
2022-02-25 10:00:00.000000000,1645754400000000000,3399.0,3406.0,3389.0,3390.0,25851,360975,362240
2022-02-25 11:00:00.000000000,1645758000000000000,3390.0,3404.0,3387.0,3395.0,20455,362240,361730
2022-02-25 13:00:00.000000000,1645765200000000000,3376.0,3392.0,3362.0,3363.0,34111,361730,366549
2022-02-25 14:00:00.000000000,1645768800000000000,3363.0,3395.0,3347.0,3394.0,50448,366549,374137
2022-02-25 21:00:00.000000000,1645794000000000000,3335.0,3341.0,3233.0,3253.0,198374,374137,317121
2022-02-25 22:00:00.000000000,1645797600000000000,3253.0,3279.0,3237.0,3262.0,79734,317121,314177
2022-02-28 09:00:00.000000000,1646010000000000000,3412.0,3440.0,3343.0,3387.0,119886,314177,321868
2022-02-28 10:00:00.000000000,1646013600000000000,3387.0,3390.0,3368.0,3372.0,31750,321868,321967
2022-02-28 11:00:00.000000000,1646017200000000000,3372.0,3382.0,3366.0,3377.0,11963,321967,324239
2022-02-28 13:00:00.000000000,1646024400000000000,3386.0,3388.0,3370.0,3381.0,22176,324239,328931
2022-02-28 14:00:00.000000000,1646028000000000000,3381.0,3406.0,3381.0,3399.0,52081,328931,330159
2022-02-28 21:00:00.000000000,1646053200000000000,3335.0,3383.0,3330.0,3380.0,123207,330159,295848
2022-02-28 22:00:00.000000000,1646056800000000000,3380.0,3381.0,3356.0,3357.0,48001,295848,288080
2022-03-01 09:00:00.000000000,1646096400000000000,3388.0,3397.0,3372.0,3379.0,60749,288080,274747
2022-03-01 10:00:00.000000000,1646100000000000000,3379.0,3388.0,3374.0,3375.0,19820,274747,274257
2022-03-01 11:00:00.000000000,1646103600000000000,3375.0,3392.0,3370.0,3385.0,15846,274257,273821
2022-03-01 13:00:00.000000000,1646110800000000000,3390.0,3417.0,3387.0,3405.0,35076,273821,281049
2022-03-01 14:00:00.000000000,1646114400000000000,3405.0,3446.0,3404.0,3436.0,59510,281049,291557
2022-03-01 21:00:00.000000000,1646139600000000000,3522.0,3528.0,3457.0,3499.0,134973,291557,281687
2022-03-01 22:00:00.000000000,1646143200000000000,3499.0,3530.0,3492.0,3513.0,71879,281687,292482
2022-03-02 09:00:00.000000000,1646182800000000000,3600.0,3635.0,3555.0,3630.0,163508,292482,320114
2022-03-02 10:00:00.000000000,1646186400000000000,3630.0,3647.0,3607.0,3623.0,55325,320114,326136
2022-03-02 11:00:00.000000000,1646190000000000000,3623.0,3624.0,3579.0,3609.0,34721,326136,326199
2022-03-02 13:00:00.000000000,1646197200000000000,3589.0,3605.0,3572.0,3573.0,29778,326199,328989
2022-03-02 14:00:00.000000000,1646200800000000000,3573.0,3633.0,3555.0,3627.0,65601,328989,338204
2022-03-02 21:00:00.000000000,1646226000000000000,3626.0,3686.0,3606.0,3624.0,199000,338204,312405
2022-03-02 22:00:00.000000000,1646229600000000000,3624.0,3627.0,3590.0,3603.0,100996,312405,310514
2022-03-03 09:00:00.000000000,1646269200000000000,3680.0,3826.0,3664.0,3807.0,201207,310514,324333
2022-03-03 10:00:00.000000000,1646272800000000000,3807.0,3828.0,3764.0,3783.0,66596,324333,327617
2022-03-03 11:00:00.000000000,1646276400000000000,3783.0,3791.0,3763.0,3776.0,23081,327617,329288
2022-03-03 13:00:00.000000000,1646283600000000000,3796.0,3805.0,3780.0,3789.0,30588,329288,329225
2022-03-03 14:00:00.000000000,1646287200000000000,3789.0,3815.0,3785.0,3811.0,64539,329225,337234
2022-03-03 21:00:00.000000000,1646312400000000000,3844.0,3899.0,3714.0,3727.0,314363,337234,328869
2022-03-03 22:00:00.000000000,1646316000000000000,3727.0,3798.0,3726.0,3796.0,138458,328869,339496
2022-03-04 09:00:00.000000000,1646355600000000000,3847.0,3868.0,3743.0,3751.0,112167,339496,346674
2022-03-04 10:00:00.000000000,1646359200000000000,3751.0,3791.0,3751.0,3773.0,36414,346674,351924
2022-03-04 11:00:00.000000000,1646362800000000000,3773.0,3782.0,3755.0,3756.0,15890,351924,355611
2022-03-04 13:00:00.000000000,1646370000000000000,3760.0,3775.0,3728.0,3728.0,46573,355611,364005
2022-03-04 14:00:00.000000000,1646373600000000000,3728.0,3781.0,3728.0,3778.0,62675,364005,372083
2022-03-04 21:00:00.000000000,1646398800000000000,3830.0,3876.0,3806.0,3849.0,154938,372083,347827
2022-03-04 22:00:00.000000000,1646402400000000000,3849.0,3910.0,3843.0,3904.0,97565,347827,339840
2022-03-07 09:00:00.000000000,1646614800000000000,4093.0,4093.0,4093.0,4093.0,28351,339840,329305
2022-03-07 10:00:00.000000000,1646618400000000000,4093.0,4093.0,4093.0,4093.0,1725,329305,328062
2022-03-07 11:00:00.000000000,1646622000000000000,4093.0,4093.0,4093.0,4093.0,964,328062,327498
2022-03-07 13:00:00.000000000,1646629200000000000,4093.0,4093.0,4093.0,4093.0,541,327498,327134
2022-03-07 14:00:00.000000000,1646632800000000000,4093.0,4093.0,4093.0,4093.0,2367,327134,325197
2022-03-07 21:00:00.000000000,1646658000000000000,4092.0,4132.0,4010.0,4071.0,252690,325197,298826
2022-03-07 22:00:00.000000000,1646661600000000000,4071.0,4121.0,3985.0,4116.0,109039,298826,299967
2022-03-08 09:00:00.000000000,1646701200000000000,4194.0,4212.0,4103.0,4148.0,99827,299967,304496
2022-03-08 10:00:00.000000000,1646704800000000000,4148.0,4346.0,4147.0,4316.0,105473,304496,310387
2022-03-08 11:00:00.000000000,1646708400000000000,4316.0,4338.0,4270.0,4318.0,46868,310387,315780
2022-03-08 13:00:00.000000000,1646715600000000000,4312.0,4388.0,4306.0,4367.0,39637,315780,316847
2022-03-08 14:00:00.000000000,1646719200000000000,4367.0,4388.0,4343.0,4375.0,61458,316847,318551
2022-03-08 21:00:00.000000000,1646744400000000000,4337.0,4467.0,4296.0,4443.0,235542,318551,291991
2022-03-08 22:00:00.000000000,1646748000000000000,4443.0,4510.0,4392.0,4489.0,120553,291991,295225
2022-03-09 09:00:00.000000000,1646787600000000000,4460.0,4556.0,4403.0,4445.0,88663,295225,301272
2022-03-09 10:00:00.000000000,1646791200000000000,4445.0,4498.0,4443.0,4476.0,37146,301272,307418
2022-03-09 11:00:00.000000000,1646794800000000000,4476.0,4520.0,4465.0,4508.0,22201,307418,307585
2022-03-09 13:00:00.000000000,1646802000000000000,4495.0,4531.0,4467.0,4490.0,48847,307585,310880
2022-03-09 14:00:00.000000000,1646805600000000000,4490.0,4529.0,4479.0,4486.0,58302,310880,313048
2022-03-09 21:00:00.000000000,1646830800000000000,4253.0,4297.0,4106.0,4123.0,274521,313048,259188
2022-03-09 22:00:00.000000000,1646834400000000000,4123.0,4173.0,4074.0,4162.0,131485,259188,275044
2022-03-10 09:00:00.000000000,1646874000000000000,3870.0,3909.0,3859.0,3869.0,117424,275044,265197
2022-03-10 10:00:00.000000000,1646877600000000000,3869.0,3870.0,3859.0,3859.0,19436,265197,265390
2022-03-10 11:00:00.000000000,1646881200000000000,3859.0,3901.0,3859.0,3867.0,30804,265390,267921
2022-03-10 13:00:00.000000000,1646888400000000000,3900.0,3931.0,3860.0,3864.0,46408,267921,271874
2022-03-10 14:00:00.000000000,1646892000000000000,3864.0,3896.0,3863.0,3886.0,42272,271874,274455
2022-03-10 21:00:00.000000000,1646917200000000000,3972.0,4224.0,3968.0,4221.0,234070,274455,250161
2022-03-10 22:00:00.000000000,1646920800000000000,4221.0,4225.0,4085.0,4125.0,151579,250161,252816
2022-03-11 09:00:00.000000000,1646960400000000000,4018.0,4065.0,3891.0,3899.0,172835,252816,272057
2022-03-11 10:00:00.000000000,1646964000000000000,3899.0,3993.0,3848.0,3974.0,92128,272057,280895
2022-03-11 11:00:00.000000000,1646967600000000000,3974.0,3998.0,3928.0,3947.0,32465,280895,286150
2022-03-11 13:00:00.000000000,1646974800000000000,3956.0,4004.0,3926.0,3988.0,40564,286150,293117
2022-03-11 14:00:00.000000000,1646978400000000000,3988.0,4058.0,3966.0,4048.0,67169,293117,303085
2022-03-11 21:00:00.000000000,1647003600000000000,4022.0,4028.0,3914.0,3978.0,170918,303085,267193
2022-03-11 22:00:00.000000000,1647007200000000000,3978.0,4030.0,3957.0,3976.0,92429,267193,261516
2022-03-14 09:00:00.000000000,1647219600000000000,3933.0,3948.0,3880.0,3928.0,108172,261516,254177
2022-03-14 10:00:00.000000000,1647223200000000000,3928.0,3941.0,3904.0,3909.0,28624,254177,253789
2022-03-14 11:00:00.000000000,1647226800000000000,3909.0,3919.0,3873.0,3911.0,30745,253789,252126
2022-03-14 13:00:00.000000000,1647234000000000000,3926.0,3933.0,3895.0,3929.0,27241,252126,253465
2022-03-14 14:00:00.000000000,1647237600000000000,3929.0,3945.0,3909.0,3934.0,45184,253465,254636
2022-03-14 21:00:00.000000000,1647262800000000000,3888.0,3910.0,3780.0,3797.0,187735,254636,230516
2022-03-14 22:00:00.000000000,1647266400000000000,3797.0,3807.0,3736.0,3764.0,111961,230516,238381
2022-03-15 09:00:00.000000000,1647306000000000000,3743.0,3743.0,3516.0,3578.0,172609,238381,262658
2022-03-15 10:00:00.000000000,1647309600000000000,3578.0,3677.0,3555.0,3658.0,95007,262658,274245
2022-03-15 11:00:00.000000000,1647313200000000000,3658.0,3672.0,3631.0,3632.0,25657,274245,276064
2022-03-15 13:00:00.000000000,1647320400000000000,3606.0,3638.0,3582.0,3626.0,30749,276064,280099
2022-03-15 14:00:00.000000000,1647324000000000000,3626.0,3654.0,3593.0,3614.0,56853,280099,284896
2022-03-15 21:00:00.000000000,1647349200000000000,3585.0,3623.0,3536.0,3584.0,166834,284896,253237
2022-03-15 22:00:00.000000000,1647352800000000000,3584.0,3632.0,3552.0,3617.0,111994,253237,242402
2022-03-16 09:00:00.000000000,1647392400000000000,3643.0,3732.0,3635.0,3666.0,127198,242402,241656
2022-03-16 10:00:00.000000000,1647396000000000000,3666.0,3695.0,3656.0,3666.0,32191,241656,244606
2022-03-16 11:00:00.000000000,1647399600000000000,3666.0,3678.0,3630.0,3650.0,24087,244606,246078
2022-03-16 13:00:00.000000000,1647406800000000000,3639.0,3695.0,3637.0,3690.0,30213,246078,248876
2022-03-16 14:00:00.000000000,1647410400000000000,3690.0,3736.0,3688.0,3692.0,80399,248876,252003
2022-03-16 21:00:00.000000000,1647435600000000000,3678.0,3750.0,3641.0,3662.0,149869,252003,217257
2022-03-16 22:00:00.000000000,1647439200000000000,3662.0,3684.0,3542.0,3557.0,158863,217257,217572
2022-03-17 09:00:00.000000000,1647478800000000000,3558.0,3624.0,3552.0,3566.0,86769,217572,225233
2022-03-17 10:00:00.000000000,1647482400000000000,3566.0,3585.0,3564.0,3576.0,26250,225233,229900
2022-03-17 11:00:00.000000000,1647486000000000000,3576.0,3605.0,3574.0,3597.0,18665,229900,231580
2022-03-17 13:00:00.000000000,1647493200000000000,3605.0,3616.0,3592.0,3597.0,19693,231580,235242
2022-03-17 14:00:00.000000000,1647496800000000000,3597.0,3622.0,3586.0,3613.0,47570,235242,243674
2022-03-17 21:00:00.000000000,1647522000000000000,3730.0,3763.0,3694.0,3727.0,181652,243674,220933
2022-03-17 22:00:00.000000000,1647525600000000000,3727.0,3740.0,3713.0,3731.0,73014,220933,215658
2022-03-18 09:00:00.000000000,1647565200000000000,3771.0,3844.0,3753.0,3819.0,101979,215658,223524
2022-03-18 10:00:00.000000000,1647568800000000000,3819.0,3833.0,3788.0,3816.0,43901,223524,229287
2022-03-18 11:00:00.000000000,1647572400000000000,3816.0,3829.0,3811.0,3826.0,16498,229287,231098
2022-03-18 13:00:00.000000000,1647579600000000000,3815.0,3822.0,3792.0,3806.0,25920,231098,234781
2022-03-18 14:00:00.000000000,1647583200000000000,3806.0,3836.0,3805.0,3831.0,49989,234781,242974
2022-03-18 21:00:00.000000000,1647608400000000000,3733.0,3749.0,3672.0,3702.0,172736,242974,213510
2022-03-18 22:00:00.000000000,1647612000000000000,3702.0,3746.0,3701.0,3745.0,55509,213510,211316
2022-03-21 09:00:00.000000000,1647824400000000000,3848.0,3874.0,3827.0,3847.0,94734,211316,217391
2022-03-21 10:00:00.000000000,1647828000000000000,3847.0,3860.0,3835.0,3858.0,25031,217391,221847
2022-03-21 11:00:00.000000000,1647831600000000000,3858.0,3865.0,3835.0,3836.0,14371,221847,223475
2022-03-21 13:00:00.000000000,1647838800000000000,3841.0,3858.0,3836.0,3845.0,15927,223475,226573
2022-03-21 14:00:00.000000000,1647842400000000000,3845.0,3855.0,3815.0,3818.0,40928,226573,230711
2022-03-21 21:00:00.000000000,1647867600000000000,3860.0,3940.0,3858.0,3929.0,134360,230711,216122
2022-03-21 22:00:00.000000000,1647871200000000000,3929.0,3975.0,3929.0,3969.0,80034,216122,220572
2022-03-22 09:00:00.000000000,1647910800000000000,4062.0,4138.0,4027.0,4120.0,119280,220572,233390
2022-03-22 10:00:00.000000000,1647914400000000000,4120.0,4123.0,4082.0,4095.0,34980,233390,237249
2022-03-22 11:00:00.000000000,1647918000000000000,4095.0,4110.0,4079.0,4092.0,21580,237249,239536
2022-03-22 13:00:00.000000000,1647925200000000000,4105.0,4122.0,4099.0,4110.0,27073,239536,245663
2022-03-22 14:00:00.000000000,1647928800000000000,4110.0,4116.0,4057.0,4059.0,61461,245663,252085
2022-03-22 21:00:00.000000000,1647954000000000000,4030.0,4059.0,3957.0,3979.0,176513,252085,219017
2022-03-22 22:00:00.000000000,1647957600000000000,3979.0,4004.0,3952.0,3996.0,76090,219017,210446
2022-03-23 09:00:00.000000000,1647997200000000000,3995.0,4090.0,3981.0,4086.0,101105,210446,222561
2022-03-23 10:00:00.000000000,1648000800000000000,4086.0,4128.0,4077.0,4121.0,50425,222561,235258
2022-03-23 11:00:00.000000000,1648004400000000000,4121.0,4156.0,4117.0,4136.0,42817,235258,243408
2022-03-23 13:00:00.000000000,1648011600000000000,4125.0,4138.0,4095.0,4105.0,41813,243408,249111
2022-03-23 14:00:00.000000000,1648015200000000000,4105.0,4111.0,4052.0,4076.0,87256,249111,259510
2022-03-23 21:00:00.000000000,1648040400000000000,4220.0,4288.0,4216.0,4251.0,166870,259510,232686
2022-03-23 22:00:00.000000000,1648044000000000000,4251.0,4328.0,4242.0,4321.0,101315,232686,234120
2022-03-24 09:00:00.000000000,1648083600000000000,4366.0,4394.0,4325.0,4341.0,94185,234120,241006
2022-03-24 10:00:00.000000000,1648087200000000000,4341.0,4347.0,4240.0,4242.0,64346,241006,245757
2022-03-24 11:00:00.000000000,1648090800000000000,4242.0,4283.0,4230.0,4269.0,42252,245757,253225
2022-03-24 13:00:00.000000000,1648098000000000000,4262.0,4312.0,4253.0,4289.0,37641,253225,258904
2022-03-24 14:00:00.000000000,1648101600000000000,4289.0,4307.0,4205.0,4215.0,82265,258904,269354
2022-03-24 21:00:00.000000000,1648126800000000000,4269.0,4334.0,4228.0,4255.0,172999,269354,235816
2022-03-24 22:00:00.000000000,1648130400000000000,4255.0,4312.0,4195.0,4286.0,141275,235816,231244
2022-03-25 09:00:00.000000000,1648170000000000000,4203.0,4262.0,4170.0,4255.0,92743,231244,236735
2022-03-25 10:00:00.000000000,1648173600000000000,4255.0,4285.0,4235.0,4251.0,43471,236735,242969
2022-03-25 11:00:00.000000000,1648177200000000000,4251.0,4289.0,4244.0,4272.0,26218,242969,249010
2022-03-25 13:00:00.000000000,1648184400000000000,4257.0,4267.0,4216.0,4261.0,35316,249010,254252
2022-03-25 14:00:00.000000000,1648188000000000000,4261.0,4278.0,4236.0,4261.0,43872,254252,259400
2022-03-25 21:00:00.000000000,1648213200000000000,4153.0,4220.0,4146.0,4186.0,149953,259400,224482
2022-03-25 22:00:00.000000000,1648216800000000000,4186.0,4224.0,4174.0,4212.0,68002,224482,217538
2022-03-28 09:00:00.000000000,1648429200000000000,4170.0,4210.0,4126.0,4208.0,96982,217538,219081
2022-03-28 10:00:00.000000000,1648432800000000000,4208.0,4242.0,4197.0,4237.0,43907,219081,221650
2022-03-28 11:00:00.000000000,1648436400000000000,4237.0,4244.0,4206.0,4213.0,16421,221650,223064
2022-03-28 13:00:00.000000000,1648443600000000000,4206.0,4206.0,4148.0,4177.0,41718,223064,227140
2022-03-28 14:00:00.000000000,1648447200000000000,4177.0,4182.0,4123.0,4147.0,64789,227140,242922
2022-03-28 21:00:00.000000000,1648472400000000000,4111.0,4115.0,4011.0,4022.0,166845,242922,207939
2022-03-28 22:00:00.000000000,1648476000000000000,4022.0,4062.0,4006.0,4006.0,84956,207939,202249
2022-03-29 09:00:00.000000000,1648515600000000000,4000.0,4044.0,3987.0,4023.0,74747,202249,200761
2022-03-29 10:00:00.000000000,1648519200000000000,4023.0,4031.0,4002.0,4023.0,28592,200761,202553
2022-03-29 11:00:00.000000000,1648522800000000000,4023.0,4036.0,4009.0,4020.0,18550,202553,200761
2022-03-29 13:00:00.000000000,1648530000000000000,4016.0,4068.0,4013.0,4056.0,34641,200761,200683
2022-03-29 14:00:00.000000000,1648533600000000000,4056.0,4058.0,4017.0,4030.0,42569,200683,204213
2022-03-29 21:00:00.000000000,1648558800000000000,3789.0,3835.0,3750.0,3824.0,190164,204213,175586
2022-03-29 22:00:00.000000000,1648562400000000000,3824.0,3893.0,3804.0,3866.0,78270,175586,173327
2022-03-30 09:00:00.000000000,1648602000000000000,3966.0,3994.0,3920.0,3946.0,81886,173327,178072
2022-03-30 10:00:00.000000000,1648605600000000000,3946.0,3965.0,3924.0,3953.0,26544,178072,178905
2022-03-30 11:00:00.000000000,1648609200000000000,3953.0,3970.0,3950.0,3956.0,15125,178905,180909
2022-03-30 13:00:00.000000000,1648616400000000000,3954.0,3989.0,3947.0,3986.0,18308,180909,183397
2022-03-30 14:00:00.000000000,1648620000000000000,3986.0,4047.0,3976.0,4044.0,59334,183397,192371
2022-03-30 21:00:00.000000000,1648645200000000000,4069.0,4125.0,4057.0,4106.0,124857,192371,165853
2022-03-30 22:00:00.000000000,1648648800000000000,4106.0,4110.0,4081.0,4096.0,44252,165853,157881
2022-03-31 09:00:00.000000000,1648688400000000000,3944.0,3991.0,3925.0,3968.0,96258,157881,142378
2022-03-31 10:00:00.000000000,1648692000000000000,3968.0,3970.0,3894.0,3896.0,35900,142378,139909
2022-03-31 11:00:00.000000000,1648695600000000000,3896.0,3932.0,3892.0,3926.0,22119,139909,140707
2022-03-31 13:00:00.000000000,1648702800000000000,3897.0,3949.0,3892.0,3937.0,27621,140707,143210
2022-03-31 14:00:00.000000000,1648706400000000000,3937.0,3982.0,3925.0,3967.0,36094,143210,143179
2022-03-31 21:00:00.000000000,1648731600000000000,3752.0,3898.0,3744.0,3882.0,169273,143179,167682
2022-03-31 22:00:00.000000000,1648735200000000000,3882.0,3882.0,3804.0,3824.0,115849,167682,168213
2022-04-01 09:00:00.000000000,1648774800000000000,3746.0,3804.0,3721.0,3778.0,133527,168213,171149
2022-04-01 10:00:00.000000000,1648778400000000000,3778.0,3786.0,3753.0,3758.0,47360,171149,171123
2022-04-01 11:00:00.000000000,1648782000000000000,3758.0,3766.0,3749.0,3756.0,21879,171123,171542
2022-04-01 13:00:00.000000000,1648789200000000000,3753.0,3759.0,3713.0,3716.0,43549,171542,172902
2022-04-01 14:00:00.000000000,1648792800000000000,3716.0,3753.0,3714.0,3734.0,64056,172902,169237
